Img_029_0000.jpg,http://img.dongwonmall.com/dwmall/static_root/product_img/main/0005139/000513997_1_ev2.jpg
Img_029_0001.jpeg,http://park.org/Cdrom/Pavilions/Kimchi/002.jpeg
Img_029_0002.jpg,http://www.menupan.com/cook/cookimg/013400.jpg
Img_029_0003.JPG,http://postfiles10.naver.net/MjAxNjExMDRfMjEz/MDAxNDc4MTg2ODE5Mjgz.q0__FmWQlrlgFIvgdl8r_CcThrK9sYxCM9G6yfMlmM0g.XvuAU8-GS9MwbpwuEWxLYXqtSdY9mU9kxNzAvkAwzQsg.JPEG.sairapina63/020.JPG?type=w2
Img_029_0004.jpg,http://postfiles1.naver.net/20111025_192/blogboda_1319510865894e2drg_JPEG/0_1287.jpg?type=w1
Img_029_0005.jpg,http://postfiles2.naver.net/20111025_49/blogboda_1319510864832C1Qwt_JPEG/0_1479.jpg?type=w1
Img_029_0006.jpg,http://www.dogdrip.net/files/attach/images/18564339/217/546/060/0a6a81127b64750220a28e147c722312.jpg
Img_029_0008.jpg,http://image.auction.co.kr/itemimage/10/37/c3/1037c3e5e5.jpg
Img_029_0009.jpg,http://image.auction.co.kr/itemimage/10/51/43/105143a843.jpg
Img_029_0010.jpg,http://cfile229.uf.daum.net/image/110C41514D815A813500D3
Img_029_0011.jpg,http://cfile225.uf.daum.net/image/112A71495016B0AD0524D5
Img_029_0012.jpg,http://postfiles6.naver.net/20120306_85/nightsho_13310009748160cceP_JPEG/12.jpg?type=w1
Img_029_0013.jpg,http://cfile208.uf.daum.net/image/12251A0B4A042F5AB10D12
Img_029_0014.jpg,http://cfile206.uf.daum.net/image/12487A224B1444442BF0E9
Img_029_0015.gif,http://www.ysgs.kr/files/goods/12_1.gif
Img_029_0016.jpg,http://cfile226.uf.daum.net/image/134FA6354EB5451D27DE27
Img_029_0017.jpg,http://cfile1.uf.tistory.com/image/1362A9434EBE66700D70FA
Img_029_0018.jpg,http://cfile232.uf.daum.net/image/144B7D044CC55051956261
Img_029_0019.jpg,http://cfile210.uf.daum.net/image/146D904F4E855AFA05CA83
Img_029_0020.jpg,http://cfile8.uf.tistory.com/image/147CEE114CC7C5D21C0313
Img_029_0021.jpg,http://cfile213.uf.daum.net/C200x180/15511A434DAFD28E382827
Img_029_0023.jpg,http://cfile10.uf.tistory.com/image/15662E104CC7C2379E57CE
Img_029_0024.gif,http://ysgs.kr/files/goods/15_1.gif
Img_029_0025.jpg,http://cfile239.uf.daum.net/image/16251A0B4A042F5BB43AE0
Img_029_0027.gif,http://www.ysgs.kr/files/goods/18_1.gif
Img_029_0028.jpg,http://cfile222.uf.daum.net/image/196CEF174CB3085B81C13A
Img_029_0029.jpg,http://cphoto.asiae.co.kr/listimglink/6/2015122313592488538_1.jpg
Img_029_0030.jpg,http://cfile10.uf.tistory.com/image/2231E04D548CEC82100A3A
Img_029_0035.jpg,http://isckimchi.com/web/product/big/201510/38_shop1_170418.jpg
Img_029_0036.jpg,http://isckimchi.com/web/product/extra/small/201510/38_shop1_538745.jpg
Img_029_0037.jpg,http://magazine.hankyung.com/magazinedata/images/photo/201308/3afb68ff59560685e5c1ffdbcf75cbe0.jpg
Img_029_0038.jpg,http://bcstory.cafe24.com/web/product/big/201506/41_shop1_243318.jpg
Img_029_0039.jpg,http://img.ezmember.co.kr/cache/board/2014/12/24/458abe544e535cf4f84751d2ddfee96d.jpg
Img_029_0040.jpg,http://img.ezmember.co.kr/cache/board/2014/12/24/46b1b59daf7215d27d969a21f6647395.jpg
Img_029_0041.jpg,http://cfs2.blog.daum.net/image/2/blog/2007/08/31/14/43/46d7aa6eef10a
Img_029_0042.jpg,http://recipe.ezmember.co.kr/cache/recipe/2015/08/18/4873e643c9f9350f4a7e0b1426f042701.jpg
Img_029_0043.jpg,http://cfs11.blog.daum.net/image/22/blog/2008/10/11/19/29/48f0801199d38
Img_029_0046.jpg,http://img.ezmember.co.kr/cache/board/2011/10/10/506fc97b71a2121b561bd04624982693.jpg
Img_029_0047.jpg,http://image.auction.co.kr/itemimage/54/d6/92/54d692b53.jpg
Img_029_0048.jpg,http://www.enongchon.com/data/goods/201605/583_11180342view.jpg
Img_029_0049.jpg,http://img1.ezday.co.kr/cache/board/2011/05/07/58460d2ebd5098e80248966137f414e6.jpg
Img_029_0050.jpg,http://jukposikdang.kr/note/data/tntshop1/img_tiny/1/65_gs_img_so.jpg
Img_029_0051.jpg,http://image.auction.co.kr/itemimage/7c/d5/a5/7cd5a5843.jpg
Img_029_0052.jpg,http://image.auction.co.kr/itemimage/80/28/a4/8028a4833.jpg
Img_029_0053.jpg,http://img.ezmember.co.kr/cache/board/2014/12/24/8c521223078096f5839a3d8f9c2c687e.jpg
Img_029_0054.jpg,http://park.url.ph/xe/files/attach/images/133/365/001/9f259acd5fce3924d4873d17f625e2da.jpg
Img_029_0055.JPG,http://postfiles16.naver.net/20151130_127/lhjing7_1448852730485ewWCU_JPEG/DSC_0055.JPG?type=w1
Img_029_0056.jpg,http://i1.wp.com/phoebescafe.com/wp-content/uploads/2015/08/DSC_6655.jpg?resize=467%2C700
Img_029_0057.JPG,http://postfiles15.naver.net/20161002_270/bdan9333_1475396983125G1Dvt_JPEG/IMG_3471.JPG?type=w2
Img_029_0058.JPG,http://blogthumb2.naver.net/20161002_218/bdan9333_1475396985780ehx5o_JPEG/IMG_3479.JPG?type=w2
Img_029_0060.JPG,http://postfiles6.naver.net/20141126_85/cmjpss4048_14169986304840brNL_JPEG/IMG_7271.JPG?type=w1
Img_029_0061.JPG,http://postfiles12.naver.net/20141126_43/cmjpss4048_1416998627048eEaEU_JPEG/IMG_7275.JPG?type=w1
Img_029_0062.JPG,http://blogfiles.naver.net/20141126_191/cmjpss4048_1416998633080Fr3ek_JPEG/IMG_7278.JPG
Img_029_0064.PNG,http://babytree.hani.co.kr/files/attach/images/945/332/276/P20141122_070001000_2505A927-65C6-4A7E-A99B-27ED9F1CD5B1.PNG
Img_029_0065.jpg,http://krcdn.ar-cdn.com/recipes/xlarge/aa3dec96-965c-4611-bbf7-5ddd383ee2df.jpg
Img_029_0066.jpg,http://recipe.ezmember.co.kr/cache/recipe/2015/05/08/acd570f5ffafbd3d6976cf205246e61d1.jpg
Img_029_0067.jpg,http://recipe.ezmember.co.kr/cache/recipe/2015/06/08/b4c52fc0e40068e8132c9f72361d3619_m.jpg
Img_029_0070.jpg,http://image.auction.co.kr/itemimage/c9/65/16/c96516583.jpg
Img_029_0071.jpg,http://image.auction.co.kr/itemimage/ce/d7/2d/ced72d395.jpg
Img_029_0072.jpg,http://img.ezmember.co.kr/cache/board/2014/12/24/d21443016131cccd1eb13de03ba2cc18.jpg
Img_029_0073.jpg,http://recipe.ezmember.co.kr/cache/recipe/2015/08/28/c21a3ec66e25f4ad4ce152c4b15489751.jpg
Img_029_0074.jpg,http://recipe.ezmember.co.kr/cache/recipe/2015/08/28/d9584ff9db0315e7381335699f59e781_m.jpg
Img_029_0075.jpg,http://image.auction.co.kr/itemimage/da/0f/98/da0f98eb3.jpg
Img_029_0076.jpg,http://image.auction.co.kr/itemimage/da/91/e8/da91e88a3.jpg
Img_029_0077.jpg,http://img.ezmember.co.kr/cache/board/2014/12/24/e3f880e176f7f30de73d176d79fad475.jpg
Img_029_0078.jpg,http://image.auction.co.kr/itemimage/e6/f3/7d/e6f37d6d6.jpg
Img_029_0079.jpg,http://image.auction.co.kr/itemimage/e9/8c/b9/e98cb9833.jpg
Img_029_0080.jpg,http://image.auction.co.kr/itemimage/AllKill/eb/d3/1f/ebd31fa52.jpg
Img_029_0082.jpg,http://image.auction.co.kr/itemimage/ed/03/62/ed0362f43.jpg
Img_029_0083.jpg,http://image.auction.co.kr/itemimage/ed/9e/e6/ed9ee6993.jpg
Img_029_0085.jpg,http://recipe.ezmember.co.kr/cache/recipe/2015/08/28/ffe07350deb666dbb11469b41c0d6be41.jpg
Img_029_0086.jpg,http://postfiles12.naver.net/20141126_43/cmjpss4048_1416998627048eEaEU_JPEG/IMG_7275.JPG?type=w1
Img_029_0087.jpg,http://www.jnalrigo.com/data/item/1459390299/thumb-002_7Yah7IY64qU6rCT6rmA7LmY_7IOB64uo7YOA7J207YuA_001_750x390.jpg
Img_029_0088.jpg,http://park.url.ph/xe/files/attach/images/133/365/001/9f259acd5fce3924d4873d17f625e2da.jpg
Img_029_0089.jpg,http://i1.wp.com/phoebescafe.com/wp-content/uploads/2015/08/DSC_6658.jpg?resize=481%2C720
Img_029_0090.jpg,http://www.organicbigmart.com/shopimages/encore52/0190000000222.jpg
Img_029_0091.jpg,http://thumbnail.egloos.net/620x0/http://pds19.egloos.com/pds/201012/21/13/a0100413_4d0fbe3f7cb20.jpg
Img_029_0092.jpg,http://magazine.hankyung.com/magazinedata/images/photo/201308/3afb68ff59560685e5c1ffdbcf75cbe0.jpg
Img_029_0093.jpg,http://gdimg.gmarket.co.kr/goods_image2/shop_img/340/839/340839538.jpg
Img_029_0094.jpg,http://mblogthumb3.phinf.naver.net/MjAxNzA0MTRfNjEg/MDAxNDkyMTQ0MDk2NDM1.X9aphPvWH1lIowR45FTM4rm8TU0CpnqbgpUhfmUsrgMg.G90SPDgTsSOkdXHtO13LQzCvRViJR-IS4lTvA4QvD8gg.JPEG.origan75/IMG_9993.jpg?type=w800
Img_029_0095.jpg,http://postfiles8.naver.net/MjAxNzA0MTFfMTE3/MDAxNDkxODM2NjMzMDg2.MobTTv-mC24Zrp5nlcbBxp4zwU1e8c2DMjQhDU-kVDYg.qF8HVINR2BJ-9RquC9avGB4cjYvyQFT4fW8snxcRmKMg.JPEG.hhj8643/image_6399111941491836424447.jpg?type=w773
Img_029_0096.jpg,http://img.dongwonmall.com/dwmall/static_root/product_img/main/0007170/000717065_1_b.jpg
Img_029_0098.jpg,http://yswellbeingfood.com/wp-content/uploads/2017/04/%EA%B0%93%EA%B9%80%EC%B9%98-3.jpg
Img_029_0099.jpg,http://www.jnalrigo.com/data/item/1459390299/thumb-002_7Yah7IY64qU6rCT6rmA7LmY_7IOB64uo7YOA7J207YuA_002_750x390.jpg
Img_029_0100.jpg,http://postfiles7.naver.net/20160606_230/foryouwi_1465222159762q52cL_JPEG/IMG_9206.JPG?type=w966
Img_029_0102.jpg,http://8kimchi.co.kr/web/product/big/201611/44_shop1_567189.jpg
Img_029_0103.jpg,http://mblogthumb2.phinf.naver.net/MjAxNzA1MDZfMjIg/MDAxNDk0MDQ1MTAwMjQ2.xuKIE_N_jk6Wex8OczMMeLGigQOxi7snt8rB2hpxsPYg.VkZO2zi_91mW4bmtQhQjtDYgXx-5-xtXjV9JBUvW7tEg.JPEG.cdory/%EA%B0%93%EA%B9%80%EC%B9%98%EB%8B%B4%EA%B7%B8%EB%8A%94%EB%B2%95_%EB%B9%A8%EB%A6%AC_%EC%8A%A4%ED%94%BC%EB%93%9C_%ED%95%98%EA%B2%8C13.jpg?type=w800
Img_029_0105.jpg,http://mblogthumb3.phinf.naver.net/MjAxNjEyMzBfMTU4/MDAxNDgzMTAxODEyNzk0.kvHUhs89xVGXnBZRtbJGEHBWmequKNDslbD43mEu-aIg.Ppi5p2xXpH9WxY7CEQHOF8Qtsonc9QjOoVzeieFkiZMg.JPEG.ykk0803/%EA%B0%93%EA%B9%80%EC%B9%98.jpg?type=w800
Img_029_0106.jpg,http://mblogthumb3.phinf.naver.net/MjAxNzAzMDVfMTkw/MDAxNDg4NzEzNjg0NzM1.bJK2ade107tDZSM7gKA2e6EiDYWd3TVY-hY_FPQg65Ug.z0Pv8vvyFXGNJjz6OaqMNQDXpiEKzRG8pFBBuO2yjDUg.JPEG.pyoun0181/%EA%B0%93%EA%B9%80%EC%B9%98%EB%90%9C%EC%9E%A5%EC%A7%80%EC%A7%90DSC00315-014.jpg?type=w800
Img_029_0109.jpg,http://postfiles16.naver.net/20160414_207/siroiyuhki_1460571902809BLgzW_JPEG/%C8%C4%B1%E2_123.JPG?type=w966
Img_029_0112.jpg,http://cfile208.uf.daum.net/image/12251A0B4A042F5AB10D12
Img_029_0113.jpg,http://www.saerounkimchi.co.kr/shopimages/saedongne/012001000001.jpg?1461212773
Img_029_0114.jpg,http://cfile23.uf.tistory.com/image/236A4A3458665745329A4E
Img_029_0115.jpg,http://postfiles1.naver.net/MjAxNzAzMTNfNDgg/MDAxNDg5NDA3MzQ1Mjgw.-M-DlqQ2pwzSUx3dZsQ34Qr0hitoeQWzdLUA9Xzu9KEg.7afgPgfOy7meW6KMv1dvUK5nFn5UVmGaz_LGHB7xlTgg.JPEG.05103052/%EA%B9%80%EC%B9%98%EB%B3%B4%EA%B0%90_%EA%B5%AD%EC%82%B0%EA%B9%80%EC%B9%98__%282%29.JPG?type=w966
Img_029_0116.jpg,http://mblogthumb4.phinf.naver.net/MjAxNjExMDNfMjA0/MDAxNDc4MTQzNDg4MjA1.i-MWGuk4OlZ3SJbc7GGydtaGmRVAMUou_m661DRef54g.SeoCy89Ky5IsllTRd7T7ouwJIw9aDY0lO_9MdJRzvSkg.JPEG.lovelyhoya07/%EA%B0%93%EA%B9%80%EC%B9%98_%EB%A7%9B%EC%9E%88%EA%B2%8C%EB%A8%B9%EA%B8%B0_%EB%B0%A5%EB%8F%84%EB%91%91%EC%9D%B4%EC%95%BC5.JPG?type=w800
Img_029_0121.jpg,http://www.luchiafood.com/web/product/big/luchiafood_38.jpg
Img_029_0122.jpg,http://cfile3.uf.tistory.com/image/230A7E3354E48B6D348BB1
Img_029_0124.jpg,http://cfile25.uf.tistory.com/image/23398D4E563140C72B3690
Img_029_0125.jpg,http://www.smlounge.co.kr/old_data/mlounge/contents/data/article/138070517796152.jpg
Img_029_0127.jpg,http://mblogthumb2.phinf.naver.net/MjAxNzAxMTBfMjI3/MDAxNDgzOTkzOTA4Mjc2.ShQROcBiWT2Aew3If-5bcvMZE1Dj77x-J6SO3gwsJeog.vl7oPBFAwDRDmO871xqPLGY4rgIDuaqlziORjsBGiasg.JPEG.achjin/DSC05246.JPG?type=w2
Img_029_0133.jpg,http://blogthumb2.naver.net/20160717_37/ardour_1468747413549O8EK6_JPEG/0-11q.jpg?type=w2
Img_029_0134.jpg,http://postfiles13.naver.net/20160304_284/psh101013_1457082096963EHxix_JPEG/DSC03671_edit.JPG?type=w966
Img_029_0137.jpg,http://img.dongwonmall.com/dwmall/static_root/product_img/main/0006623/000662301_1_b.jpg
Img_029_0140.jpg,http://www.soonee.kr/data/item/1396588715/thumb-thumbe_PH3A5504_570x380_570x380.jpg
Img_029_0141.jpg,http://image.wemakeprice.com/dealimg/201404/235598/60f758698d4d6a83da03f0bca48594f3903f44b2.jpg
Img_029_0142.jpg,http://haemaru1004.com/data/goods/0/15/img_t.view.jpg
Img_029_0143.jpg,http://postfiles10.naver.net/20160428_57/andysinb0330_14618546896089fNCd_JPEG/IMG_3419.JPG?type=w773
Img_029_0144.jpg,http://happyee.co.kr/data/item/1385625921_m
Img_029_0145.jpg,http://park.org/Cdrom/Pavilions/Kimchi/002.jpeg
Img_029_0146.jpg,http://postfiles15.naver.net/20161002_270/bdan9333_1475396983125G1Dvt_JPEG/IMG_3471.JPG?type=w2
Img_029_0149.jpg,http://thekimchi.co.kr/file_data/thekimchi01/2016/04/12/4717dcbc96b7184b6d4273af34590cd7.
Img_029_0150.jpg,http://mysofood.com/web/product/medium/201611/50_shop1_235374.jpg
Img_029_0152.jpg,http://oksun.co.kr/web/product/medium/201708/45_shop1_198025.jpg
Img_029_0154.jpg,http://mblogthumb2.phinf.naver.net/20160511_281/harunacook_1462972394827YQxTR_JPEG/023.JPG?type=w800
Img_029_0155.jpg,http://cfile221.uf.daum.net/image/1539C240509F2928034375
Img_029_0157.jpg,http://post.phinf.naver.net/MjAxNzA0MDRfMTg0/MDAxNDkxMjM2MTQ4NjY5.xhasCLPkr-hOe5toNjye4xqgQyldEnna9rwBfG-BaSIg.eG34upTUmmIoASknNO_PJSYUKUNGrDOHhzOG0shtqY0g.JPEG/%EC%97%AC%EC%88%98%EA%B0%93%EA%B9%80%EC%B9%98.jpg?type=w1200
Img_029_0160.jpg,http://mblogthumb1.phinf.naver.net/MjAxNjEyMjlfMyAg/MDAxNDgzMDAyMTY0NjI1.PBfFfZwef6sS4WzyZ_ace3Y3hBL0k7Di9M41vwgdrz8g.y9n_7nAyrD5QxXeQL7TZsk47-fAjChKJQbL47a30XTMg.JPEG.acura06/%EB%B0%A5%EB%8F%84%EB%91%91_%EA%B0%93%EA%B9%80%EC%B9%98.jpg?type=w800
Img_029_0161.jpg,http://www.sekwangfood.com/cgi/upload/product/20161024103841_s.jpg
Img_029_0166.jpg,http://post.phinf.naver.net/MjAxNzAzMDVfODYg/MDAxNDg4NzE1ODY5NDUw.MRjBl_-6HrwwyOv5WgCmUkM12biY-OCoRzeD0LM7YFEg.2rBkTBqmjJvac7zNm7ikz0jAGNd0HCDP6Ew_zvIYnt0g.JPEG/%EA%B0%93%EA%B9%80%EC%B9%98%EB%90%9C%EC%9E%A5%EC%A7%80%EC%A7%90DSC00305-011.jpg?type=w1200
Img_029_0167.jpg,http://mblogthumb4.phinf.naver.net/MjAxNjExMTJfMTkg/MDAxNDc4OTQ4MTUyODM0.Z6mKhJs6ywjhDkh3o7Hdn7nZOGhzVHe_4ZhMj2rfsJEg.iG4c6ei7fVxJsJAmrWvwYBdQEQTkDJfZltEZ-OghOLkg.JPEG.topns1234/%EA%B0%93%EA%B9%80%EC%B9%98_%2811%29.JPG?type=w800
Img_029_0168.jpg,http://mblogthumb3.phinf.naver.net/MjAxNzA3MjBfMTc2/MDAxNTAwNDkyMzQwMTcw.dAOrlHk63z7W7QXScAMZRP0bNn5DIOqP2GEXtRYhcKkg.E6b-VT9OJ5A2usmYFRzl8P4gaw4bFL8CFnyL7zwTi68g.JPEG.warmin4/%EA%B0%93%EA%B9%80%EC%B9%98_%282%29.JPG?type=w800
Img_029_0169.jpg,http://ysgs.kr/files/goods/3_1.gif
Img_029_0171.jpg,http://0808.or.kr/data/editor/1703/aa880df5f96fad4924e7c14160d03a3a_1488339426_72.JPG
Img_029_0172.jpg,http://www.tourtalker.co.kr/talkerspace/upload/htmledit/201005/%EA%B0%93%EA%B9%80%EC%B9%98.jpg
Img_029_0174.jpg,http://cfile29.uf.tistory.com/image/244B423658B30326163922
Img_029_0179.jpg,http://recipe.ezmember.co.kr/cache/recipe/2016/12/02/607bd9bc6337a4c8f52f0347ab84bd361.jpg
Img_029_0181.jpg,http://gdimg.gmarket.co.kr/goods_image2/middle_jpgimg/874/751/874751738.jpg
Img_029_0182.jpg,http://www.jnalrigo.com/items/1459390299/002_detail_top.jpg
Img_029_0185.jpg,http://mblogthumb1.phinf.naver.net/20160608_108/zssssssss_1465364451143mMNFd_JPEG/IMG_4143.JPG?type=w800
Img_029_0186.jpg,http://image.auction.co.kr/itemimage/10/d8/6a/10d86ae663.jpg
Img_029_0188.jpg,http://cfs16.tistory.com/image/7/tistory/2010/10/27/07/16/4cc75329a0a4d
Img_029_0189.jpg,http://hanafood.kr/web/product/big/201508/24_shop1_552340.jpg
Img_029_0191.jpg,http://cfs4.blog.daum.net/upload_control/download.blog?fhandle=MDhpVERAZnM0LmJsb2cuZGF1bS5uZXQ6L0lNQUdFLzAvODIuanBnLnRodW1i&amp;filename=82.jpg
Img_029_0192.jpg,http://farmusmarket.com/web/product/big/201612/140_shop1_780992.jpg
Img_029_0193.jpg,http://image.lottemart.com/lim/static_root/images/prodimg/L0000/L000000552541_1_640.jpg
Img_029_0194.jpg,http://cfile230.uf.daum.net/image/1407DA45502B9F3913AAF4
Img_029_0195.jpg,http://image.auction.co.kr/itemimage/10/d6/ed/10d6ed9b83.jpg
Img_029_0196.jpg,http://postfiles9.naver.net/20160113_280/motoong2z_1452687312119EqsyS_JPEG/IMG_1389.JPG?type=w966
Img_029_0198.jpg,http://gdimg.gmarket.co.kr/goods_image2/shop_img/616/133/616133340.jpg
Img_029_0200.jpg,http://cphoto.asiae.co.kr/listimglink/6/200905211237016307280A_4.jpg
Img_029_0201.jpg,http://mblogthumb4.phinf.naver.net/MjAxNzAzMTVfNDQg/MDAxNDg5NTcxODU0NTQy.LB1ryv2Njc8scoJJFPbpbV5YMrdSEVmcNLGnOGVZNakg.3a5m0tJt_QAMgvOT5jYgQwQL-CGo4CXze4GNW7u_uqIg.JPEG.iam2320/14.JPG?type=w2
Img_029_0203.jpg,http://www.halmaeson.com/shop/data/goods/1421310570844m0.jpg
Img_029_0204.jpg,http://thum.buzzni.com/unsafe/640x640/http://image2.lotteimall.com/goods/32/60/47/12476032_L.jpg
Img_029_0205.jpg,http://recipe.ezmember.co.kr/cache/recipe/2015/08/18/aa55ee14d7e8d5213c7b153ef95c42c81.jpg
Img_029_0207.jpg,http://mblogthumb1.phinf.naver.net/20160416_288/tearshje_1460777086260z01JU_JPEG/DSC07278.JPG?type=w800
Img_029_0211.jpg,http://cfile219.uf.daum.net/image/2606304051D2D00B29D4F6
Img_029_0213.jpg,http://recipe.ezmember.co.kr/cache/recipe/2017/03/24/94d44a6373ec48d340f240fc76c4733c1.jpg
Img_029_0215.jpg,https://scontent-yyz1-1.cdninstagram.com/t51.2885-15/e35/17819102_443148016031743_2996070809463685120_n.jpg
Img_029_0216.jpg,http://cfile208.uf.daum.net/R400x0/22446C44547D4ECD367BBA
Img_029_0218.jpg,http://gtogshop.cafe24.com/web/product/big/201612/%EA%B0%93%EA%B9%80%EC%B9%98.jpg
Img_029_0220.jpg,http://postfiles16.naver.net/20130423_95/sajahome_1366692539738juA0P_JPEG/20130330_%C0%DA%B0%AD%B0%A5%BA%F1_%2867%29.JPG?type=w1
Img_029_0222.jpg,http://cfile4.uf.tistory.com/image/2675C937581F421212C2B1
Img_029_0223.jpg,http://www.soonee.kr/data/item/1400750652/thumb-6rCT6rmA7LmY7JmA7YyM6rmA7LmY7ISs64Sk7J28_570x380.jpg
Img_029_0225.jpg,http://mblogthumb4.phinf.naver.net/20160526_143/rayam_1464254420475gOpvJ_JPEG/DSC_4854.JPG?type=w800
Img_029_0226.jpg,http://cfile25.uf.tistory.com/image/2140573F56B617AC35014C
Img_029_0228.jpg,http://mblogthumb4.phinf.naver.net/20160622_23/heda_14665844656765JQr0_JPEG/DSC03109.JPG?type=w800
Img_029_0229.jpg,http://www.soonee.kr/data/item/1400749688/thumb-f_11111_570x380.jpg
Img_029_0230.jpg,http://postfiles14.naver.net/20111008_269/joo560_131802268039517HEL_JPEG/%C6%F7%B8%CB%BA%AF%C8%AF_11.jpg?type=w2
Img_029_0231.jpg,http://cfile7.uf.tistory.com/image/264BC54E541E7EB411F5E5
Img_029_0232.jpg,http://pds20.egloos.com/pds/201009/07/96/e0063996_4c86419751ba2.jpg
Img_029_0234.jpg,http://image.auction.co.kr/itemimage/10/d8/7d/10d87d5fb3.jpg
Img_029_0236.jpg,http://www.ejangdok.com/shopimages/ejangdok/0010000000262.jpg
Img_029_0242.jpg,http://www.ecpmall.com/data/item/1451363864_l1
Img_029_0244.jpg,http://cfile210.uf.daum.net/image/127D3A4F5046E935258268
Img_029_0245.jpg,http://health.chosun.com/site/data/img_dir/2016/01/27/2016012702828_0.jpg
Img_029_0246.jpg,http://xn--xx3b06myve.kr/data/item/1417731365/thumb-500_320x320.jpg
Img_029_0252.jpg,http://cfile1.uf.tistory.com/image/254D503E5657CC802FDF9A
Img_029_0254.jpg,https://scontent-cdt1-1.cdninstagram.com/t51.2885-15/s640x640/sh0.08/e35/15403339_1852092525076415_5243197415263043584_n.jpg
Img_029_0257.jpg,http://cfile26.uf.tistory.com/image/031F473650AF4FB40F36E7
Img_029_0262.jpg,http://cfile23.uf.tistory.com/image/212055435577E80E3BB287
Img_029_0263.jpg,http://www.edgekimchi.com/yc/data/item/1419754976/thumb-mb16_320x320.jpg
Img_029_0264.jpg,http://www.hyangmifood.com/data/tntshop1/img_big/1/48_gs_img_dae.jpg
Img_029_0265.jpg,https://i.ytimg.com/vi/AAekaolfYYo/hqdefault.jpg
Img_029_0269.jpg,http://postfiles2.naver.net/20120507_289/abigail72_13363711007287dAJ5_JPEG/%C5%A9%B1%E2%BA%AF%C8%AF_P1500508.JPG?type=w1
Img_029_0270.jpg,https://www.menupan.com/common/service/img_proxy.asp?src=http%3A%2F%2Fpostfiles2.naver.net%2F20130423_129%2Fsajahome_1366692531113KvpLe_JPEG%2F20130330_%25C0%25DA%25B0%25AD%25B0%25A5%25BA%25F1_%25288%2529.JPG%3Ftype%3Dw1
Img_029_0271.jpg,http://image.auction.co.kr/itemimage/f6/03/7f/f6037fea3.jpg
Img_029_0272.jpg,http://www.soonee.kr/data/item/1400750657/thumb-6rm77J6O6rmA7LmY6rCT6rmA7LmY_570x380.jpg
Img_029_0273.jpg,http://cfile219.uf.daum.net/image/16724143513C25AB276B9F
Img_029_0274.jpg,http://gdimg.gmarket.co.kr/goods_image2/middle_moreimg/625/851/625851183/625851183_00.jpg?ver=0
Img_029_0275.jpg,http://img.dongwonmall.com/dwmall/static_root/product_img/main/0006246/000624614_1_b.jpg
Img_029_0277.jpg,http://dthumb.phinf.naver.net/?src=%22http%3A%2F%2Fblogthumb2.naver.net%2F20150417_225%2Fpraddaa_14292344170197c9V1_JPEG%2FDSC08485.JPG%3Ftype%3Dw2%22&type=f560_336
Img_029_0278.jpg,http://cfile206.uf.daum.net/image/12487A224B1444442BF0E9
Img_029_0279.jpg,http://blogthumb2.naver.net/20140819_20/yyi7641_14084355656777Li9p_JPEG/CAM16446.jpg?type=w2
Img_029_0281.jpg,http://ws.cconma.com/Upload/Product/400x350/2017/590b49f9cf398.jpeg
Img_029_0283.jpg,http://postfiles11.naver.net/20160314_218/ru8405_1457958338590qhMl6_JPEG/4.JPG?type=w773
Img_029_0284.jpg,http://www.cheongone.com/shop/data/goods/1415534431719m0.jpg
Img_029_0293.jpg,http://seedshopping.co.kr/web/product/big/201705/283_shop1_342682.jpg
Img_029_0295.jpg,http://cfile3.uf.tistory.com/image/22638C3F5447374A193691
Img_029_0297.jpg,http://t1.daumcdn.net/news/201601/26/joongang/20160126000625630kduq.jpg
Img_029_0299.jpg,http://cfile207.uf.daum.net/attach/197DD53F515E2A8F32EFCE
Img_029_0300.jpg,http://image.hnsmall.com/images/goods/912/11869912_dg.jpg
Img_029_0301.jpg,http://cfile24.uf.tistory.com/image/162D01164B24C5A7B3F629
Img_029_0302.jpg,http://image.ec21.com/image/mindllemaeul/koimg_GC00130026_CA00130030/CA00130030.jpg
Img_029_0308.jpg,http://farmusmarket.com/web/product/big/201612/140_shop1_780992.jpg
Img_029_0309.jpg,http://cfile8.uf.tistory.com/image/147CEE114CC7C5D21C0313
Img_029_0310.jpg,http://www.ssik.co.kr/wp-content/uploads/2016/03/got.jpg
Img_029_0311.JPG,http://www.wellkimchi.com/upload/goods/h1343716994_DSC05880.JPG
Img_029_0312.jpg,https://i.ytimg.com/vi/bYdqtoSHjvw/hqdefault.jpg
Img_029_0466.jpg,http://mblogthumb2.phinf.naver.net/20160422_241/eunbi2894_1461256550022G8h7V_JPEG/%C5%A9%B1%E2%BA%AF%C8%AF_DSC02762.JPG?type=w2
Img_029_0521.jpg,http://postfiles10.naver.net/MjAxNjExMDRfMTQg/MDAxNDc4MTg2ODE4ODA4.jOyJTJiD50nM2TjKICFPkqMRIVTIiRnMs__AE4PMmAog.K7ZrKh-LbpROpCQKKfOZaN03mLVouW8jyjjKVKbJVekg.JPEG.sairapina63/021.JPG?type=w2
Img_029_0636.jpg,http://postfiles12.naver.net/20141126_43/cmjpss4048_1416998627048eEaEU_JPEG/IMG_7275.JPG?type=w1
Img_029_0685.jpg,http://mblogthumb2.phinf.naver.net/MjAxNzAxMTBfMjI3/MDAxNDgzOTkzOTA4Mjc2.ShQROcBiWT2Aew3If-5bcvMZE1Dj77x-J6SO3gwsJeog.vl7oPBFAwDRDmO871xqPLGY4rgIDuaqlziORjsBGiasg.JPEG.achjin/DSC05246.JPG?type=w2
Img_029_0701.jpg,http://postfiles5.naver.net/MjAxNzA3MDVfMzEg/MDAxNDk5MTg1MjM0NDAw.Itiy8dukCf6p4MMFlZlCpmd5mkaL212pRbQP-ePUb0Qg.uD1iT_Gxm8PG6IAL3G2_Nw0_pXPK6TU_ZwK3BrOVj9Ig.JPEG.okuimasami/%EB%8F%8C%EC%82%B0%EA%B0%93%EA%B9%80%EC%B9%98_%EA%B0%93%EA%B9%80%EC%B9%98_%2812%29.JPG?type=w1189,/김치/갓김치/google_20171123_091950_000189.jpg
Img_029_0771.jpg,http://postfiles4.naver.net/20131126_195/mesooo_1385477858662fVpmQ_JPEG/%C8%AB%B0%AB%B1%E8%C4%A19.jpg?type=w1
Img_029_0844.jpg,http://recipe.ezmember.co.kr/cache/recipe/2016/12/02/23191286a23bd0f52cd5aaddb34338a21.jpg
Img_029_0848.jpg,http://recipe.ezmember.co.kr/cache/recipe/2016/12/02/607bd9bc6337a4c8f52f0347ab84bd361.jpg
Img_029_0962.jpg,http://www.nurichan.com/data/editor/temp_14310618451443.jpg
Img_029_0964.jpg,http://xn--xx3b06myve.kr/data/item/1417731365/thumb-500_320x320.jpg
Img_029_0965.jpg,http://img.dongwonmall.com/dwmall/static_root/product_img/main/0005139/000513997_1_ev2.jpg
Img_029_0966.jpeg,http://park.org/Cdrom/Pavilions/Kimchi/002.jpeg
Img_029_0967.jpg,http://www.menupan.com/cook/cookimg/013400.jpg
Img_029_0968.JPG,http://postfiles10.naver.net/MjAxNjExMDRfMjEz/MDAxNDc4MTg2ODE5Mjgz.q0__FmWQlrlgFIvgdl8r_CcThrK9sYxCM9G6yfMlmM0g.XvuAU8-GS9MwbpwuEWxLYXqtSdY9mU9kxNzAvkAwzQsg.JPEG.sairapina63/020.JPG?type=w2
Img_029_0969.jpg,http://postfiles1.naver.net/20111025_192/blogboda_1319510865894e2drg_JPEG/0_1287.jpg?type=w1
Img_029_0970.jpg,http://postfiles2.naver.net/20111025_49/blogboda_1319510864832C1Qwt_JPEG/0_1479.jpg?type=w1
Img_029_0971.jpg,http://www.dogdrip.net/files/attach/images/18564339/217/546/060/0a6a81127b64750220a28e147c722312.jpg
Img_029_0973.jpg,http://image.auction.co.kr/itemimage/10/37/c3/1037c3e5e5.jpg
Img_029_0974.jpg,http://image.auction.co.kr/itemimage/10/51/43/105143a843.jpg
Img_029_0975.jpg,http://cfile229.uf.daum.net/image/110C41514D815A813500D3
Img_029_0976.jpg,http://cfile225.uf.daum.net/image/112A71495016B0AD0524D5
Img_029_0977.jpg,http://postfiles6.naver.net/20120306_85/nightsho_13310009748160cceP_JPEG/12.jpg?type=w1
Img_029_0978.jpg,http://cfile208.uf.daum.net/image/12251A0B4A042F5AB10D12
Img_029_0979.jpg,http://cfile206.uf.daum.net/image/12487A224B1444442BF0E9
Img_029_0980.jpg,http://cfile226.uf.daum.net/image/134FA6354EB5451D27DE27
Img_029_0981.jpg,http://cfile232.uf.daum.net/image/144B7D044CC55051956261
Img_029_0982.jpg,http://cfile210.uf.daum.net/image/146D904F4E855AFA05CA83
Img_029_0983.jpg,http://cfile8.uf.tistory.com/image/147CEE114CC7C5D21C0313
Img_029_0984.jpg,http://cfile213.uf.daum.net/C200x180/15511A434DAFD28E382827
Img_029_0986.jpg,http://cfile10.uf.tistory.com/image/15662E104CC7C2379E57CE
Img_029_0987.gif,http://ysgs.kr/files/goods/15_1.gif
Img_029_0988.jpg,http://cfile239.uf.daum.net/image/16251A0B4A042F5BB43AE0
Img_029_0990.gif,http://www.ysgs.kr/files/goods/18_1.gif
Img_029_0991.jpg,http://cfile222.uf.daum.net/image/196CEF174CB3085B81C13A
Img_029_0992.jpg,http://cphoto.asiae.co.kr/listimglink/6/2015122313592488538_1.jpg
Img_029_0993.jpg,http://cfile10.uf.tistory.com/image/2231E04D548CEC82100A3A
Img_029_0998.jpg,http://isckimchi.com/web/product/big/201510/38_shop1_170418.jpg
Img_029_0999.jpg,http://isckimchi.com/web/product/extra/small/201510/38_shop1_538745.jpg
