Img_039_0000.jpg,http://postfiles12.naver.net/20151110_203/chaihyoun_144712051474527Xdh_JPEG/000_thumb.jpg?type=w1
Img_039_0004.JPG,http://postfiles15.naver.net/20151111_126/harunacook_14472006632371Dwz0_JPEG/010.JPG?type=w2
Img_039_0006.jpg,http://www.menupan.com/cook/cookimg/016300.jpg
Img_039_0007.jpg,http://cfile216.uf.daum.net/image/0248325050A3949603A8F7
Img_039_0008.jpg,http://cfile225.uf.daum.net/image/0340783550A39849196F8E
Img_039_0009.JPG,http://homecuisine.co.kr/files/attach/images/140/528/030/05e14529b9e624afacfbafdccaa8d5c1.JPG
Img_039_0010.jpg,http://postfiles5.naver.net/20140925_180/dew36_1411655484428rHVfw_JPEG/1.jpg?type=w1
Img_039_0010.jpg,http://blogfiles.naver.net/20151110_48/chaihyoun_1447132291378S3MJw_JPEG/1.JPG
Img_039_0011.jpg,http://www.jbplaza.com/data/shop/item/10054_l1
Img_039_0012.jpg,http://www.jbplaza.com/data/shop/item/10054_l1
Img_039_0013.jpg,http://cfile219.uf.daum.net/image/114314384DF93FDE17D4EB
Img_039_0014.jpg,http://cfile6.uf.tistory.com/image/116640354D98F1CC33DE6D
Img_039_0015.jpg,http://img.ezmember.co.kr/cache/board/2011/07/07/12201ced46fc3bfd67f33cf8fa1b76a3.jpg
Img_039_0016.jpg,http://cfile27.uf.tistory.com/image/131356334C75C743410B41
Img_039_0019.jpg,https://www.joyful-c.or.kr/files/201111/22/132195633279.jpg
Img_039_0020.jpg,http://postfiles14.naver.net/data43/2009/4/2/45/13_yja305.jpg?type=w2
Img_039_0022.jpg,http://cfile202.uf.daum.net/image/1536023A4F8C17822FBD77
Img_039_0025.jpg,http://idomikimchi.com/web/product/big/201702/17_shop1_111010.jpg
Img_039_0026.jpg,http://cfile22.uf.tistory.com/image/187394164A33ED5A0C9A88
Img_039_0027.jpg,http://recipe.ezmember.co.kr/cache/recipe/2016/10/07/1d7e27774baf852afc2fc7b14d96ea431.jpg
Img_039_0028.jpg,http://recipekorea.com/data/cheditor4/1609/1ffbd8a987fee76e7fc24b9ddf7d47d1_31id2KdW1xJnEfeDYn.jpg
Img_039_0029.jpg,http://recipekorea.com/data/cheditor4/1609/1ffbd8a987fee76e7fc24b9ddf7d47d1_KqYXpGBBMl7.jpg
Img_039_0030.jpg,http://cfile24.uf.tistory.com/image/201267374CA2B3852A98ED
Img_039_0031.jpg,http://blog-imgs-43.fc2.com/t/o/c/tocoopies/20130412160614a95.jpg
Img_039_0032.jpg,http://postfiles2.naver.net/20150403_17/jyo07069_1428045316098aTaOV_JPEG/20150326_235332.jpg?type=w2
Img_039_0033.jpg,http://postfiles4.naver.net/20150915_147/pyoun0181_1442299590004nIdcr_JPEG/20150912_203126_HDR-004.jpg?type=w1
Img_039_0036.jpg,http://news.tongplus.com/site/data/img_dir/2016/10/05/2016100502102_0.jpg
Img_039_0037.jpg,http://cfile226.uf.daum.net/image/2026F93F4F39FC9216EF72
Img_039_0038.jpg,http://recipe.ezmember.co.kr/cache/recipe/2015/11/16/20dbf91c275fd925ab598460b452e05f1.jpg
Img_039_0039.jpg,http://cfile3.uf.tistory.com/image/22050C3555B1B3592A839A
Img_039_0040.jpg,http://cfile29.uf.tistory.com/image/22695F3E537CFA7E3813FA
Img_039_0041.jpg,http://cfile7.uf.tistory.com/image/2425CF455369279B1EB20F
Img_039_0042.JPG,http://img.ezmember.co.kr/cache/board/2012/02/27/24810a0643769ae89c16e86e2202a1a4.JPG
Img_039_0043.jpg,http://cfile202.uf.daum.net/image/2562194F534A86832B56CA
Img_039_0044.jpg,http://cfile9.uf.tistory.com/image/26109647552A6FAE226944
Img_039_0046.jpg,http://cfile235.uf.daum.net/image/27403550544F7DCB313BB8
Img_039_0047.jpg,http://cfile238.uf.daum.net/image/2768BF35515B66E223049D
Img_039_0048.jpg,http://www.gajumarketplace.com/Gjmp36/wp-content/uploads/2012/11/322005b.jpg
Img_039_0049.jpg,http://postfiles7.naver.net/20140925_54/dew36_1411655485009Qt0Y3_JPEG/4.jpg?type=w1
Img_039_0050.jpg,http://www.giantspoon.co.kr/upfiles/product/420470608.jpg
Img_039_0051.jpg,http://img.ezday.co.kr/cache/board/2010/10/04/4315d7cab9ffab8d9422f5b759019819.jpg
Img_039_0053.jpg,http://recipe.ezmember.co.kr/cache/recipe/2015/06/08/497075683ff7b80a727d83fffe96fc31_m.jpg
Img_039_0054.jpg,http://postfiles15.naver.net/20151030_222/yuminma99_1446205301145FhHCa_JPEG/4S0A1885.jpg?type=w3
Img_039_0055.jpg,http://cfs13.tistory.com/image/9/tistory/2009/12/03/09/32/4b1707094d318
Img_039_0056.jpg,http://img.ezmember.co.kr/cache/board/2014/12/23/4ce4aad93289e8dfc2ce8bfe60d0c0e9.jpg
Img_039_0058.jpg,http://img1.ezday.co.kr/cache/board/2011/05/24/5a077558acee5bc771061744d018ab2d.jpg
Img_039_0059.jpg,http://image.auction.co.kr/itemimage/6b/86/d7/6b86d7a73.jpg
Img_039_0060.jpg,http://recipe.ezmember.co.kr/cache/recipe/2015/12/11/6ee8902df504cbee6a7954cd60811b491.jpg
Img_039_0061.JPG,http://img.ezmember.co.kr/cache/board/2012/04/09/6f8e26bc81c9a21ed95fe1833af302be.JPG
Img_039_0062.jpg,http://postfiles8.naver.net/data43/2009/4/1/87/7-yja305.jpg?type=w2
Img_039_0063.jpg,http://img.ezmember.co.kr/cache/board/2016/04/16/7a4f3d5d87b86cf58dfd8830a24ad9ad.jpg
Img_039_0064.jpg,http://recipe.ezmember.co.kr/cache/recipe/2016/03/26/7c94ec46c70961d51ed9e1dd51fbe37a1.jpg
Img_039_0065.jpg,http://postfiles11.naver.net/20100609_106/yja305_1276079885905XcPVE_jpg/8_yja305.jpg?type=w2
Img_039_0066.jpg,http://recipe.ezmember.co.kr/cache/recipe/2015/04/06/37042538b7d01c7ed35a05fedacae75e1.jpg
Img_039_0067.jpg,http://recipe.ezmember.co.kr/cache/recipe/2015/09/15/8bddc9b1cefbeeb91beabf8222eb8d80_m.jpg
Img_039_0068.jpg,http://img.ezmember.co.kr/cache/board/2014/12/23/8d122cb77954d505287bc52b9e0a47c3.jpg
Img_039_0069.jpg,http://img.ezmember.co.kr/cache/board/2016/04/16/8f4dc3758a5c41bfbe7d2a99b4eff3b3.jpg
Img_039_0070.jpg,http://image.auction.co.kr/itemimage/8f/db/ec/8fdbecfc3.jpg
Img_039_0071.png,http://www.liveen.co.kr/news/photo/201603/91084_120004_5346.png
Img_039_0072.jpg,http://recipe.ezmember.co.kr/cache/recipe/2016/03/17/9fed6ec5aaa9031a15a56b0db3d6618a1.jpg
Img_039_0074.JPG,http://recipe.ezmember.co.kr/cache/recipe/2016/03/17/7f8486e18f964ab95eabd3f4699769721.jpg
Img_039_0075.JPG,http://postfiles2.naver.net/MjAxNzAzMDJfMTY1/MDAxNDg4NDUyMzUxOTA1.QSNdPddAWb6nKSrbZkeJMlR_vcaaXE9F1H8rmGMVEoog.Mq8ifKWgIEkKzdwcHuwnJsKBfrqe-PrcLpfQ3bxfodwg.JPEG.foxkanghs/DSC09656.JPG?type=w1
Img_039_0076.JPG,http://img.lifestyler.co.kr/uploads/program/cheditor/2015/04/EMJHK6BFPBF9TLTX5JDQ.JPG
Img_039_0077.JPG,http://postfiles12.naver.net/20161019_251/shppp__1476863408923sEctK_JPEG/P20161014_181027848_0355D955-79AE-44E7-A6DF-FC18500A7EE3.JPG?type=w966
Img_039_0078.JPG,http://postfiles16.naver.net/20161019_47/shppp__14768634822811FWki_JPEG/P20161014_182821209_A0357656-072B-4D2F-9D8B-9510E6D4ED88.JPG?type=w966
Img_039_0079.jpg,http://matsarang.redbrush.co.kr/upload/images/product/Product_1363105470514.jpg
Img_039_0080.jpg,http://talkimg.imbc.com/TVianUpload/tvian/image/2011/03/07/PyjDCTEuakFd634351125317311699.jpg
Img_039_0081.JPG,http://postfiles11.naver.net/20120317_250/jahaiek_1331969854831DiT27_JPEG/RIMG4919.JPG?type=w2
Img_039_0082.JPG,http://postfiles4.naver.net/20150513_3/okiwasunmi_1431490052915y5dux_JPEG/SAM_7604.JPG?type=w1
Img_039_0084.JPG,http://postfiles11.naver.net/20111105_122/king940_1320461604130HiC4k_JPEG/_DSC9810.JPG?type=w2
Img_039_0085.JPG,http://postfiles3.naver.net/20111105_242/king940_1320461605532Hg7En_JPEG/_DSC9855.JPG?type=w2
Img_039_0087.jpg,http://recipe.ezmember.co.kr/cache/recipe/2016/03/26/c7ecd25c4920141a6216ca2c6caac4f71.jpg
Img_039_0089.jpg,http://recipe.ezmember.co.kr/cache/recipe/2015/03/26/d13d77fbc972ceb53a5b144c8ac3036f1_m.jpg
Img_039_0090.jpg,http://recipe.ezmember.co.kr/cache/recipe/2016/03/26/d746f45e2846695daa31dfde18fab3dc1.jpg
Img_039_0091.jpg,http://postfiles7.naver.net/20100602_6/king940_12754459182056EBTA_jpg/dsc_8467_king940.jpg?type=w2
Img_039_0092.jpg,http://postfiles1.naver.net/20100602_208/king940_1275445912860yE8c7_jpg/dsc_8468_king940.jpg?type=w2
Img_039_0093.jpg,http://postfiles14.naver.net/20100602_45/king940_1275445917598oI5ce_jpg/dsc_8470_king940.jpg?type=w2
Img_039_0094.jpg,http://img.ezday.co.kr/cache/board/blogex/2010/03/19/e1816ece3dc2677b32d2f19b98b1e392.jpg
Img_039_0095.jpg,http://image.auction.co.kr/itemimage/e3/ba/fe/e3bafe543.jpg
Img_039_0096.jpg,http://file.moyiza.com/data/moyiza/document_files/story_cook_self/2015/11/22/e5d5fcfe8eccd2093c1491c5c294bd66.jpg
Img_039_0097.jpg,http://img.ezmember.co.kr/cache/board/2012/04/07/e8eac43f2a1b2c30f65e7b6922e6362d.jpg
Img_039_0098.jpg,http://recipe.ezmember.co.kr/cache/recipe/2016/03/17/e9665c4f5fb668e861f9b043b9b588c51.jpg
Img_039_0099.jpg,http://recipe.ezmember.co.kr/cache/recipe/2015/05/23/ea7b718bb87143b82acbde59f40cc2ad_f.jpg
Img_039_0101.jpg,http://image.auction.co.kr/itemimage/f9/c7/2c/f9c72c403.jpg
Img_039_0102.jpg,http://recipe.ezmember.co.kr/cache/recipe/2015/07/07/fa246fb9762797538b57f370cec257171.jpg
Img_039_0103.jpg,http://namdo-food.com/web/upload/free_design/fad09080.jpg
Img_039_0104.jpg,http://image.auction.co.kr/itemimage/fd/ce/c3/fdcec3703.jpg
Img_039_0106.jpg,http://recipe.ezmember.co.kr/cache/recipe/2015/06/16/ffc9258c17bbe41a081c5bfd626170e4_m.jpg
Img_039_0108.jpg,http://img.ezmember.co.kr/cache/board/2013/04/30/94cf9b130203df7d999b384ccac670ea.jpg
Img_039_0109.jpg,http://recipe.ezmember.co.kr/cache/recipe/2015/06/10/4a7b40889a7d9a41e9cd9d6d5ab811961.jpg
Img_039_0110.jpg,http://cfile226.uf.daum.net/image/2026F93F4F39FC9216EF72
Img_039_0111.jpg,http://www.saerounkimchi.co.kr/shopimages/saedongne/003001000005.jpg?1461212741
Img_039_0112.jpg,http://www.daedokimchi.com/shop/data/goods/1428396810128m0.jpg
Img_039_0113.jpg,http://img.ezmember.co.kr/cache/board/2012/10/18/cd5583069e8de2ebcbfb7d9f694c2018.jpg
Img_039_0114.jpg,http://cfile9.uf.tistory.com/image/26109647552A6FAE226944
Img_039_0115.jpg,http://www.wellbeingchon.co.kr/upload/goods/a62582_pa03.jpg
Img_039_0116.jpg,http://cfile207.uf.daum.net/image/1120C31F4B7C8B99304CBC
Img_039_0117.jpg,http://cfile2.uf.tistory.com/image/275CB235555FA06B0BE29B
Img_039_0118.jpg,http://sandeulraefood.co.kr/web/product/big/sandeulrae1_2.jpg
Img_039_0119.jpg,http://cfile24.uf.tistory.com/image/201267374CA2B3852A98ED
Img_039_0120.jpg,http://ekimchi.co.kr/data/item/1451873571/thumb-7YyM6rmA7LmY1_320x320.jpg
Img_039_0121.jpg,http://www.organicbigmart.com/shopimages/encore52/0190000000672.jpg
Img_039_0122.jpg,http://www.motherkimchi.co.kr/shop/data/0/PK1_1331620129.jpg
Img_039_0124.jpg,http://postfiles14.naver.net/20130314_141/king940_1363240749693zG2SO_JPEG/%C2%CA%C6%C4%B1%E8%C4%A1.jpg?type=w2
Img_039_0125.jpg,http://www.menupan.com/cook/cookimg/016300.jpg
Img_039_0128.jpg,http://img.ezmember.co.kr/cache/board/2013/04/10/90c07cf846d18b50bea87e99512661a1.jpg
Img_039_0129.jpg,http://cfs5.tistory.com/upload_control/download.blog?fhandle=YmxvZzExODAxM0BmczUudGlzdG9yeS5jb206L2F0dGFjaC8wLzEzMDAwMDAwMDAwMC5qcGc=
Img_039_0130.jpg,http://blogthumb2.naver.net/20120419_235/ksh121770_1334825427517WKrKw_JPEG/IMG_8570.JPG?type=w2
Img_039_0131.jpg,http://img.ezday.co.kr/cache/board/2009/06/27/b149e687b1e126f4e68a0a1d91836288.jpg
Img_039_0132.jpg,http://postfiles16.naver.net/20161019_47/shppp__14768634822811FWki_JPEG/P20161014_182821209_A0357656-072B-4D2F-9D8B-9510E6D4ED88.JPG?type=w966
Img_039_0133.jpg,http://cfile6.uf.tistory.com/image/132F5F4F4ECC2084283C67
Img_039_0134.jpg,http://mblogthumb3.phinf.naver.net/20160314_162/ssoji0613_1457928571221pJXRt_JPEG/DSC09332.JPG?type=w800
Img_039_0135.jpg,http://mblogthumb3.phinf.naver.net/20151223_246/wun12342005_1450856381574VOUyX_JPEG/%C6%C4%B1%E8%C4%A1032220019.jpg?type=w420
Img_039_0136.jpg,http://recipe.ezmember.co.kr/cache/recipe/2016/09/19/b2bc29df083e86544b07d90672b7e72b1.jpg
Img_039_0137.jpg,http://recipe.ezmember.co.kr/cache/recipe/2016/04/09/4fcec3a7980b96a5b3404f59f89ac2d41.jpg
Img_039_0138.jpg,http://postfiles5.naver.net/20160314_20/ssoji0613_1457928682523rUouq_JPEG/DSC09334.JPG?type=w966
Img_039_0139.jpg,http://postfiles4.naver.net/MjAxNzA0MTdfMjQx/MDAxNDkyMzcxOTI3OTkz.QQwjwlYWShe1EzyS4phb5NDeZIJgUmeFDE0RH2v5ZCkg.BOZPWaWmSFicEwoTnyQcc_kvbiUtvI0CVdT7p-qjhVEg.JPEG.king940/%ED%8C%8C%EA%B9%80%EC%B9%98_%EB%A7%8C%EB%93%9C%EB%8A%94%EB%B2%955.jpg?type=w773
Img_039_0140.jpg,http://cfile8.uf.tistory.com/image/153EFE484D88D4483873CB
Img_039_0142.jpg,http://geumchi.com/web/product/big/201608/31_shop1_554058.jpg
Img_039_0143.jpg,http://postfiles15.naver.net/MjAxNzA0MTlfMyAg/MDAxNDkyNjA0NjE5MzU5._5OwxY2ooLhBJ9ih4NcXxZ06wX1VM08jiGI53ZXG0Rcg.b10cDMlgzsYxcCEcYu95vbHSrqnq5JrRLg_2omw9-9sg.JPEG.grace8564/image_3782349241492604071678.jpg?type=w966
Img_039_0144.jpg,http://gohyangfood.com/data/item/1375786526_l1
Img_039_0145.jpg,http://blogthumb2.naver.net/20111031_95/cshee32_1320037944981WQRIp_JPEG/modify2011-10-21-042.jpg?type=w2
Img_039_0146.jpg,http://homecuisine.co.kr/files/attach/images/140/528/030/361e65c7420da4e3ac0a2cae2c0d401e.JPG
Img_039_0147.jpg,http://postfiles1.naver.net/20100602_208/king940_1275445912860yE8c7_jpg/dsc_8468_king940.jpg?type=w2
Img_039_0148.jpg,http://post.phinf.naver.net/MjAxNzAzMzBfODgg/MDAxNDkwODgzNjg1NTg2.OdBrBOWn26tdih-iAiPphsDZKAJOEoJWi0HEkTQoPXkg.Bb7n2-TvApAWs7kJnd0nO3tx3YRESPbKbwMoSoQH0ywg.JPEG/%ED%8C%8C%EA%B9%80%EC%B9%98DSC02416-015.jpg?type=w1200
Img_039_0149.jpg,http://cfile22.uf.tistory.com/image/2534E25056FD4CFE1CF37E
Img_039_0151.jpg,http://recipe.ezmember.co.kr/cache/recipe/2016/10/06/4bb97a26c7726532fafe35407525e9241.jpg
Img_039_0152.jpg,http://cfile10.uf.tistory.com/image/21766F425710CEF526623F
Img_039_0155.jpg,http://postfiles15.naver.net/20120925_94/sumnyun_1348560394942r4Yq1_JPEG/24.jpg?type=w1
Img_039_0156.jpg,http://mblogthumb3.phinf.naver.net/MjAxNzAzMjRfODIg/MDAxNDkwMzA0MDg3NjA2.J5TkK4A96tawiRLMYKSe4lZzqR9JgXlzmOMdCpMAX6sg.IL8a-hwrxF-p4Qe8GnMriLyGyUB7x39Rq_WsOR19FqUg.JPEG.glorytogod7/%ED%8C%8C%EA%B9%80%EC%B9%98_%2856%29.JPG?type=w2
Img_039_0157.jpg,http://cfile4.uf.tistory.com/image/136AFE33502F1F3B18B229
Img_039_0158.jpg,http://postfiles10.naver.net/20140124_121/king940_1390559700227UXBcK_JPEG/%C6%C4%B1%E8%C4%A1%B4%E3%B1%D7%B4%C2%B9%FD5.jpg?type=w2
Img_039_0159.jpg,http://mblogthumb4.phinf.naver.net/20161007_279/chssus66_1475803744692N7Rgy_PNG/22.png?type=w800
Img_039_0160.jpg,http://hanarum-kimchi.com/web/product/medium/201511/70_shop1_690327.jpg
Img_039_0161.jpg,http://yswellbeingfood.com/wp-content/uploads/2017/04/%ED%8C%8C%EA%B9%80%EC%B9%98-1.jpg
Img_039_0163.jpg,http://recipe.ezmember.co.kr/cache/recipe/2016/07/18/ed9939229ee6a1109c4339e9146d39e51.jpg
Img_039_0164.jpg,http://mblogthumb1.phinf.naver.net/MjAxNjExMTdfMjMw/MDAxNDc5MzU3NzU3NDIx.p0B0SYb-rc0ZFr0NF_BmlRqHH0nYnZWpoEw8C81m998g.FWinl98Gqks99xUpVjuZ6LYoz51rVYkAs2Eq7dRXSvQg.JPEG.nanumi_/%ED%8C%8C%EA%B9%80%EC%B9%98%EB%A7%9B%EC%9E%88%EA%B2%8C%EB%8B%B4%EA%B7%B8%EB%8A%94%EB%B2%951.jpg?type=w800
Img_039_0165.jpg,http://postfiles12.naver.net/20121108_235/torbangmalim_1352335762836pwcVs_JPEG/%C6%C4%B1%E8%C4%A1_0381.jpg?type=w1
Img_039_0168.jpg,https://i.ytimg.com/vi/ee1Wu_O6hiI/maxresdefault.jpg
Img_039_0169.jpg,http://image.auction.co.kr/itemimage/e3/ba/fe/e3bafe543.jpg
Img_039_0170.jpg,http://cfile9.uf.tistory.com/image/253FCC3F539946A31F835D
Img_039_0171.jpg,http://img2.landmoa.net/ok/1427358522.20150315_054919.jpg
Img_039_0173.jpg,http://cfile6.uf.tistory.com/image/122AD3444E4F01380D30D7
Img_039_0174.jpg,http://www.farmtail.com/shopimages/farmtail/013010000062.jpg?1487567941
Img_039_0175.jpg,http://cfile7.uf.tistory.com/image/157DAE48513C2CF5067E56
Img_039_0177.jpg,http://www.realkimchi.com/shopimages/realkimchi/001001000009.jpg?1489560350
Img_039_0178.jpg,http://cfs8.blog.daum.net/image/21/blog/2009/04/11/23/07/49e0a32fb25e3
Img_039_0179.jpg,http://img.ezmember.co.kr/cache/board/2014/03/31/99fc8ace5c7ff81ebe91445e791b829d.jpg
Img_039_0181.jpg,http://cfile2.uf.tistory.com/image/2474E340590D3717141195
Img_039_0186.jpg,http://cfile4.uf.tistory.com/image/220DA3485598FAED05592A
Img_039_0188.jpg,http://gdimg.gmarket.co.kr/697280752/still/300
Img_039_0190.jpg,http://mblogthumb1.phinf.naver.net/MjAxNjEyMDVfMjU4/MDAxNDgwOTAzMjk4NjAx.XJK7bf5wObdxsWlVEgSQQMdt85Eej9BsgRp4vdLr38cg.Xd_RLIWRmzdGGOricfRQWvXZjFqYx7Cj7pT79bOJLFog.JPEG.yuu1035/%ED%8C%8C%EA%B9%80%EC%B9%98%EB%A7%9B%EC%9E%88%EA%B2%8C%EB%8B%B4%EA%B7%B8%EB%8A%94%EB%B2%95_19.jpg?type=w800
Img_039_0191.jpg,http://cfile3.uf.tistory.com/image/173B464A4E8112F52006F7
Img_039_0192.jpg,http://cfile22.uf.tistory.com/image/2707F84E57181F72140DAF
Img_039_0193.jpg,http://img.ezmember.co.kr/cache/board/2013/04/30/774510f9238106f9dc8f95cd176852d5.jpg
Img_039_0194.jpg,http://cfile26.uf.tistory.com/image/2426503A57206C561C3AF4
Img_039_0195.jpg,http://postfiles14.naver.net/MjAxNzA2MTVfMTE5/MDAxNDk3NTM3ODAyNzI2.64iVBzmVOVFk0dprtgNRmzZUPr0GXTKZE6Iz73-Daq0g.24Qcj-lTRTpa1hh5eL8zZ-V7XDiTRCef98F-cYMU6B8g.JPEG.femail317/%ED%81%AC%EA%B8%B0%EB%B3%80%ED%99%98_IMG_6168.JPG?type=w773
Img_039_0196.jpg,http://blogthumb2.naver.net/20140401_178/ecsk0906_1396316003193vCEPV_JPEG/DSC00174.JPG?type=w2
Img_039_0197.jpg,http://mblogthumb2.phinf.naver.net/MjAxNzA0MDZfMjI1/MDAxNDkxNDY5NjU5NDc5.HK77WESA1PFSFyDxuimz0yuzs3Fyw2sss7_1pJH9TOMg.DKtxcbwR5Bb9TwkRwU_sySVYAmHyNGBVRLo9WNoKCZEg.JPEG.tjdfl1983/image_5787568991491469310758.jpg?type=w800
Img_039_0198.jpg,http://shop.biumfood.com/upload/1486088640image_product%ED%8C%8C%EA%B9%80%EC%B9%981a.jpg
Img_039_0200.jpg,http://postfiles10.naver.net/20110719_281/baby0817_1311044367790piM60_JPEG/15.jpg?type=w1
Img_039_0201.jpg,http://post.phinf.naver.net/MjAxNzA0MDRfMjcw/MDAxNDkxMjcwOTc3Mzcz.ftd0w05A5OuTSYshDrWeCtzmGDCMo55XcTfQdgNjxhAg.Tu83nwz3lgNB5EfNcFVwRWjUu673isw20031TO9ohywg.JPEG/%EC%AA%BD%ED%8C%8C%EA%B9%80%EC%B9%98_%ED%8C%AC%EC%9D%B4%EB%A7%98_%2825%29.JPG?type=w1200
Img_039_0202.jpg,http://cfile25.uf.tistory.com/image/127852394D98F180341C63
Img_039_0203.jpg,https://www.phpschool.com/gnuboard4/data/cheditor/1504//cFhrJzwO.jpg
Img_039_0204.jpg,http://image.auction.co.kr/itemimage/e6/7d/91/e67d91a43.jpg
Img_039_0206.jpg,http://img.ezmember.co.kr/cache/board/2012/10/25/994ca37105e763f80268dc33ef579c1e.JPG
Img_039_0207.jpg,http://www.sekwangfood.com/cgi/upload/product/20161024103740_s.jpg
Img_039_0208.jpg,http://mblogthumb1.phinf.naver.net/20161017_160/cyh4014_1476659131536DEuBY_JPEG/1348734116436_20120927_004843.jpg?type=w800
Img_039_0209.jpg,http://recipe.ezmember.co.kr/cache/recipe/2015/06/08/497075683ff7b80a727d83fffe96fc31.jpg
Img_039_0210.jpg,http://cfile29.uf.tistory.com/image/14520D1B4C08764F452FA1
Img_039_0213.jpg,http://cfs13.tistory.com/image/9/tistory/2009/12/03/09/32/4b1707094d318
Img_039_0216.jpg,http://img.ezmember.co.kr/cache/board/2014/12/23/8d122cb77954d505287bc52b9e0a47c3.jpg
Img_039_0219.jpg,http://postfiles15.naver.net/20140401_270/museok27_1396280958977acxbv_JPEG/054-2.JPG?type=w2
Img_039_0220.jpg,http://mblogthumb1.phinf.naver.net/MjAxNjEwMzFfMjk5/MDAxNDc3ODg1MTE4NDU5.5OVL2yChVl-aarAc560ZXHJxes5XBNzlHmvK5WnXvpUg.kGBbGLoCZngk22qSGyK5Z5yI1BfMYulNmGLrvlO-ai0g.JPEG.kstencil/%EC%96%BC%EA%B0%88%EC%9D%B4%ED%8C%8C%EA%B9%80%EC%B9%9827.jpg?type=w800
Img_039_0221.jpg,http://ojsfile.ohmynews.com/STD_IMG_FILE/2010/0506/IE001194338_STD.jpg
Img_039_0222.jpg,http://www.edgekimchi.com/yc/data/item/1419754910/thumb-mb17_320x320.jpg
Img_039_0224.jpg,http://blogthumb2.naver.net/20141103_163/chaihyoun_14149734112300x1Uw_JPEG/006.JPG?type=w2
Img_039_0226.jpg,http://blogthumb2.naver.net/20131009_261/who0308_1381283283003toWSz_JPEG/2013-10-02_001_009.JPG?type=w2
Img_039_0228.jpg,http://blogthumb2.naver.net/20151009_122/big6678_1444352010435iUH1b_JPEG/IMG_5017.JPG?type=w2
Img_039_0231.jpg,http://cfile210.uf.daum.net/image/234EF23756EFD85F31C179
Img_039_0232.jpg,http://mblogthumb4.phinf.naver.net/20160404_79/csm0227sm_1459774704710YEri3_JPEG/DSC01721.JPG?type=w800
Img_039_0235.jpg,http://cfile30.uf.tistory.com/image/024C1038519EB92B058C38
Img_039_0236.jpg,http://www.jbplaza.com/data/shop/item/10054_l1
Img_039_0238.jpg,http://postfiles6.naver.net/20110320_229/vivianlii_1300629240205w7QMp_JPEG/IMG_1821.JPG?type=w2
Img_039_0242.jpg,http://isckimchi.com/web/product/big/201702/39_shop1_261245.jpg
Img_039_0244.jpg,http://mblogthumb4.phinf.naver.net/20110419_299/mesooo_1303142943590GLwIu_JPEG/%C6%C4%B1%E8%C4%A1%BF%CF%BC%BA.jpg?type=w2
Img_039_0248.jpg,http://mblogthumb1.phinf.naver.net/20160413_228/webweb10_1460545617912tTK4N_JPEG/%C2%CA%C6%C4%B1%E8%C4%A1%C8%B2%B1%DD%B7%B9%BD%C3%C7%C720160402_082454-028.jpg?type=w800
Img_039_0249.jpg,http://postfiles11.naver.net/MjAxNzAzMzFfMTMg/MDAxNDkwOTYyOTYwOTY5.yU99o7GIFxdi80-Mj9igdKWFgtU-Y2unZGgzqCuowWEg.uh8BzRwwdBSax7z-vOI2bp2e00DqSHpvbjSwhF69ZhQg.JPEG.qhdtkwk1002/se3_image_2649457942.jpg?type=w773
Img_039_0250.jpg,http://cfile25.uf.tistory.com/image/2212C84357E8E09304060E
Img_039_0252.jpg,https://i.ytimg.com/vi/qeR1Zq52i4c/hqdefault.jpg
Img_039_0255.jpg,http://www.thisiskimchi.com/_upload/goods/G1/1237_1.jpg
Img_039_0256.jpg,http://mblogthumb2.phinf.naver.net/20130312_181/aaej0521_13630867436978BYU2_JPEG/REW17_10572.jpg?type=w2
Img_039_0257.jpg,http://cfile1.uf.tistory.com/image/197392374DD1F41A1C6B49
Img_039_0258.jpg,http://cfile29.uf.tistory.com/image/2103B0435811F3762A99AC
Img_039_0259.jpg,http://www.yhfoodmall.com/web/product/big/201506/40_shop1_983021.jpg
Img_039_0260.jpg,https://i.ytimg.com/vi/ixttH8JmeBE/hqdefault.jpg
Img_039_0261.jpg,http://postfiles3.naver.net/20160502_226/poi249_1462163088944X72VS_JPEG/20160501_220217.jpg?type=w773
Img_039_0263.jpg,http://cfile5.uf.tistory.com/image/212FEE3357CCC6050441B6
Img_039_0266.jpg,http://freshmol.com/web/product/big/201603/12_shop1_900359.jpg
Img_039_0273.jpg,http://cfile5.uf.tistory.com/image/21592745553528A333B756
Img_039_0274.jpg,http://postfiles3.naver.net/MjAxNzAzMjBfMjY5/MDAxNDg5OTM5Njg1ODM5.4iSn_zggnDGpwVtG6Y-ij-FAq3h5UiidjndDnDOj38cg.5vn_JWmh7qzyofA3kzughDvEDy34Ujm-rMLI88rrkiYg.JPEG.rvhdlsxm1128/%EC%9E%94%ED%8C%8C%EC%9A%94%EB%A6%AC_%ED%8C%8C%EA%B9%80%EC%B9%98_%EB%A7%8C%EB%93%9C%EB%8A%94%EB%B2%95_%289%29.JPG?type=w3
Img_039_0276.jpg,http://www.kimchidalin.com/shop/data/skin_mobileV2/desiteM_youNme_C_C/test/pa.png
Img_039_0278.jpg,http://www.arirang-kimchi.com/web/product/big/201504/134_shop1_842309.jpg
Img_039_0279.jpg,http://image.auction.co.kr/itemimage/97/1b/68/971b68433.jpg
Img_039_0282.jpg,http://cfile5.uf.tistory.com/image/215F0642583A6751363346
Img_039_0283.jpg,http://mblogthumb2.phinf.naver.net/20130413_245/sheryl4770_1365807641455k383e_JPEG/P4051233.JPG?type=w2
Img_039_0284.jpg,http://pds.joins.com/news/component/joongang_sunday/2010/05/01200907.jpg
Img_039_0285.jpg,http://blog.koreadaily.com/_data/user/s/a/n/sangrklee25/image/2016/5/31101024_12.jpg
Img_039_0288.jpg,http://postfiles5.naver.net/20131125_148/mimi030630_13853632063186V21O_JPEG/IMG_06926.jpg?type=w2
Img_039_0289.jpg,http://cfile25.uf.tistory.com/image/2058E94F505A57F00ED280
Img_039_0293.jpg,http://blog.bethe1.co.kr/Up/LLSP/blog/editor/cocker1102/cocker1102_20090303042621_view.jpg
Img_039_0294.jpg,http://cfile1.uf.tistory.com/image/211B064253564EA30C52B1
Img_039_0295.jpg,http://cfile4.uf.tistory.com/image/21446E3C548E43C8247DC9
Img_039_0296.jpg,http://cfile26.uf.tistory.com/image/235A214952A6E8D32127C2
Img_039_0303.jpg,http://www.arumchan.com/PROGRAM_FCKeditor_UserFiles/image/%EC%8A%A4%ED%8E%98%EC%85%9C%20%EA%B9%80%EC%B9%981%ED%98%B8.jpg
Img_039_0304.jpg,http://www.nongmard.com/data/base/goods/small/%ED%8C%8C%EA%B9%80%EC%B9%982kg.jpg
Img_039_0306.jpg,http://postfiles15.naver.net/20151030_222/yuminma99_1446205301145FhHCa_JPEG/4S0A1885.jpg?type=w3
Img_039_0318.jpg,http://cfile210.uf.daum.net/image/234EF23756EFD85F31C179
Img_039_0321.jpg,http://postfiles7.naver.net/20141203_182/mimi030630_1417591459442onaHV_JPEG/IMG_08643.jpg?type=w2
Img_039_0346.jpg,http://postfiles16.naver.net/MjAxNzA1MDlfNzEg/MDAxNDk0MzM3ODA4MDk2.qhhK74icovRsMMcdleJyTWBc0HTqLsRGwrUrmQKL59gg.G_KzsaRqm_0vclQgSENIx66s1sbbEaD37gl7uWMmRusg.PNG.bfkpop/%ED%8C%8C%EA%B9%80%EC%B9%98_9.png?type=w966
Img_039_0360.jpg,http://mblogthumb3.phinf.naver.net/MjAxNzA1MDlfMjAg/MDAxNDk0MzM3ODA4MTgw.UCEAOkr_nCjgMlnpqkho0Q3y3_tza9maXWpW-3YfdKog.odR4aYikK0i2IrkruH01OiIr94XYtECmRgdsANFExd8g.PNG.bfkpop/%ED%8C%8C%EA%B9%80%EC%B9%98_10.png?type=w800
Img_039_0387.jpg,http://blogthumb2.naver.net/20141103_163/chaihyoun_14149734112300x1Uw_JPEG/006.JPG?type=w2
Img_039_0398.jpg,http://postfiles1.naver.net/20130319_224/siru76_1363673680145vkVr2_JPEG/%C6%C4%B1%E8%C4%A1066.JPG?type=w1
Img_039_0449.jpg,http://mblogthumb1.phinf.naver.net/20151020_12/dlsck00_1445311151148dFfnH_JPEG/IMG_0572.JPG?type=w2
Img_039_0463.jpg,http://blogfiles.naver.net/20150323_200/kim0925480_1427117256107bPqES_JPEG/2015-03-23_22%3B24%3B44.jpg
Img_039_0484.jpg,http://recipe.ezmember.co.kr/cache/recipe/2016/03/17/7f8486e18f964ab95eabd3f4699769721.jpg
Img_039_0514.jpg,http://postfiles16.naver.net/20130320_287/zero5577_1363757530408sIRFc_JPEG/2013-03-20_13.07.51.jpg?type=w1
Img_039_0579.jpg,http://cphoto.asiae.co.kr/listimglink/6/2016031410290278269_1.jpg
Img_039_0637.jpg,http://postfiles10.naver.net/20110719_281/baby0817_1311044367790piM60_JPEG/15.jpg?type=w1
Img_039_0642.jpg,http://postfiles11.naver.net/20120412_170/perfume76_1334173772006kE1YN_JPEG/IMG_3917.JPG?type=w1
Img_039_0685.jpg,http://postfiles12.naver.net/20161008_155/0813dcba_1475924068387zjM4u_JPEG/IMG_2215.JPG?type=w1
Img_039_0697.jpg,http://postfiles15.naver.net/20140401_270/museok27_1396280958977acxbv_JPEG/054-2.JPG?type=w2
Img_039_0712.jpg,http://recipe.ezmember.co.kr/cache/recipe/2016/09/28/956dddc717d5b10c76f326d0b970c1551.jpg
Img_039_0736.jpg,http://blogfiles.naver.net/20141125_199/gr22nade_1416880844395JCY39_JPEG/3-2.JPG
Img_039_0758.jpg,http://postfiles14.naver.net/20130314_141/king940_1363240749693zG2SO_JPEG/%C2%CA%C6%C4%B1%E8%C4%A1.jpg?type=w2
Img_039_0783.jpg,http://blogthumb2.naver.net/20111031_95/cshee32_1320037944981WQRIp_JPEG/modify2011-10-21-042.jpg?type=w2
Img_039_0813.jpg,http://postfiles11.naver.net/20120317_250/jahaiek_1331969854831DiT27_JPEG/RIMG4919.JPG?type=w2
Img_039_0816.jpg,http://postfiles3.naver.net/20160404_114/mimi030630_1459742217993khxQu_JPEG/IMG_04715.jpg?type=w2
Img_039_0830.jpg,http://blogthumb2.naver.net/20151009_122/big6678_1444352010435iUH1b_JPEG/IMG_5017.JPG?type=w2
Img_039_0847.jpg,http://recipe.ezmember.co.kr/cache/recipe/2016/03/17/9fed6ec5aaa9031a15a56b0db3d6618a1.jpg
Img_039_0850.jpg,http://postfiles8.naver.net/20120925_279/sumnyun_1348568636552uI2ky_JPEG/35.jpg?type=w1
Img_039_0871.jpg,http://postfiles5.naver.net/20131125_148/mimi030630_13853632063186V21O_JPEG/IMG_06926.jpg?type=w2
Img_039_0872.jpg,http://postfiles1.naver.net/20130913_32/aaej0521_1379034607611wmkoa_JPEG/%BB%E7%C1%F8_1713.jpg?type=w2
Img_039_0874.jpg,http://mblogthumb3.phinf.naver.net/MjAxNzAzMjRfODIg/MDAxNDkwMzA0MDg3NjA2.J5TkK4A96tawiRLMYKSe4lZzqR9JgXlzmOMdCpMAX6sg.IL8a-hwrxF-p4Qe8GnMriLyGyUB7x39Rq_WsOR19FqUg.JPEG.glorytogod7/%ED%8C%8C%EA%B9%80%EC%B9%98_%2856%29.JPG?type=w2
Img_039_0902.jpg,http://mblogthumb2.phinf.naver.net/20130312_181/aaej0521_13630867436978BYU2_JPEG/REW17_10572.jpg?type=w2
Img_039_0935.jpg,http://postfiles2.naver.net/20160420_289/jump21__14611216915300063w_JPEG/321.JPG?type=w1
Img_039_0939.jpg,http://cfile205.uf.daum.net/image/273DE53558CDE6DA2F60A1
Img_039_0940.jpg,http://www.dadohekimchi.kr/data/goods/0/15/pa21.view.jpg
Img_039_0942.jpg,http://sandeulraefood.co.kr/web/product/big/sandeulrae1_2.jpg
Img_039_0943.jpg,http://api.koreatimes.com/api/res/photobyuser/springnote/sn_328903D8-E73A-4ECF-AE7E-B1DAF6A8041D.jpg
Img_039_0944.jpg,http://api.koreatimes.com/api/res/photobyuser/springnote/sn_EE0E3062-FCD2-4E16-A71C-3946620C23CC.jpg
Img_039_0945.jpg,http://postfiles12.naver.net/20151110_203/chaihyoun_144712051474527Xdh_JPEG/000_thumb.jpg?type=w1
Img_039_0949.JPG,http://postfiles15.naver.net/20151111_126/harunacook_14472006632371Dwz0_JPEG/010.JPG?type=w2
Img_039_0951.jpg,http://www.menupan.com/cook/cookimg/016300.jpg
Img_039_0952.jpg,http://cfile216.uf.daum.net/image/0248325050A3949603A8F7
Img_039_0953.jpg,http://cfile225.uf.daum.net/image/0340783550A39849196F8E
Img_039_0954.JPG,http://homecuisine.co.kr/files/attach/images/140/528/030/05e14529b9e624afacfbafdccaa8d5c1.JPG
Img_039_0955.jpg,http://postfiles5.naver.net/20140925_180/dew36_1411655484428rHVfw_JPEG/1.jpg?type=w1
Img_039_0955.jpg,http://blogfiles.naver.net/20151110_48/chaihyoun_1447132291378S3MJw_JPEG/1.JPG
Img_039_0956.jpg,http://www.jbplaza.com/data/shop/item/10054_l1
Img_039_0957.jpg,http://www.jbplaza.com/data/shop/item/10054_l1
Img_039_0958.jpg,http://cfile219.uf.daum.net/image/114314384DF93FDE17D4EB
Img_039_0959.jpg,http://cfile6.uf.tistory.com/image/116640354D98F1CC33DE6D
Img_039_0960.jpg,http://img.ezmember.co.kr/cache/board/2011/07/07/12201ced46fc3bfd67f33cf8fa1b76a3.jpg
Img_039_0961.jpg,http://cfile27.uf.tistory.com/image/131356334C75C743410B41
Img_039_0964.jpg,https://www.joyful-c.or.kr/files/201111/22/132195633279.jpg
Img_039_0965.jpg,http://postfiles14.naver.net/data43/2009/4/2/45/13_yja305.jpg?type=w2
Img_039_0967.jpg,http://cfile202.uf.daum.net/image/1536023A4F8C17822FBD77
Img_039_0970.jpg,http://idomikimchi.com/web/product/big/201702/17_shop1_111010.jpg
Img_039_0971.jpg,http://cfile22.uf.tistory.com/image/187394164A33ED5A0C9A88
Img_039_0972.jpg,http://recipe.ezmember.co.kr/cache/recipe/2016/10/07/1d7e27774baf852afc2fc7b14d96ea431.jpg
Img_039_0973.jpg,http://recipekorea.com/data/cheditor4/1609/1ffbd8a987fee76e7fc24b9ddf7d47d1_31id2KdW1xJnEfeDYn.jpg
Img_039_0974.jpg,http://recipekorea.com/data/cheditor4/1609/1ffbd8a987fee76e7fc24b9ddf7d47d1_KqYXpGBBMl7.jpg
Img_039_0975.jpg,http://cfile24.uf.tistory.com/image/201267374CA2B3852A98ED
Img_039_0976.jpg,http://blog-imgs-43.fc2.com/t/o/c/tocoopies/20130412160614a95.jpg
Img_039_0977.jpg,http://postfiles2.naver.net/20150403_17/jyo07069_1428045316098aTaOV_JPEG/20150326_235332.jpg?type=w2
Img_039_0978.jpg,http://postfiles4.naver.net/20150915_147/pyoun0181_1442299590004nIdcr_JPEG/20150912_203126_HDR-004.jpg?type=w1
Img_039_0981.jpg,http://news.tongplus.com/site/data/img_dir/2016/10/05/2016100502102_0.jpg
Img_039_0982.jpg,http://cfile226.uf.daum.net/image/2026F93F4F39FC9216EF72
Img_039_0983.jpg,http://recipe.ezmember.co.kr/cache/recipe/2015/11/16/20dbf91c275fd925ab598460b452e05f1.jpg
Img_039_0984.jpg,http://cfile3.uf.tistory.com/image/22050C3555B1B3592A839A
Img_039_0985.jpg,http://cfile29.uf.tistory.com/image/22695F3E537CFA7E3813FA
Img_039_0986.jpg,http://cfile7.uf.tistory.com/image/2425CF455369279B1EB20F
Img_039_0987.JPG,http://img.ezmember.co.kr/cache/board/2012/02/27/24810a0643769ae89c16e86e2202a1a4.JPG
Img_039_0988.jpg,http://cfile202.uf.daum.net/image/2562194F534A86832B56CA
Img_039_0989.jpg,http://cfile9.uf.tistory.com/image/26109647552A6FAE226944
Img_039_0991.jpg,http://cfile235.uf.daum.net/image/27403550544F7DCB313BB8
Img_039_0992.jpg,http://cfile238.uf.daum.net/image/2768BF35515B66E223049D
Img_039_0993.jpg,http://www.gajumarketplace.com/Gjmp36/wp-content/uploads/2012/11/322005b.jpg
Img_039_0994.jpg,http://postfiles7.naver.net/20140925_54/dew36_1411655485009Qt0Y3_JPEG/4.jpg?type=w1
Img_039_0995.jpg,http://www.giantspoon.co.kr/upfiles/product/420470608.jpg
Img_039_0996.jpg,http://img.ezday.co.kr/cache/board/2010/10/04/4315d7cab9ffab8d9422f5b759019819.jpg
Img_039_0998.jpg,http://recipe.ezmember.co.kr/cache/recipe/2015/06/08/497075683ff7b80a727d83fffe96fc31_m.jpg
Img_039_0999.jpg,http://postfiles15.naver.net/20151030_222/yuminma99_1446205301145FhHCa_JPEG/4S0A1885.jpg?type=w3
