Img_036_0000.JPG,http://www.xn--sh1b01ldmmmdz44c.kr/files/userfiles/image/003.JPG
Img_036_0001.JPG,http://postfiles16.naver.net/20150609_207/smile0728_1433849692152H10TC_JPEG/01.JPG?type=w1
Img_036_0002.jpg,http://www.xn--sh1b01ldmmmdz44c.kr/files/userfiles/image/011-001.jpg
Img_036_0003.jpg,http://postfiles15.naver.net/20100621_30/pjmysm_1277086582172JPV9t_jpg/017_pjmysm.jpg?type=w1
Img_036_0004.jpeg,http://www.park.org/Cdrom/Pavilions/Kimchi/032.jpeg
Img_036_0005.jpeg,http://park.org/Cdrom/Pavilions/Kimchi/033.jpeg
Img_036_0006.jpeg,http://park.org/Cdrom/Pavilions/Kimchi/059.jpeg
Img_036_0007.jpg,http://img.ezmember.co.kr/cache/board/2014/05/27/062dc039267e128993a63f503475b099.jpg
Img_036_0008.jpg,http://img.ezmember.co.kr/cache/board/2012/06/27/07a6af4c8f10570f3d70faf7f23f2007.jpg
Img_036_0009.jpg,http://recipe.ezmember.co.kr/cache/recipe/2015/07/29/0abbf148ff9d6061b5b821e3f4c6116e1.jpg
Img_036_0011.jpg,https://lh6.googleusercontent.com/-CPqBoO8y5V8/VGlfHY4QioI/AAAAAAAACZE/pbSeWvmK4Iw/w700-h348-no/1117113443282467.jpg
Img_036_0012.jpg,http://cfile236.uf.daum.net/image/11260639516BFB6535CF50
Img_036_0013.jpg,http://blog.donga.com/mirror180/files/2014/08/11687205721408978221-1024x1010.jpg
Img_036_0014.jpg,http://cfile239.uf.daum.net/image/117195274BA2C33537CE63
Img_036_0015.jpg,http://recipe.ezmember.co.kr/cache/recipe/2015/06/04/1176daa29ccf522f94438dd1ac1b1d4b1_m.jpg
Img_036_0016.jpg,http://kongsarang.yourshop.kr/data/cookstory/11_00_50_2055049434.jpg
Img_036_0017.jpg,http://www.82cook.com/imagedb/orig/2013/0516/12168289d56c1ed0.jpg
Img_036_0018.jpg,http://cfile223.uf.daum.net/image/1241E22249FEE5317811F5
Img_036_0019.jpg,http://cfile230.uf.daum.net/image/1262A44D4F2F6A7C016151
Img_036_0020.jpg,http://cfile29.uf.tistory.com/image/126CB5444D62ED561FA4BB
Img_036_0021.jpg,http://postfiles4.naver.net/20150722_131/ymgs1888_1437534420719Qvyrj_JPEG/13.jpg?type=w1
Img_036_0022.jpg,http://cfile219.uf.daum.net/image/1322B2354C4E37EA791D53
Img_036_0024.jpg,http://cfile23.uf.tistory.com/image/1328C53A4FE2E1C23571BD
Img_036_0025.jpg,http://cfile207.uf.daum.net/image/133DF539516BFB5B1115F8
Img_036_0026.jpg,http://cfile10.uf.tistory.com/image/140149354DEC08F2163EDB
Img_036_0028.jpg,http://postfiles5.naver.net/20140807_68/duhwa19_1407365420710CNO6l_JPEG/1407365472981_20140807_074456.jpg?type=w2
Img_036_0031.jpg,http://dollysgourmetmarket.com/_attach/remote/20150605/14334951260.jpg
Img_036_0033.jpg,http://cfile204.uf.daum.net/image/144B58124BBBE246065DF9
Img_036_0034.jpg,http://cfile206.uf.daum.net/image/152598024BD37E4E668135
Img_036_0035.jpg,http://cfile207.uf.daum.net/image/155434394FD35A4C22CDCB
Img_036_0036.jpg,http://cfile218.uf.daum.net/image/156232414E2EA17A1AF66B
Img_036_0037.jpg,http://recipe.ezmember.co.kr/cache/recipe/2015/06/09/15736599dd547173a99a85989abaea031_m.jpg
Img_036_0039.jpg,http://cfile236.uf.daum.net/image/1678FF124A39A16585D00A
Img_036_0040.jpg,http://postfiles2.naver.net/20130612_193/bronnley79_1370996388475URdYi_JPEG/168.jpg?type=w1
Img_036_0041.jpg,http://recipe.ezmember.co.kr/cache/recipe/2015/06/09/16b820a4d9bf14c86a235f1c6d30ee161.jpg
Img_036_0042.jpg,http://recipe.ezmember.co.kr/cache/recipe/2016/08/10/1715bc8b8888e18bc3c5e76ef7e85fb91_m.jpg
Img_036_0044.jpg,http://cfile210.uf.daum.net/image/172277424F04D841017B4D
Img_036_0045.jpg,http://cfile29.uf.tistory.com/image/172605454D62EB3714E04F
Img_036_0046.jpg,http://cfile204.uf.daum.net/image/173637024C4E2A497D0243
Img_036_0047.jpg,http://cfile5.uf.tistory.com/image/1737C83550289E2E05FE7C
Img_036_0048.jpg,http://cfile223.uf.daum.net/image/173CA0024BB835A0689613
Img_036_0049.jpg,http://cfile213.uf.daum.net/image/174C59544E04DEA50D1F00
Img_036_0050.jpg,http://cfile220.uf.daum.net/image/1756FE1E4BBBDF45670594
Img_036_0052.jpg,http://gdimg.gmarket.co.kr/goods_image2/shop_img/179/088/179088419.jpg
Img_036_0053.jpg,http://cfile217.uf.daum.net/image/1825950B49FEE514F117A0
Img_036_0054.jpg,http://cfile26.uf.tistory.com/image/1861A63B4DEC0CB51ECE17
Img_036_0055.jpg,http://cfile236.uf.daum.net/image/186E70014BD37C793447D7
Img_036_0056.jpg,http://gdimg.gmarket.co.kr/goods_image2/middle_moreimg/188/084/188084187/188084187_03.jpg
Img_036_0057.jpg,http://gdimg.gmarket.co.kr/goods_image2/middle_moreimg/188/084/188084187/188084187_13.jpg
Img_036_0058.jpg,http://www.nykimchi.co.kr/web/product/big/201508/18_shop1_321176.jpg
Img_036_0059.JPG,http://postfiles6.naver.net/20140521_149/jae9551_1400603350552bVURN_JPEG/19.JPG?type=w1
Img_036_0060.jpg,http://cfile214.uf.daum.net/image/1958C8414E2EA179214D71
Img_036_0061.jpg,http://hanafood.kr/web/product/big/201508/19_shop1_253549.jpg
Img_036_0063.jpg,http://postfiles13.naver.net/20120504_172/baby831215_1336090197442meEwS_JPEG/2.jpg?type=w1
Img_036_0064.jpg,http://cphoto.asiae.co.kr/listimglink/6/2015121811032283366_1.jpg
Img_036_0066.jpg,http://cphoto.asiae.co.kr/listimglink/6/2016012118113517644_1.jpg
Img_036_0067.jpg,http://cphoto.asiae.co.kr/listimglink/6/2016051714140390934_1.jpg
Img_036_0068.jpg,http://cfile229.uf.daum.net/image/206984534E29155306D12E
Img_036_0069.jpg,http://cfile235.uf.daum.net/image/207195274BA2C33536082D
Img_036_0070.jpg,http://cfile205.uf.daum.net/image/213562415395CCEC165068
Img_036_0071.jpg,http://cfile227.uf.daum.net/image/214C8D3F55EAE4B70AE728
Img_036_0073.jpg,http://cfile234.uf.daum.net/image/214DCC3D5395CD1A2B5E7D
Img_036_0074.jpg,http://cfile233.uf.daum.net/image/2154323D53E78DB71151A1
Img_036_0075.jpg,http://cfile228.uf.daum.net/image/2209324A5366F0F11ED126
Img_036_0076.jpg,http://cfile226.uf.daum.net/image/2251074F5750EBA307BB1A
Img_036_0077.jpg,http://cfile213.uf.daum.net/image/225EDD4F53AF2B512B074A
Img_036_0078.jpg,http://cfile207.uf.daum.net/image/231A3C3C54EE23F7317CD2
Img_036_0079.jpg,http://cfile233.uf.daum.net/image/231BDD3C54EE23FA3035AB
Img_036_0080.jpg,http://cfile236.uf.daum.net/image/232D013E57A925F21DBC6C
Img_036_0081.jpg,http://cfile218.uf.daum.net/image/233A6439516BFB5F1712AF
Img_036_0082.jpg,http://cfile239.uf.daum.net/image/235F014F53AF2B552B4D26
Img_036_0083.jpg,http://cfile239.uf.daum.net/image/236E9F4F53AF2B3F1989FD
Img_036_0084.jpg,http://cfile231.uf.daum.net/image/241A343C54EE23F9315247
Img_036_0085.jpg,http://cfile222.uf.daum.net/image/241C1E3E550F9894377163
Img_036_0086.jpg,http://cfile235.uf.daum.net/image/241D1A3D55D96EE217149D
Img_036_0087.jpg,http://cfile23.uf.tistory.com/image/24796643571774D2353F7A
Img_036_0088.JPG,http://postfiles15.naver.net/20140521_30/jae9551_1400603352047fAvxf_JPEG/25.JPG?type=w1
Img_036_0089.jpg,http://cfile216.uf.daum.net/image/253FD03B54EE2400369AB0
Img_036_0090.jpg,http://recipe.ezmember.co.kr/cache/recipe/2016/06/03/259be9834b06d1d94908392e2e0ebbcc1.jpg
Img_036_0091.jpg,http://cfile202.uf.daum.net/image/261A563C54EE23FE31F5BB
Img_036_0092.jpg,http://cfile27.uf.tistory.com/image/267C5042520198560BDDC9
Img_036_0093.jpg,http://cfile8.uf.tistory.com/image/271280405201983403F7AB
Img_036_0094.jpg,http://cfile237.uf.daum.net/image/2754983F57A926011E65DB
Img_036_0095.jpg,http://cfile220.uf.daum.net/image/275AD54C53AF2B4B2F6888
Img_036_0096.jpg,http://cfile207.uf.daum.net/image/2760073F57A926001EFA7A
Img_036_0097.png,http://farm4.static.flickr.com/3182/2802427048_372ef8b233_o.png
Img_036_0098.JPG,http://postfiles5.naver.net/20140521_84/jae9551_1400603347508ybI1c_JPEG/31.JPG?type=w1
Img_036_0099.JPG,http://postfiles16.naver.net/20150410_111/jma9028_1428622065498Fu5Nq_JPEG/328.JPG?type=w1
Img_036_0100.JPG,http://postfiles13.naver.net/20140521_76/jae9551_140060205202606WNU_JPEG/33-1.JPG?type=w1
Img_036_0101.jpg,http://geumchi.com/web/product/big/201608/33_shop1_472036.jpg
Img_036_0102.jpg,http://recipe.ezmember.co.kr/cache/recipe/2015/09/11/398f65768bf904fb00129c450e5964761.jpg
Img_036_0104.jpg,http://img.ezmember.co.kr/cache/board/2016/09/29/3d47712a01626f81003611f4e9064b1d.jpg
Img_036_0105.jpg,http://recipe.ezmember.co.kr/cache/recipe/2015/04/10/3d534e39f8e3129358a24bad6616d7c51.jpg
Img_036_0106.jpg,http://recipe.ezmember.co.kr/cache/recipe/2015/05/19/3eff6cc02327cfe53e8ca63872d5e1d41.jpg
Img_036_0107.JPG,http://postfiles11.naver.net/20150722_218/ymgs1888_1437534418681RPKid_JPEG/4.jpg?type=w1
Img_036_0107.JPG,http://postfiles1.naver.net/20160523_224/chaihyoun_1463968176684O8cav_JPEG/4.JPG?type=w1
Img_036_0108.jpg,http://recipe.ezmember.co.kr/cache/recipe/2015/09/11/43be7df50bd90e223447a35747b26711_m.jpg
Img_036_0109.jpg,http://cfs10.blog.daum.net/image/33/blog/2007/08/28/07/09/46d34b7b54b20&amp;filename=000.jpg
Img_036_0110.jpg,http://recipe.ezmember.co.kr/cache/recipe/2016/07/29/4f9b5c0a268ff3e25cc90aeb1528a1301.jpg
Img_036_0111.jpg,http://recipe.ezmember.co.kr/cache/recipe/2015/06/08/55e8ae9574bafb0bf1b74185b1d4db30_m.jpg
Img_036_0112.jpg,http://gdimg.gmarket.co.kr/goods_image2/shop_img/561/844/561844611.jpg
Img_036_0113.jpg,http://thebarunchan.com/web/product/big/201601/56_shop1_268084.jpg
Img_036_0114.jpg,http://img.ezmember.co.kr/cache/board/2012/04/07/58d01269836594e61d0ddd29fc6cc616.jpg
Img_036_0115.jpg,http://recipe.ezmember.co.kr/cache/recipe/2016/06/03/5cfd3947839cc764c146bc6af1c020311.jpg
Img_036_0116.jpg,http://postfiles5.naver.net/20120928_20/sumnyun_1348800754215pNoOl_JPEG/6.jpg?type=w1
Img_036_0117.jpg,http://gdimg.gmarket.co.kr/goods_image2/shop_img/660/308/660308733.jpg
Img_036_0120.jpg,http://gdimg.gmarket.co.kr/751112330/still/600?ver=1501987530
Img_036_0121.JPG,http://postfiles6.naver.net/20120424_53/hyleeyan_1335260518081PL5PC_JPEG/777DSC_0077.JPG?type=w3
Img_036_0122.jpg,http://recipe.ezmember.co.kr/cache/recipe/2016/10/06/7adfc6699ccc6be545789a69351299ef1.jpg
Img_036_0123.jpg,http://recipe.ezmember.co.kr/cache/recipe/2016/10/06/7adfc6699ccc6be545789a69351299ef1_f.jpg
Img_036_0124.jpg,http://img.ezmember.co.kr/cache/board/2015/06/09/59ebe702724b0f6b49acfb131aa2ff6e.jpg
Img_036_0125.jpg,http://blog.donga.com/mirror180/files/2014/08/8052942551408978187.jpg
Img_036_0126.JPG,http://3.bp.blogspot.com/-LJJcjVfxY60/VSEBEh60Q8I/AAAAAAAACQc/P25sHleo1go/s1600/DSC04335.JPG
Img_036_0127.jpg,http://postfiles2.naver.net/20150719_129/mimi030630_1437303086489BtUvR_JPEG/IMG_02117.jpg?type=w2
Img_036_0128.jpg,http://postfiles3.naver.net/20150719_274/mimi030630_1437303090216u8y4w_JPEG/IMG_02121.jpg?type=w2
Img_036_0129.JPG,http://postfiles5.naver.net/20121022_164/heeju001_1350864016817EDU4V_JPEG/IMG_1694.JPG?type=w1
Img_036_0130.jpg,http://postfiles3.naver.net/20150719_98/mimi030630_1437303088765g5QNC_JPEG/IMG_2116.jpg?type=w2
Img_036_0131.jpg,http://postfiles13.naver.net/20150719_60/mimi030630_1437303089522kpUvc_JPEG/IMG_2119.jpg?type=w2
Img_036_0132.JPG,http://postfiles14.naver.net/20140602_157/wwkd0974_1401678474332wHAJm_JPEG/IMG_3673.JPG?type=w1
Img_036_0133.JPG,http://blogfiles.naver.net/20150830_71/yee1036_1440935788616Kq4to_JPEG/IMG_5141.JPG
Img_036_0136.JPG,http://postfiles7.naver.net/20150830_102/yee1036_1440935829936oQUYS_JPEG/IMG_5415.JPG?type=w1
Img_036_0137.JPG,http://blogfiles.naver.net/20150830_17/yee1036_1440935831569byg29_JPEG/IMG_5419.JPG
Img_036_0138.JPG,http://postfiles3.naver.net/20150830_258/yee1036_1440935585249tUnPN_JPEG/IMG_5423.JPG?type=w1
Img_036_0140.JPG,http://blogfiles.naver.net/20150830_231/yee1036_1440935908791HGpdO_JPEG/IMG_5445.JPG
Img_036_0141.JPG,http://postfiles6.naver.net/20120603_261/ehddk5000_1338689174493otxzt_JPEG/IMG_6049.JPG?type=w1
Img_036_0142.JPG,http://postfiles11.naver.net/20120603_10/ehddk5000_13386891732019YXdl_JPEG/IMG_6050.JPG?type=w1
Img_036_0144.JPG,http://postfiles14.naver.net/20140708_29/isis1073_140479243417375mSs_JPEG/IMG_6704.JPG?type=w1
Img_036_0145.JPG,http://postfiles7.naver.net/20140708_150/isis1073_1404792426189GT1zg_JPEG/IMG_6710.JPG?type=w1
Img_036_0146.png,http://postfiles14.naver.net/20150812_13/bbtreecorp_14393419909248LmrK_PNG/OPENAS_1461380.png?type=w1
Img_036_0147.jpg,http://postfiles2.naver.net/20140319_289/koa3958_1395219747745wNIIr_JPEG/P140319_125342.jpg?type=w1
Img_036_0148.jpg,http://img.arirang.co.kr/A_UpFile/RADIO_PHOTO/RADR0145_140814183415.jpg
Img_036_0149.jpg,http://postfiles12.naver.net/20110827_91/aaej0521_1314431144090voJnd_JPEG/REW3_1018.jpg?type=w2
Img_036_0153.jpg,http://recipe.ezmember.co.kr/cache/recipe/2015/04/17/b39dda46cb45016a9cfbe8b21cc144a81.jpg
Img_036_0154.jpg,http://recipe.ezmember.co.kr/cache/recipe/2015/04/17/b39dda46cb45016a9cfbe8b21cc144a81_m.jpg
Img_036_0157.jpg,http://recipe.ezmember.co.kr/cache/recipe/2015/06/08/7ed3e3ba3f9b5642e8307a6ee89d482e1_m.jpg
Img_036_0158.jpg,https://i.ytimg.com/vi/svRPwoAK8I0/hqdefault.jpg
Img_036_0160.jpg,http://recipe.ezmember.co.kr/cache/recipe/2016/05/12/e0cccf2b018385c53f4feab8b5d45ee31_m.jpg
Img_036_0161.jpg,http://media-cache-ak0.pinimg.com/736x/e1/3c/60/e13c60fd1e2d8c848f5c3a1b6c6c8904.jpg
Img_036_0162.jpg,http://image.auction.co.kr/itemimage/e6/f3/7f/e6f37fc23.jpg
Img_036_0163.jpg,http://recipe.ezmember.co.kr/cache/recipe/2016/10/06/eba325776e8466e3bec8e1ce357c17541.jpg
Img_036_0164.jpg,http://image.auction.co.kr/itemimage/ed/9c/4a/ed9c4aef3.jpg
Img_036_0165.jpg,http://recipe.ezmember.co.kr/cache/recipe/2015/04/22/f43d788413a181f4e86c07986badf8611.jpg
Img_036_0166.jpg,http://img.ezmember.co.kr/cache/board/2012/06/27/f672cd47a0fac0f9f79e6eb0735a43be.jpg
Img_036_0167.jpg,https://farm8.staticflickr.com/7312/9443847232_80b414776c.jpg
Img_036_0168.jpg,https://farm4.staticflickr.com/3780/13267533733_0027b20c12.jpg
Img_036_0169.jpg,https://farm8.staticflickr.com/7411/9441059765_dba2d344fb.jpg
Img_036_0170.jpg,https://farm8.staticflickr.com/7245/14023215623_a7be1ecd52.jpg
Img_036_0171.jpg,https://farm3.staticflickr.com/2925/33907063872_fbe0832d6f.jpg
Img_036_0172.jpg,https://farm8.staticflickr.com/7333/27280959094_e52d088438.jpg
Img_036_0173.jpg,https://farm5.staticflickr.com/4136/4925349684_6c1961be84.jpg
Img_036_0177.jpg,http://recipe.ezmember.co.kr/cache/recipe/2016/05/28/862d3f047e011409a87648e6c1884a881.jpg
Img_036_0178.jpg,http://www.foodncafe.com/swfupload/UpLoad/20110309/00/e10ce1a5e0c736ac878a2a06b3836459.jpg
Img_036_0179.jpg,http://recipe.ezmember.co.kr/cache/recipe/2015/06/08/b7769d47faa1909f9c8074877f38df53.jpg
Img_036_0180.jpg,http://kongsarang.yourshop.kr/data/cookstory/11_00_50_2055049434.jpg
Img_036_0181.jpg,http://cfile27.uf.tistory.com/image/262DB3425153A0360E2C2D
Img_036_0182.jpg,http://cfile209.uf.daum.net/image/1927F139516BFB6030010D
Img_036_0183.jpg,http://cfile211.uf.daum.net/image/15615E114C0BAFBE5AEEFB
Img_036_0184.jpg,http://cfile5.uf.tistory.com/image/230F6949579887DA0DE636
Img_036_0185.jpg,http://cfile207.uf.daum.net/image/161F524A501F659C1847C2
Img_036_0186.jpg,http://cfile202.uf.daum.net/image/25142E345315ED6E01253E
Img_036_0187.jpg,http://cfile10.uf.tistory.com/image/140149354DEC08F2163EDB
Img_036_0188.jpg,http://cfile225.uf.daum.net/image/1278FF124A39A167891CB0
Img_036_0189.jpg,http://gdimg.gmarket.co.kr/goods_image2/middle_moreimg/188/084/188084187/188084187_02.jpg?ver=1508293602
Img_036_0190.jpg,http://cfile22.uf.tistory.com/image/141F54374F7D4E7D0B9B63
Img_036_0191.jpg,http://food.chosun.com/site/data/img_dir/2012/10/04/2012100401204_1.jpg
Img_036_0192.jpg,http://cfile2.uf.tistory.com/image/182162154A82CB6A564B8E
Img_036_0193.jpg,http://ekimchi.co.kr/data/item/1451873827/thumb-7Je066y06rmA7LmY2_320x320.jpg
Img_036_0194.jpg,http://postfiles8.naver.net/20110529_135/uemjoa_1306649895393a4nc2_JPEG/079-2.jpg?type=w1
Img_036_0196.jpg,http://cfs9.tistory.com/image/9/tistory/2008/08/28/12/10/48b6171869328
Img_036_0197.jpg,http://postfiles15.naver.net/MjAxNzA0MTdfMjIx/MDAxNDkyNDMyMTgwOTE0.dlEdQmeNu8nmaimnEZ57sKyIHhWuWje2q_QXujHR8Pgg.MRxaQGijHdnaLQM9rrXF8ZH_63LJMcHX0AZ8yXAAfaIg.JPEG.pyoun0181/%EC%97%B4%EB%AC%B4%EA%B9%80%EC%B9%98DSC03039-022.jpg?type=w966
Img_036_0199.jpg,http://cfile239.uf.daum.net/image/117195274BA2C33537CE63
Img_036_0200.jpg,http://img.ezmember.co.kr/cache/board/2015/06/09/59ebe702724b0f6b49acfb131aa2ff6e.jpg
Img_036_0201.jpg,http://cfile236.uf.daum.net/image/11260639516BFB6535CF50
Img_036_0205.jpg,http://cfile201.uf.daum.net/image/246A5D4A5337FF4235ECBF
Img_036_0206.jpg,https://i.ytimg.com/vi/rozX-cRT3z0/hqdefault.jpg
Img_036_0207.jpg,http://postfiles16.naver.net/20121019_127/king940_1350642030891D6HgT_JPEG/%BF%AD%B9%AB%B1%E8%C4%A1%B8%C0%C0%D6%B0%D4%B4%E3%B1%D7%B4%C2%B9%FD.jpg?type=w2
Img_036_0209.jpg,http://recipe.ezmember.co.kr/cache/recipe/2017/04/27/3f7cac1bf77dfb0be05426fa7a0cd37e1.jpg
Img_036_0212.jpg,http://gdimg.gmarket.co.kr/goods_image2/shop_img/747/903/747903879.jpg
Img_036_0213.jpg,https://i.ytimg.com/vi/oaitfc6sjUM/maxresdefault.jpg
Img_036_0215.jpg,http://cfile10.uf.tistory.com/image/2538DE465559DC181BDC85
Img_036_0216.jpg,http://cfile23.uf.tistory.com/image/211EC73C5906AD57212B90
Img_036_0220.jpg,http://cfile26.uf.tistory.com/image/251B9A36572324572DA8D5
Img_036_0221.jpg,http://cfile9.uf.tistory.com/image/264D0450541CE1751F4C1F
Img_036_0222.jpg,http://cfile209.uf.daum.net/image/161FE24D4FDF14D72541F9
Img_036_0226.jpg,https://sandulfood.com/wp-content/uploads/2014/11/%ED%86%A0%EC%A2%85%EC%97%B4%EB%AC%B4%EA%B9%80%EC%B9%98.jpg
Img_036_0227.jpg,https://i.ytimg.com/vi/Sozm_YZh0Eg/maxresdefault.jpg
Img_036_0228.jpg,http://mblogthumb2.phinf.naver.net/MjAxNzA0MTdfMzgg/MDAxNDkyNDMyMTc5MzY0.KCVR1LjbidaIRqMORaMQrYvT4IZNZD901wuKsLu0H-sg.0tWWNah3KBxXEEKTa7eyhew1wUEf3bbVlU6vJZ17A4og.JPEG.pyoun0181/%EC%97%B4%EB%AC%B4%EA%B9%80%EC%B9%98DSC03038-021.jpg?type=w800
Img_036_0230.jpg,http://cfile27.uf.tistory.com/image/267C5042520198560BDDC9
Img_036_0231.jpg,http://postfiles4.naver.net/20110711_211/king940_1310382715888w5P8i_JPEG/DSC_8047-1.jpg?type=w2
Img_036_0232.jpg,http://mblogthumb2.phinf.naver.net/20160801_129/been2579_1470011519824vK2s6_JPEG/16-06-30-16-26-51-829_photo.jpg?type=w800
Img_036_0233.jpg,http://cfile22.uf.tistory.com/image/135691574DABF45F0CDBFB
Img_036_0234.jpg,http://postfiles15.naver.net/MjAxNzA0MzBfMTE1/MDAxNDkzNTExMTk4MTUx.l85VUxq6VCEP_t91JzM2GledLhEFL5E7LwMoiUInFfog.LVreTfz0qKAsmK3f4ys9piMaFOCfPU8NLzn1ajZ85C0g.JPEG.pyoun0181/%ED%85%83%EB%B0%AD%EC%97%B4%EB%AC%B4%EA%B9%80%EC%B9%98DSC00631-009.jpg?type=w966
Img_036_0235.jpg,http://cfile8.uf.tistory.com/image/271E11435906A41203E564
Img_036_0236.jpg,http://cfile21.uf.tistory.com/image/1812DB3C4FE93CC62EBEF3
Img_036_0237.jpg,http://cfile26.uf.tistory.com/image/232F914659108CBF31875F
Img_036_0238.jpg,http://postfiles3.naver.net/20160816_274/gorakk58_1471296640744H8Ja3_JPEG/20160815_175418.jpg?type=w773
Img_036_0240.jpg,http://recipe.ezmember.co.kr/cache/recipe/2016/05/20/189f8b8e2af2abebc54e43350aeb4a551.jpg
Img_036_0241.jpg,http://recipe.ezmember.co.kr/cache/recipe/2016/05/19/57eaf1aeed4ce1e5a2c0a9358225675a1.jpg
Img_036_0242.jpg,http://img.ezmember.co.kr/cache/board/2013/06/26/a04f29dc5c4bcd5fe38a241b4bcf8e9e.jpg
Img_036_0244.jpg,http://postfiles16.naver.net/MjAxNzAzMjBfMjEy/MDAxNDkwMDA3OTMzMjcw.k54_ayQ85yuyUNGMEYJLgT5vdz2OV5j9K4P0MCQ1fxgg.ow-cEwu5esdKvbnEGQRqJeWVATvkuhki0vRbG9i8qa0g.JPEG.whwndud7/%EC%97%B4%EB%AC%B4%EA%B9%80%EC%B9%98_01.jpg?type=w1
Img_036_0246.jpg,http://cfile231.uf.daum.net/image/172FA81F4CA148BC79238B
Img_036_0247.jpg,http://cfile229.uf.daum.net/image/1704CA4B505C4C6233E14F
Img_036_0250.jpg,http://cfile219.uf.daum.net/image/27030233596BF9172293D7
Img_036_0252.jpg,http://cfile7.uf.tistory.com/image/2425CF455369279B1EB20F
Img_036_0253.jpg,http://cfile234.uf.daum.net/image/214DCC3D5395CD1A2B5E7D
Img_036_0254.jpg,http://recipe.ezmember.co.kr/cache/recipe/2017/04/29/646a6b77b6c119e1682039ac934fac141.jpg
Img_036_0255.jpg,http://postfiles9.naver.net/20160913_88/rhkwkdrhkdrh_1473719977787qU9Tq_JPEG/20160913_070917.jpg?type=w966
Img_036_0256.jpg,http://mblogthumb4.phinf.naver.net/20160521_11/gmlxornjs_1463837289718Xwcf4_JPEG/20160508_212048.jpg?type=w800
Img_036_0257.jpg,http://postfiles12.naver.net/MjAxNzA0MzBfNzAg/MDAxNDkzNTExMTk5NjQy.IMJxepAy8aC8BqEwvQGAA5ZPCUsycFF5PBtMVY2BtYog.8Q38aUll8MVhxzCQNL0ZWntKjCvVq8jHAoOiYWtxlvUg.JPEG.pyoun0181/%ED%85%83%EB%B0%AD%EC%97%B4%EB%AC%B4%EA%B9%80%EC%B9%98DSC00643-015.jpg?type=w966
Img_036_0258.jpg,https://i.ytimg.com/vi/zlDsKlBDelk/maxresdefault.jpg
Img_036_0259.jpg,http://postfiles2.naver.net/MjAxNzA2MTlfMTkx/MDAxNDk3ODc2MjgxNzM5.FgCEORY3p7s4XrR4n1_m_fBq0nN-2d-dj5rCrLbMiLMg.Mnf5-FLq0Z1vl6LkWyQ5wQRnYyQt6zwyjUqQzpggtwsg.JPEG.moo4114/image_3965111951497875396599.jpg?type=w773
Img_036_0260.jpg,https://i.ytimg.com/vi/djpEgBevWJY/hqdefault.jpg
Img_036_0262.jpg,http://cfile4.uf.tistory.com/image/24014D3755713E200AEE69
Img_036_0263.jpg,http://cfile27.uf.tistory.com/image/1914424E5031CF491D29F9
Img_036_0264.jpg,http://mblogthumb2.phinf.naver.net/MjAxNzAzMjBfMTY5/MDAxNDkwMDA3OTM3ODg5.6pOd7KGkF1Thjgqj4UwVwDRrpoKU7QO4QzA7foCKIwgg.N0r0Vo9dHXmQX6GydAicbgCssLX4zz00aA9Uxza7Q-Yg.JPEG.whwndud7/%EC%97%B4%EB%AC%B4%EA%B9%80%EC%B9%98_24.jpg?type=w2
Img_036_0265.jpg,http://recipe.ezmember.co.kr/cache/recipe/2017/03/08/3541bb0dc50056f11514a371356eef731.jpg
Img_036_0266.jpg,http://mblogthumb1.phinf.naver.net/20160816_36/meekblue_1471355597869V1tFV_JPEG/IMG_4213.JPG?type=w800
Img_036_0267.jpg,http://mblogthumb2.phinf.naver.net/MjAxNzA1MjlfMTQz/MDAxNDk2MDQ0NjkzNDIw.TymxhMojXMuVENIpo2Oxt8HXcWcz9JmQXeSqvspS2UAg.Qm-jx0zIuL7Zei1IHTufwdaw1nz34t4ckoSVi2xByJcg.JPEG.lemonjin7088/%EC%97%B4%EB%AC%B4%EA%B9%80%EC%B9%98100.JPG?type=w800
Img_036_0269.jpg,http://blogthumb2.naver.net/20160403_29/kks620305_1459663704453xb5sh_JPEG/%BF%AD%B9%AB%B1%E8%C4%A1%B4%E3%B1%D7%B4%C2%B9%FD15.jpg?type=w2
Img_036_0271.jpg,https://uslog.files.wordpress.com/2015/10/102715_1448_1.jpg?w=768
Img_036_0272.jpg,http://cfile5.uf.tistory.com/image/234B3F4F57B284890AB078
Img_036_0273.jpg,http://mblogthumb1.phinf.naver.net/20150728_208/chaihyoun_1438069614182OYRoz_JPEG/1.JPG?type=w2
Img_036_0274.jpg,http://blogthumb2.naver.net/20150727_247/sairapina63_1438008830405vhDuu_JPEG/_MG_6398.JPG?type=w2
Img_036_0275.jpg,http://cfile28.uf.tistory.com/image/223CE848579FE5B5021323
Img_036_0278.jpg,http://cfile223.uf.daum.net/image/251E403E520232D82AB045
Img_036_0279.jpg,http://cfile8.uf.tistory.com/image/221DD649592C37AC184967
Img_036_0281.jpg,http://pds25.egloos.com/pds/201505/22/01/b0143701_555e7b1d36780.jpg
Img_036_0284.jpg,http://blogfiles.naver.net/20110529_205/uemjoa_1306674537341XyQSk_JPEG/106-3.jpg
Img_036_0287.jpg,http://postfiles16.naver.net/MjAxNzA0MzBfOTEg/MDAxNDkzNTM3NTA3NTQ0.96VgVXlTEhCkti998i7dqKHMFHlXh8D1H6wCb86aN58g.aBRI6GoRu-482NBqtSlfA8vSzmcVTNle3Wilquuc-58g.JPEG.kunu26/%EC%97%B4%EB%AC%B431.jpg?type=w966
Img_036_0288.jpg,http://img.ezmember.co.kr/cache/board/2014/05/27/062dc039267e128993a63f503475b099.jpg
Img_036_0290.jpg,http://mosanfs.co.kr/web/product/big/201608/34_shop1_865267.jpg
Img_036_0292.jpg,http://postfiles12.naver.net/MjAxNzA3MjlfMTky/MDAxNTAxMzIyMzI0NTQ5.WaPnvSzBS6XawQrb8jVmD0HepeCBikY9PTP9B-CL0cAg.bkJvHn0te3OdlJvUtHAXqGd7BJVqk9WKYAKmYDUK4Qog.JPEG.lhw2580/DSC02289.JPG?type=w773
Img_036_0295.jpg,https://s-media-cache-ak0.pinimg.com/originals/24/96/83/249683b9d0bf026230dc9d7ad484df56.jpg
Img_036_0296.jpg,http://cfile206.uf.daum.net/image/152598024BD37E4E668135
Img_036_0297.jpg,http://yesodamkimchi.com/web/product/big/201608/55_shop1_203825.png
Img_036_0299.jpg,http://cfile29.uf.tistory.com/image/277AA74C5594544E248A59
Img_036_0300.jpg,http://postfiles5.naver.net/MjAxNzA2MThfMjAx/MDAxNDk3NzY3Mzk5MzY5.fSnaXDfwUL_wmdzHlFdxtcvi-QneTTqoNPL4eR1DAyQg.ntWdSIalzbpsbPMyMqMRypORB3e9u5vBdqNkZ0etA0Ag.JPEG.first0720/SAM_5490.JPG?type=w966
Img_036_0302.jpg,http://cfile24.uf.tistory.com/image/2274CC3355736C4022C8F9
Img_036_0305.jpg,http://hbsfood.com/shop/data/goods/1499841281710m0.jpg
Img_036_0307.jpg,http://food.chosun.com/site/data/img_dir/2016/08/01/2016080101613_0.jpg
Img_036_0311.jpg,http://cfile6.uf.tistory.com/image/145C0D3E502DA1EA31DED5
Img_036_0312.jpg,http://cfile10.uf.tistory.com/image/200B881B4C68786D8FB554
Img_036_0315.jpg,https://i.ytimg.com/vi/wut03hWlZHo/hqdefault.jpg
Img_036_0316.jpg,http://pds26.egloos.com/pds/201403/03/67/a0093967_5314082caef6c.jpg
Img_036_0317.jpg,http://post.phinf.naver.net/MjAxNzAzMjFfMjY4/MDAxNDkwMDY3MjY2MDIw.45q5xRgeC4eDpyuoBz3OaxNO32_UwQU3RKxZ8Rk9cSMg.oe4KhsmDpiivSrR8yCpFwZQzaGtvLXMRuPKx79hZamQg.JPEG/20170320_09.jpg?type=w1200
Img_036_0319.jpg,http://blog.yourstage.com/attach/18420/636324488691660380.png
Img_036_0320.jpg,http://mblogthumb1.phinf.naver.net/20160508_104/janganrice_1462683444697fst3P_JPEG/IMG_20160508_34.jpg?type=w800
Img_036_0322.jpg,http://yoons-magazine.com/wp-content/uploads/2015/12/%EC%97%B4%EB%AC%B4%EA%B9%80%EC%B9%98.jpg
Img_036_0323.jpg,http://blogthumb2.naver.net/20150406_171/esuk8600_1428270982234CG5l1_JPEG/20150405_175510.jpg?type=w2
Img_036_0327.jpg,https://scontent-cdt1-1.cdninstagram.com/t51.2885-15/s640x640/sh0.08/e35/19121566_1304609346305095_7746272280556077056_n.jpg
Img_036_0331.jpg,http://mblogthumb3.phinf.naver.net/20160616_22/pul_saem_1466065564963FtUHE_JPEG/2.JPG?type=w800
Img_036_0333.jpg,http://cfile23.uf.tistory.com/image/24796643571774D2353F7A
Img_036_0335.jpg,http://cfile207.uf.daum.net/image/186D1A0F4C0022671FF50C
Img_036_0337.jpg,http://postfiles5.naver.net/20150624_228/55natasha_1435116271219SqeGt_JPEG/NaverBlog_20150624_122430_01.jpg?type=w2
Img_036_0340.jpg,http://img.ezmember.co.kr/cache/board/2013/09/20/b1d68a7d561e6acb2216a867536051b5.JPG
Img_036_0341.jpg,http://postfiles5.naver.net/20121022_164/heeju001_1350864016817EDU4V_JPEG/IMG_1694.JPG?type=w1
Img_036_0342.jpg,http://cfile4.uf.tistory.com/image/23353C415144FC53271C9F
Img_036_0343.jpg,http://postfiles3.naver.net/20110819_178/heeju001_1313731398839pBvwD_JPEG/IMG_6553.JPG?type=w1
Img_036_0344.jpg,http://mblogthumb4.phinf.naver.net/20160419_163/lafleur7_1461033473901TIGvl_JPEG/DSC05273.JPG?type=w800
Img_036_0345.jpg,http://cfile1.uf.tistory.com/image/272A284959114F5B0D0B20
Img_036_0346.jpg,http://postfiles16.naver.net/20150609_207/smile0728_1433849692152H10TC_JPEG/01.JPG?type=w1
Img_036_0348.jpg,http://cfs13.blog.daum.net/image/14/blog/2008/08/28/11/55/48b613a647775&filename=%EC%B4%88%EA%B0%80%EC%9D%84%EC%97%B4%EB%AC%B4%EA%B9%80%EC%B9%9811.jpg
Img_036_0350.jpg,http://eommakimchi.com/web/product/big/201705/20_shop1_661165.jpg
Img_036_0355.jpg,http://postfiles11.naver.net/20090706_42/cocker1102_1246854925803RSpbO_jpg/%EC%97%B4%EB%AC%B4%EA%B9%80%EC%B9%98.._cocker1102.jpg?type=w1
Img_036_0358.jpg,http://cfile232.uf.daum.net/image/15256B3F4F97F06532E3FC
Img_036_0360.jpg,http://cfs11.blog.daum.net/image/23/blog/2008/03/21/00/09/47e27e1153bcf&filename=%EC%97%B4%EB%AC%B413.jpg
Img_036_0361.jpg,http://image.hnsmall.com/images/goods/015/11497015_h.jpg
Img_036_0363.jpg,http://post.phinf.naver.net/MjAxNzA1MThfMTIz/MDAxNDk1MDk0MTI3NTQ5.x20kI8kuaYhImQxMalby7kIA_AwSY-ulNoHF-_i233wg.F45tFPFK_bhNt8REjZlHDWbzPujKIE_1ZdnkU482K2wg.JPEG/%EC%97%B4%EB%AC%B4%EA%B9%80%EC%B9%98.jpg?type=w1200
Img_036_0364.jpg,http://postfiles15.naver.net/20090727_254/dbsal35_1248680347707rvAVw_jpg/%EC%97%B4%EB%AC%B4%EA%B9%80%EC%B9%98=600%60_dbsal35.jpg?type=w2
Img_036_0366.jpg,http://isckimchi.com/web/product/big/201703/37_shop1_913312.jpg
Img_036_0369.jpg,http://cfile29.uf.tistory.com/image/1718F34B4D5EFE57072F6C
Img_036_0372.jpg,http://blogthumb2.naver.net/20130409_271/catsmom7_1365509871762cxsJM_JPEG/%BF%AD%B9%AB%B1%E8%C4%A1%B4%E3%B1%D7%B4%C2%B9%FD_.jpg?type=w2
Img_036_0373.jpg,http://postfiles3.naver.net/MjAxNzAzMzFfMjQ1/MDAxNDkwOTU0NTU2ODAz.QnkJ5VMeCAhOGT004vIMxlSCqzRAnCrAKpkii9e5o80g.K99u3dMFM2ARADYLM1VeQhj42FBSTpsRHQpuIozpVQ8g.JPEG.sairapina63/image_442611781490954562934.jpg?type=w773
Img_036_0375.jpg,http://postfiles7.naver.net/20140708_150/isis1073_1404792426189GT1zg_JPEG/IMG_6710.JPG?type=w1
Img_036_0381.jpg,https://i.ytimg.com/vi/zCi3Iy4D09c/maxresdefault.jpg
Img_036_0382.jpg,http://thekimchi.co.kr/file_data/thekimchi01/2016/04/12/4717dcbc96b7184b6d4273af34590cd7.
Img_036_0383.jpg,http://cfile1.uf.tistory.com/image/1611DB544E2909BB0A5ABC
Img_036_0384.jpg,http://img.theqoo.net/img/cOsmx.jpg
Img_036_0385.jpg,http://cfile10.uf.tistory.com/image/197D1C424DFF61121B2C76
Img_036_0386.jpg,http://www.82cook.com/imagedb/orig/2013/0516/12168289d56c1ed0.jpg
Img_036_0389.jpg,http://cfile215.uf.daum.net/image/15022D4B4E9E14A139A0F6
Img_036_0391.jpg,https://i.ytimg.com/vi/4vpWdv2EDKo/maxresdefault.jpg
Img_036_0392.jpg,http://mall.ourhome.co.kr//attach_file/20161223/90A1F58B455D4479BFE37690A98E53F4.jpg
Img_036_0394.jpg,http://img.ezday.co.kr/cache/board/2010/02/01/f193833d300617bef8bdf95f8a0742c4.jpg
Img_036_0396.jpg,http://blog.koreadaily.com/_data/user/c/h/o/cho4890kr/image/2013/1/11212203_1.jpg
Img_036_0397.jpg,http://cphoto.asiae.co.kr/listimglink/6/2016012118113517644_1.jpg
Img_036_0400.jpg,http://cfile28.uf.tistory.com/image/276B423D58A2C1E609F067
Img_036_0403.jpg,http://cfile237.uf.daum.net/image/132165524D305A3A04095E
Img_036_0404.jpg,https://www.menupan.com/common/service/img_proxy.asp?src=http%3A%2F%2Fpostfiles3.naver.net%2F20150711_162%2Fmuseok27_1436543935236syBDv_JPEG%2F020-008.JPG%3Ftype%3Dw2
Img_036_0405.jpg,http://cfile222.uf.daum.net/image/241C1E3E550F9894377163
Img_036_0406.jpg,http://cfile28.uf.tistory.com/image/13595F124C0BA7C77F07E5
Img_036_0408.jpg,http://sinsunkimchi.com/web/product/medium/201705/45_shop1_917787.jpg
Img_036_0409.jpg,http://blogthumb2.naver.net/20150728_256/chaihyoun_1438070146344JlS20_JPEG/1.JPG?type=w2
Img_036_0409.jpg,http://postfiles1.naver.net/20150722_112/ymgs1888_1437534418127Kyn1x_JPEG/1.jpg?type=w1
Img_036_0411.jpg,http://image.ec21.com/image/junganfood/koimg_GC00134929_CA00134933/CA00134933.jpg
Img_036_0412.jpg,http://cfs15.tistory.com/upload_control/download.blog?fhandle=YmxvZzI4MzAyM0BmczE1LnRpc3RvcnkuY29tOi9hdHRhY2gvMjkvMjkyMS5qcGc%3D
Img_036_0413.jpg,http://cfs13.tistory.com/upload_control/download.blog?fhandle=YmxvZzI4MzAyM0BmczEzLnRpc3RvcnkuY29tOi9hdHRhY2gvMjkvMjk4Ni5qcGc%3D
Img_036_0414.jpg,http://cfile4.uf.tistory.com/image/2065E63D4F4BFD7E1E4CF3
Img_036_0419.jpg,http://www.ecpmall.com/data/item/1451363156_m
Img_036_0420.jpg,http://www.kb80kimchi.com/upload/demo/shopimage/01300000000000000009L.jpg
Img_036_0425.jpg,http://www.koreadaily.com/_data/article_img/2010/05/05/182820781.jpg
Img_036_0430.jpg,http://postfiles16.naver.net/20160501_239/nora2014_1462090214360cibgT_JPEG/%BF%AD%B9%AB%BE%F3%B0%A5%C0%CC0004-20160427-135228.JPG?type=w966
Img_036_0431.jpg,http://img.ezday.co.kr/cache/board/2010/05/14/e8bb04672caed5d6a548079cad3e70ad.jpg
Img_036_0432.jpg,http://postfiles11.naver.net/20160816_218/menzel_1471359073637hAv3G_JPEG/image_3230004371471358444196.jpg?type=w966
Img_036_0434.jpg,http://cfile6.uf.tistory.com/image/2767FF3657AB5E130582F9
Img_036_0435.jpg,http://cfile5.uf.tistory.com/image/1330703B4FE2DF591A0673
Img_036_0436.jpg,http://www.sisterkitchen.co.kr/uploads/pw1602004/201704/2fded21846d497e51e4c3d28f69b5171_crop.jpg?t=15ba047af62
Img_036_0440.jpg,http://blog.donga.com/mirror180/files/2014/08/8052942551408978187.jpg
Img_036_0441.jpg,http://postfiles13.naver.net/20110721_28/kore2_1311207691807VnvM9_JPEG/IMG_1008.jpg?type=w1
Img_036_0444.jpg,http://postfiles9.naver.net/20160404_24/chdhfdl0525_1459695641720lr8lr_JPEG/DSC06257.JPG?type=w966
Img_036_0445.jpg,http://mblogthumb3.phinf.naver.net/20140308_54/cyh4014_1394241777061SUmCg_JPEG/IMG_7473.JPG?type=w2
Img_036_0446.jpg,http://cfile239.uf.daum.net/image/18590C1C49E5DDAFCC4927
Img_036_0450.jpg,http://cfile1.uf.tistory.com/image/112926144A3DF502BA6B88
Img_036_0451.jpg,http://cfile29.uf.tistory.com/image/126CB5444D62ED561FA4BB
Img_036_0462.jpeg,http://park.org/Cdrom/Pavilions/Kimchi/hakim270.jpeg
Img_036_0463.jpg,https://i.ytimg.com/vi/zUdPxBUeqZQ/hqdefault.jpg
Img_036_0464.jpg,http://postfiles12.naver.net/20160809_187/yy2she_1470742182734crOUY_JPEG/image_2859988141470742110311.jpg?type=w773
Img_036_0465.jpg,http://www.luchiafood.com/web/upload/leaflet/img/leaflet_yr3.jpg
Img_036_0551.jpg,http://cfile232.uf.daum.net/image/15256B3F4F97F06532E3FC
Img_036_0623.jpg,http://postfiles16.naver.net/20121019_127/king940_1350642030891D6HgT_JPEG/%BF%AD%B9%AB%B1%E8%C4%A1%B8%C0%C0%D6%B0%D4%B4%E3%B1%D7%B4%C2%B9%FD.jpg?type=w2
Img_036_0629.jpg,http://postfiles14.naver.net/20140708_29/isis1073_140479243417375mSs_JPEG/IMG_6704.JPG?type=w1
Img_036_0677.jpg,http://cfile208.uf.daum.net/image/1820854A501F659717BF94
Img_036_0680.jpg,http://mblogthumb2.phinf.naver.net/MjAxNzA1MjVfMjI2/MDAxNDk1NzIyMTI5MTE2.X7fhvdaj-J_KY3tpXCexDoF57uu1dAGP8Mm5rSF4aKQg.JnrXPUfUhbTPoIAhU8hcUXzxuP_Y03EX1TEHT0IkUbcg.JPEG.yunhui1893/_MG_2086.JPG?type=w800
Img_036_0715.jpg,http://postfiles7.naver.net/20140708_150/isis1073_1404792426189GT1zg_JPEG/IMG_6710.JPG?type=w1
Img_036_0768.jpg,http://postfiles5.naver.net/20160705_116/mimi030630_1467698081220rz5Jj_JPEG/IMG_190.jpg?type=w2
Img_036_0781.jpg,http://mblogthumb1.phinf.naver.net/20150728_208/chaihyoun_1438069614182OYRoz_JPEG/1.JPG?type=w2
Img_036_0803.jpg,http://postfiles11.naver.net/20150722_218/ymgs1888_1437534418681RPKid_JPEG/4.jpg?type=w1
Img_036_0803.jpg,http://postfiles1.naver.net/20160523_224/chaihyoun_1463968176684O8cav_JPEG/4.JPG?type=w1
Img_036_0826.jpg,http://cfile228.uf.daum.net/image/2209324A5366F0F11ED126
Img_036_0869.jpg,http://postfiles7.naver.net/MjAxNzA4MjZfMTY2/MDAxNTAzNzAzNjQxNDM5.9SvUtMRcfOoznldyOSuIHz1Ye0LgZT24LI3EbnHk8Ecg.5dCVrZQlzMsQNxO0divQ-_RFccppx6eaugzea3nv6m0g.JPEG.jh2y3/%EC%97%B4%EB%AC%B4%EA%B9%80%EC%B9%98%EB%8B%B4%EA%B7%B8%EB%8A%94%EB%B2%95_%2847%29.JPG?type=w1
Img_036_0899.jpg,http://postfiles4.naver.net/MjAxNzA5MTRfMjIx/MDAxNTA1MzIxODI2ODEx.vhFMpT1ufNILreVL4at-9Kq4gU0ulQWHPGMzD1_SpsEg.WFoAYI3o8ZQbNVcRvuGytN_o50eNGSnLDPkJCXUMTPEg.JPEG.king940/image_5474849671505321792343.jpg?type=w773
Img_036_0946.jpg,http://mblogthumb4.phinf.naver.net/MjAxNjExMjNfMjcw/MDAxNDc5ODc4OTE2NjY2.IlLDOKK0hrXEeQgTU8GcCIb8P4-h5JuQJcHSfKpBWaog.lF21p4e4Bs2qDQdq_ILtKrd5QY7R1GnwxxmDsn3NGl8g.JPEG.forshyjh/%EC%97%B4%EB%AC%B4%EA%B9%80%EC%B9%98_%2826%29.JPG?type=w2
Img_036_0949.jpg,http://cfile23.uf.tistory.com/image/24796643571774D2353F7A
Img_036_0961.jpg,http://m2slim.com/shop/images/food/recipe1013_01.jpg
Img_036_0962.JPEG,http://postfiles1.naver.net/20140825_80/pthee2014_1408908617201rKGyu_JPEG/stm20140818131618.JPEG?type=w2
Img_036_0963.png,http://www.yaksunwon.com/data/item/1419568757/thumb-kimchi_img07_510x350.png
Img_036_0964.JPG,http://4.bp.blogspot.com/-TMJHsp7OwZM/TZd9y80ncmI/AAAAAAAAAm0/6CE248l8cIY/s1600/yeulmugimch_title.JPG
Img_036_0965.JPG,http://www.xn--sh1b01ldmmmdz44c.kr/files/userfiles/image/003.JPG
Img_036_0966.JPG,http://postfiles16.naver.net/20150609_207/smile0728_1433849692152H10TC_JPEG/01.JPG?type=w1
Img_036_0967.jpg,http://www.xn--sh1b01ldmmmdz44c.kr/files/userfiles/image/011-001.jpg
Img_036_0968.jpg,http://postfiles15.naver.net/20100621_30/pjmysm_1277086582172JPV9t_jpg/017_pjmysm.jpg?type=w1
Img_036_0969.jpeg,http://www.park.org/Cdrom/Pavilions/Kimchi/032.jpeg
Img_036_0970.jpeg,http://park.org/Cdrom/Pavilions/Kimchi/033.jpeg
Img_036_0971.jpeg,http://park.org/Cdrom/Pavilions/Kimchi/059.jpeg
Img_036_0972.jpg,http://img.ezmember.co.kr/cache/board/2014/05/27/062dc039267e128993a63f503475b099.jpg
Img_036_0973.jpg,http://img.ezmember.co.kr/cache/board/2012/06/27/07a6af4c8f10570f3d70faf7f23f2007.jpg
Img_036_0974.jpg,http://recipe.ezmember.co.kr/cache/recipe/2015/07/29/0abbf148ff9d6061b5b821e3f4c6116e1.jpg
Img_036_0976.jpg,https://lh6.googleusercontent.com/-CPqBoO8y5V8/VGlfHY4QioI/AAAAAAAACZE/pbSeWvmK4Iw/w700-h348-no/1117113443282467.jpg
Img_036_0977.jpg,http://cfile236.uf.daum.net/image/11260639516BFB6535CF50
Img_036_0978.jpg,http://blog.donga.com/mirror180/files/2014/08/11687205721408978221-1024x1010.jpg
Img_036_0979.jpg,http://cfile239.uf.daum.net/image/117195274BA2C33537CE63
Img_036_0980.jpg,http://recipe.ezmember.co.kr/cache/recipe/2015/06/04/1176daa29ccf522f94438dd1ac1b1d4b1_m.jpg
Img_036_0981.jpg,http://kongsarang.yourshop.kr/data/cookstory/11_00_50_2055049434.jpg
Img_036_0982.jpg,http://www.82cook.com/imagedb/orig/2013/0516/12168289d56c1ed0.jpg
Img_036_0983.jpg,http://cfile223.uf.daum.net/image/1241E22249FEE5317811F5
Img_036_0984.jpg,http://cfile230.uf.daum.net/image/1262A44D4F2F6A7C016151
Img_036_0985.jpg,http://cfile29.uf.tistory.com/image/126CB5444D62ED561FA4BB
Img_036_0986.jpg,http://postfiles4.naver.net/20150722_131/ymgs1888_1437534420719Qvyrj_JPEG/13.jpg?type=w1
Img_036_0987.jpg,http://cfile219.uf.daum.net/image/1322B2354C4E37EA791D53
Img_036_0989.jpg,http://cfile23.uf.tistory.com/image/1328C53A4FE2E1C23571BD
Img_036_0990.jpg,http://cfile207.uf.daum.net/image/133DF539516BFB5B1115F8
Img_036_0991.jpg,http://cfile10.uf.tistory.com/image/140149354DEC08F2163EDB
Img_036_0993.jpg,http://postfiles5.naver.net/20140807_68/duhwa19_1407365420710CNO6l_JPEG/1407365472981_20140807_074456.jpg?type=w2
Img_036_0996.jpg,http://dollysgourmetmarket.com/_attach/remote/20150605/14334951260.jpg
Img_036_0998.jpg,http://cfile204.uf.daum.net/image/144B58124BBBE246065DF9
Img_036_0999.jpg,http://cfile206.uf.daum.net/image/152598024BD37E4E668135
