Img_031_0000.jpg,http://img.dongwonmall.com/dwmall/static_root/product_img/main/0007770/000777017_1_b.jpg
Img_031_0002.jpg,http://cfile236.uf.daum.net/image/1163790D4B2C33D17DBD5D
Img_031_0003.jpg,http://www.mcooking.co.kr/data/edu/1173864522.jpg
Img_031_0004.jpg,http://cfile9.uf.tistory.com/image/126E3A41510FA43318A856
Img_031_0005.jpg,http://cfile239.uf.daum.net/image/130E440D4B621F93466DBB
Img_031_0006.jpg,http://cfile219.uf.daum.net/image/131D9C034B2BAF1A5B21AC
Img_031_0007.jpg,http://www.foodya.co.kr/data/item/1345002797_l1
Img_031_0008.jpg,http://cfile221.uf.daum.net/image/14173A0E4B620173056D1B
Img_031_0009.jpg,http://cfile236.uf.daum.net/image/141D9C034B2BAF1A5CDBEA
Img_031_0010.jpg,http://cfile217.uf.daum.net/image/142DC34C4EAD26C2347CFF
Img_031_0011.jpg,http://wkiss.wikim.re.kr/data/board/kind/150223130548_2886734975_1KHLoRvl.jpg
Img_031_0012.jpg,http://cfile227.uf.daum.net/image/154B4F4B4EAD262D22938D
Img_031_0013.jpg,http://cfile207.uf.daum.net/image/1554E6484EAD28052C550B
Img_031_0014.jpg,http://cfile215.uf.daum.net/image/167149044B620E5F1398F0
Img_031_0015.jpg,http://cfile215.uf.daum.net/image/1712C24C505B23C91CA7E1
Img_031_0016.jpg,http://www.82cook.com/imagedb/orig/2011/0905/caeda1a5533a2ce8.jpg
Img_031_0017.jpg,http://cfile210.uf.daum.net/image/1768C5284B2C1044356397
Img_031_0018.JPG,http://blogfiles.naver.net/20140904_298/jae9551_1409761133737UUj5P_JPEG/18.JPG
Img_031_0019.jpg,http://cfile213.uf.daum.net/image/1815150C4AAEBBAF3178C9
Img_031_0020.jpg,http://cfile220.uf.daum.net/image/1917E60E4B620165029F1F
Img_031_0022.jpg,http://cfile233.uf.daum.net/image/196E8E024B620E491A39A8
Img_031_0025.jpg,http://postfiles10.naver.net/20150210_201/4313hs_1423569979352wQin9_JPEG/20150210_144808.jpg?type=w2
Img_031_0026.jpg,http://dowa.kr/data/base/goods/big/201600445121529.jpg
Img_031_0027.jpg,http://postfiles7.naver.net/20160519_54/psa629_1463618236965D7L3O_JPEG/20160514_194408.jpg?type=w773
Img_031_0028.jpg,http://cfile209.uf.daum.net/image/203CCD474EAD27E52DAF4E
Img_031_0029.JPG,http://blogfiles.naver.net/20140904_253/jae9551_1409758783895SaY35_JPEG/21-1.JPG
Img_031_0030.jpg,http://cfile30.uf.tistory.com/image/226264355282E7832ADA15
Img_031_0031.JPG,http://blogfiles.naver.net/20140904_83/jae9551_1409759784799x18df_JPEG/24.JPG
Img_031_0033.JPG,http://blogfiles.naver.net/20140904_276/jae9551_1409761398087T2pLV_JPEG/26.JPG
Img_031_0034.JPG,http://blogfiles.naver.net/20140904_254/jae9551_1409761404681b69YJ_JPEG/27.JPG
Img_031_0037.jpg,http://cfile2.uf.tistory.com/image/2254DF4652526B9C1150F7
Img_031_0038.jpg,http://recipe.ezmember.co.kr/cache/recipe/2015/06/09/57658026a935be6b7ccef9fc40cca0bb_m.jpg
Img_031_0039.jpg,http://www.82cook.com/imagedb/orig/2011/0905/5a17262bae082fbd.jpg
Img_031_0040.jpg,http://image.auction.co.kr/itemimage/71/aa/bd/71aabdc02.jpg
Img_031_0042.png,http://www.ukimchi.kr/data/admin/board_upload/1/images/9813620b059f45e4597a835bbd240e93.png
Img_031_0043.JPG,http://postfiles16.naver.net/20111028_79/jsk3514_1319778367709Tr1UM_JPEG/DSC_0595.JPG?type=w2
Img_031_0044.JPG,http://postfiles11.naver.net/20111028_202/jsk3514_1319778366956tzj0I_JPEG/DSC_0597.JPG?type=w2
Img_031_0045.jpg,http://cdn2.koreanbapsang.com/wp-content/uploads/2016/03/DSC_1104-e1459218467926.jpg
Img_031_0047.jpg,http://matsarang.redbrush.co.kr/upload/images/product/Product_1361503816387.jpg
Img_031_0048.jpg,http://www.matsarang.net/upload/images/product/Product_1363105668543.jpg
Img_031_0049.jpg,http://pds14.egloos.com/pds/200901/22/05/a0102805_4977db8cd723f.jpg
Img_031_0050.jpg,http://www.82cook.com/imagedb/orig/2011/0905/a0ec87b1c00f2b99.jpg
Img_031_0052.jpg,http://image.auction.co.kr/itemimage/a6/c1/f6/a6c1f6225.jpg
Img_031_0053.jpg,http://image.auction.co.kr/itemimage/a6/fd/70/a6fd70b55.jpg
Img_031_0054.jpg,http://timg.danawa.com/prod_img/500000/209/214/img/2214209_1.jpg
Img_031_0055.jpg,http://postfiles8.naver.net/MjAxNzAyMDRfMTc5/MDAxNDg2MjE4MjQxNzc1.xy2Btqp2TvYX6tELBghT2rU1lf5plBfIfJ_P4eiWXvog.i5Kj3dtqpZzxtr4m5jRqku_jaJ4MjlSbOnLBDuWqjLIg.JPEG.sairapina63/documentTitle_8670579451486218112255.jpg?type=w773
Img_031_0056.jpg,http://postfiles3.naver.net/20091009_242/maju912_1255071640066PPn20_jpg/dscf4951_maju912.jpg?type=w1
Img_031_0057.jpg,http://postfiles14.naver.net/20091009_93/maju912_12550718707725uDCM_jpg/dscf4958_maju912.jpg?type=w1
Img_031_0059.jpg,http://www.82cook.com/imagedb/orig/2011/0905/ee212fc667b2c53d.jpg
Img_031_0060.jpg,http://blog.bethe1.co.kr/Up/LLSP/blog/editor/fa11inlove77/fa11inlove77_20150614215826_view.jpg
Img_031_0061.jpg,http://blog.bethe1.co.kr/Up/LLSP/blog/editor/fa11inlove77/fa11inlove77_20150614215921_view.jpg
Img_031_0064.jpg,http://i2.media.daumcdn.net/svc/image/U03/news/201407/07/lemontree/20140707180116641.jpg
Img_031_0066.jpg,http://recipe.ezmember.co.kr/cache/recipe/2016/08/05/fb1de369a8a89487445a8f519f7322201.jpg
Img_031_0067.jpg,http://cfile25.uf.tistory.com/image/25250E4556B1DDC204B14E
Img_031_0068.jpg,http://cfile2.uf.tistory.com/image/266C024555377B0C238844
Img_031_0069.jpg,http://cfile30.uf.tistory.com/image/226264355282E7832ADA15
Img_031_0070.jpg,http://cfile227.uf.daum.net/image/2569DE4652E61A3B34A324
Img_031_0071.jpg,http://img.lifestyler.co.kr/uploads/lifestyler/2014/6/635388850802135049.jpg
Img_031_0072.jpg,http://www.asanfarm.co.kr/data/rental/goods/big/%EB%82%98%EB%B0%95%EA%B9%80%EC%B9%98_1.jpg
Img_031_0074.jpg,http://www.foodya.co.kr/data/item/1345002797_l1
Img_031_0075.jpg,http://blogthumb2.naver.net/20150915_45/iam2320_1442319753678QsO1u_JPEG/1.JPG?type=w2
Img_031_0075.jpg,http://postfiles1.naver.net/20150925_32/kjo3132_1443177341869GoXtd_JPEG/1.jpg?type=w1
Img_031_0076.jpg,http://pds15.egloos.com/pds/200911/02/24/b0049224_4aeed3dca3f65.jpg
Img_031_0077.jpg,http://www.oaaro.kr/data/file/recipe/3699161746_kZDAsOJL_EAB980ECB998EBA790EC9DB4EAB5ADEC8898.jpg
Img_031_0078.jpg,http://mblogthumb1.phinf.naver.net/MjAxNzAxMjNfMTgy/MDAxNDg1MTUwMDk2Mjkw.ATG2CISHAzgsuc6wQ_g8ju34p8DS8176PPcP8V7nepEg.9FzUxr9D9srk1z-V7dA-uED9G6HCVByvvcYPG-H4gHIg.JPEG.whwndud7/%EB%82%98%EB%B0%95%EA%B9%80%EC%B9%98_14.jpg?type=w2
Img_031_0079.jpg,http://image.hnsmall.com/images/goods/381/10945381_h.jpg
Img_031_0080.jpg,http://recipe.ezmember.co.kr/cache/recipe/2016/08/05/65a9c61e760f4337703ad6d17df1be8f1.jpg
Img_031_0081.jpg,http://gohyangfood.com/data/item/1373621667_m
Img_031_0082.jpg,http://cfile9.uf.tistory.com/image/126E3A41510FA43318A856
Img_031_0084.jpg,http://img.ezday.co.kr/cache/board/blogex/2010/07/01/326cdca544f2406578c006dc9599f08c.jpg
Img_031_0085.jpg,http://blogthumb2.naver.net/20150210_132/dusrhkdbs_1423575989905Eqf9E_JPEG/20150210_220016.jpg?type=w2
Img_031_0086.jpg,http://postfiles11.naver.net/20160202_10/iam2320_1454415491572ujQxi_JPEG/12.JPG?type=w3
Img_031_0087.jpg,http://img.ezday.co.kr/cache/board/2010/10/21/a9db70114b5b3dd52e50995dd1d28ca1.jpg
Img_031_0088.jpg,http://www.kukjecook.co.kr/common/download.php?fileseq=25
Img_031_0089.jpg,http://archive.hansik.org/media/open/story/img/2013-storyT_kim_0006.jpg
Img_031_0090.jpg,http://cdnweb01.wikitree.co.kr/webdata/editor/201301/17/img_20130117095133_bfe82b56.jpg
Img_031_0091.jpg,http://blogthumb2.naver.net/20160202_282/iam2320_1454415130279lmBkt_JPEG/2.JPG?type=w2
Img_031_0092.jpg,http://pds14.egloos.com/pds/200901/22/05/a0102805_4977db8cd723f.jpg
Img_031_0094.jpg,http://blogthumb2.naver.net/20150311_298/6724ses_1426061136046gi1Kt_PNG/IMG_20150311_3.png?type=w2
Img_031_0095.jpg,http://postfiles9.naver.net/20110808_120/aristata73_1312774211170VtrLS_JPEG/%BB%E7%C1%F8_087.jpg?type=w2
Img_031_0096.jpg,http://blogthumb2.naver.net/20091009_164/tangkwon_12550931255711HeBs_jpg/016-1_tangkwon.jpg?type=w2
Img_031_0097.jpg,http://cfile28.uf.tistory.com/image/18160B4D4D35D6FA03DFCF
Img_031_0098.jpg,http://cphoto.asiae.co.kr/listimglink/6/2016021518142596258_1.jpg
Img_031_0101.jpg,http://recipe.ezmember.co.kr/cache/recipe/2015/09/30/3d0409e32c61c6017cc05e326990a8971.jpg
Img_031_0102.jpg,http://cfile214.uf.daum.net/image/16502B354F19555F29A7CF
Img_031_0103.jpg,http://blogthumb2.naver.net/20160120_185/bfkpop_1453256259998sY3ei_PNG/%B3%AA%B9%DA%B1%E8%C4%A11.png?type=w2
Img_031_0105.jpg,http://recipe.ezmember.co.kr/cache/recipe/2016/09/22/5b1f17a83529ba8af1016c9281eb9bb11.jpg
Img_031_0106.jpg,http://dowa.kr/data/base/goods/big/201600445121529.jpg
Img_031_0107.jpg,http://cfile30.uf.tistory.com/image/2173BD4D584409090A054D
Img_031_0109.jpg,http://recipe.ezmember.co.kr/cache/recipe/2016/08/02/785c37ce3d91717527e7853f045da1f61.jpg
Img_031_0110.jpg,http://www.sekwangfood.com/cgi/upload/product/20161024103548_s.jpg
Img_031_0111.jpg,http://recipe.ezmember.co.kr/cache/recipe/2015/06/09/57658026a935be6b7ccef9fc40cca0bb_m.jpg
Img_031_0113.jpg,http://image.auction.co.kr/itemimage/d4/4b/76/d44b76cf3.jpg
Img_031_0114.jpg,http://jueunfood.com/web/product/medium/yijinseung_625.jpg
Img_031_0115.jpg,http://recipe.ezmember.co.kr/cache/recipe/2015/12/31/6930981d1daf44c281a90322c83e9fb51.jpg
Img_031_0116.jpg,http://gdimg.gmarket.co.kr/532297872/still/300
Img_031_0117.jpg,http://res.ybtvyun.com/a/10016/2016/0225/1456389439158.jpg
Img_031_0118.jpg,http://mblogthumb3.phinf.naver.net/20141014_110/iam2320_1413278159923MaMfR_JPEG/17.JPG?type=w2
Img_031_0120.jpg,https://homecuisine.co.kr/files/attach/images/140/807/018/47feec91748531a0646ab7962186ba8c.JPG
Img_031_0121.jpg,http://img.ezday.co.kr/cache/board/2009/10/07/61a2a87023509b14a48a92cb974bbc50.JPG
Img_031_0123.jpg,http://yesodamkimchi.com/web/yesodam_imgs/prd_%EB%82%98%EB%B0%95%EA%B9%80%EC%B9%98.png
Img_031_0124.jpg,http://www.edgekimchi.com/yc/data/item/1419754714/thumb-mb06_320x320.jpg
Img_031_0125.jpg,http://cphoto.asiae.co.kr/listimglink/6/2016052511230795338_1.jpg
Img_031_0127.jpg,http://postfiles4.naver.net/20100419_259/sphere4u_12716756256111XJqB_jpg/%EB%82%98%EB%B0%95%EA%B9%80%EC%B9%9804_copy_sphere4u.jpg?type=w2
Img_031_0128.jpg,http://cfile227.uf.daum.net/image/154B4F4B4EAD262D22938D
Img_031_0129.jpg,http://mblogthumb2.phinf.naver.net/20150213_65/iam2320_1423832452264I5StD_JPEG/12.JPG?type=w2
Img_031_0130.jpg,http://postfiles8.naver.net/20160926_119/hyleeyan_1474890927907Hyj3n_JPEG/%B9%B0DSC_0214.JPG?type=w1
Img_031_0131.jpg,http://recipe.ezmember.co.kr/cache/recipe/2015/08/06/2f0afd2bf4fe88df70544493bd53791b1_m.jpg
Img_031_0132.jpg,http://homecuisine.co.kr/files/attach/images/140/511/038/6f773cc6b1474eb689580fc753e56545.JPG
Img_031_0133.jpg,http://cfile209.uf.daum.net/image/1518CC0C49CBBB4E09B30C
Img_031_0134.jpg,http://postfiles12.naver.net/20130917_59/nika23_1379347459908BQVmO_JPEG/2013-9-16_162_%BB%E7%BA%BB.jpg?type=w1
Img_031_0136.jpg,http://blogthumb2.naver.net/MjAxNzA2MjFfMjg3/MDAxNDk4MDU1NzAyMjE0.e3iX6AYRoLu-XYjv9blkfb3zA3JY5Cw9M3n3KBHQDKAg.4M-lRb8-jFqCRNzUzby6xJG-cqK_L06-ijaUx8CSAn0g.JPEG.iam2320/3.JPG?type=w2
Img_031_0137.jpg,http://postfiles1.naver.net/MjAxNjExMDhfMTE2/MDAxNDc4NTc3MTM5MjY3.NxCxngpAi4aOd4Jzm-Vs0jJrAfU-lptO4WVUIInDHUMg.6QOQI4ID9EScT6XQ69-IcGBV6DkkhwzMP0_7_QdIOFYg.JPEG.mimi030630/IMG_7873.jpg?type=w966
Img_031_0139.jpg,http://recipe.ezmember.co.kr/cache/recipe/2015/06/08/2ef0dd3f3294591cf0b8506f7fcc25bd.jpg
Img_031_0140.jpg,http://pds15.egloos.com/pds/200911/02/24/b0049224_4aeed3e5312fc.jpg
Img_031_0141.jpg,http://img.ezmember.co.kr/cache/board/2013/02/19/9908580884202a905a4dea17c69568f2.jpg
Img_031_0142.jpg,http://m.dongsim.shop/web/product/medium/201702/49_shop1_557155.jpg
Img_031_0143.jpg,http://cfile26.uf.tistory.com/image/245B99415937EC4F0933BE
Img_031_0144.jpg,http://www.smlounge.co.kr/old_data/mlounge/contents/data/article/138182131460412.jpg
Img_031_0146.jpg,http://post.phinf.naver.net/MjAxNzAzMjFfMTY5/MDAxNDkwMDg1MzI2NzA0.NYmO0t6C-Zph7rNaGqqFkQLBl52C7hxSoNSaCiyDylkg.SqdlllOt6E-z533J7G2WeqNK8BqMMrT85UoulZ5msUgg.JPEG/%EC%BD%9C%EB%9D%BC%EB%B9%84%EB%82%98%EB%B0%95%EA%B9%80%EC%B9%981.jpg?type=w1200
Img_031_0147.jpg,https://kr.all.biz/img/kr/catalog/4205.jpeg
Img_031_0149.jpg,http://postfiles10.naver.net/20160315_265/jinncook_1458046233862ylyNN_JPEG/%BA%BD%B5%BF%B9%B0%B1%E8%C4%A15.JPG?type=w773
Img_031_0150.jpg,http://postfiles10.naver.net/20130222_265/zzppong_1361527216636pW8dl_JPEG/%B9%B0_%B1%E8%C4%A1.jpg?type=w2
Img_031_0151.jpg,http://cfile207.uf.daum.net/image/1874464E4E95C23406DF73
Img_031_0153.jpg,http://hanafood.kr/web/product/big/201508/26_shop1_781127.jpg
Img_031_0156.jpg,http://cfile9.uf.tistory.com/image/26578E3E57CD275818D57F
Img_031_0157.jpg,http://mall.ourhome.co.kr//attach_file/20161230/A999D83F9AC14E85BB4B2B260B9E0902.jpg
Img_031_0163.jpg,http://www.kangsemall.com/mall/shop_image/201511/%B3%AA%B9%DA%B1%E8%C4%A1500_500_copy.jpg
Img_031_0164.jpg,http://hanafood.kr/web/product/big/201603/34_shop1_465675.jpg
Img_031_0166.jpg,http://cfile22.uf.tistory.com/image/250539505577C82F2C193C
Img_031_0167.jpg,http://postfiles8.naver.net/20140310_119/mimi030630_1394435006028kTy1z_JPEG/IMG_02234.jpg?type=w1
Img_031_0168.jpg,http://blogthumb2.naver.net/20150208_129/jangmars_1423403170001SYSy8_JPEG/IMG_2087_%BA%B9%BB%E7.jpg?type=w2
Img_031_0169.jpg,http://pds18.egloos.com/pds/201102/03/97/a0013597_4d4a009a9aa5d.jpg
Img_031_0170.jpg,http://cfile9.uf.tistory.com/image/110825374D2586CC2F4DA3
Img_031_0174.jpg,http://8kimchi.co.kr/web/product/big/201611/57_shop1_687589.jpg
Img_031_0176.jpg,http://postfiles8.naver.net/20151127_295/s_cook_1448586875295ha8H6_JPEG/20151124_01.jpg?type=w1
Img_031_0177.jpg,http://cfs10.tistory.com/image/4/tistory/2009/09/25/22/28/4abcc58c8b176
Img_031_0178.jpg,http://cfile25.uf.tistory.com/image/224A9E3B553EE7EB2A54E4
Img_031_0179.jpg,http://cfile29.uf.tistory.com/image/127187044CCFC6C2608477
Img_031_0180.jpg,http://nimage.globaleconomic.co.kr/phpwas/restmb_allidxmake.php?idx=5&simg=201609081343390498656_20160908134725_17.jpg
Img_031_0181.jpg,http://postfiles10.naver.net/20140105_73/jjaehhun_13889079768888nTia_JPEG/IMG_4776.JPG?type=w1
Img_031_0182.jpg,http://thumbnail.egloos.net/600x0/http://pds21.egloos.com/pds/201308/12/74/d0036274_52088111672a9.jpg
Img_031_0183.jpg,http://cfile202.uf.daum.net/image/1973174A4F0BD405352EDB
Img_031_0186.jpg,http://cfile218.uf.daum.net/image/185009254B742FEF17E827
Img_031_0191.jpg,http://www.veritas-a.com/news/photo/201607/60848_45226_5328.jpg
Img_031_0192.jpg,http://timg.danawa.com/prod_img/500000/209/214/img/2214209_1.jpg
Img_031_0193.jpg,http://cfile28.uf.tistory.com/image/25331E4D581E091338B7CE
Img_031_0195.jpg,http://cfile209.uf.daum.net/image/1566E2495119065B249E18
Img_031_0196.jpg,http://cfile2.uf.tistory.com/image/16254A264A1A019FA3B3DA
Img_031_0197.jpg,http://blogthumb2.naver.net/20160222_252/bongs1021_1456102238783dQoaj_JPEG/rIMG_8143.JPG?type=w2
Img_031_0198.jpg,http://recipekorea.com/data/cheditor4/1603/a23ebebf942c366d08df4a098bf893d5_AuhkmcPnOTP7jR.jpg
Img_031_0199.jpg,http://img.daily.co.kr/@files/www.daily.co.kr/content/food/2016/20161202/dc18f2c5933ffcc1d1dafd533e80e551.jpg
Img_031_0200.jpg,http://banchanjib.com/data/item/B010/thumb-64KY67CV6rmA7LmY1_320x320.png
Img_031_0201.jpg,http://cfile230.uf.daum.net/image/1246181E4B92AC020E72ED
Img_031_0202.jpg,http://img.daily.co.kr/@files/www.daily.co.kr/content/food/2017/20170417/8144025cb04c376c85f8d024a498c1e2.jpg
Img_031_0203.jpg,http://www.treeshore.co.kr/shopimages/treeshore/0010020000072.jpg
Img_031_0204.jpg,http://blogthumb2.naver.net/20110929_252/silkbody_1317301141678opeEC_JPEG/IMG_2439.JPG?type=w2
Img_031_0206.jpg,http://blogthumb2.naver.net/20150401_64/6724ses_1427885944196TUYL0_PNG/IMG_20150401_35.png?type=w2
Img_031_0210.jpg,https://farm8.staticflickr.com/7348/9737251770_80ba2a457a.jpg
Img_031_0211.jpg,http://cfile3.uf.tistory.com/image/2624F54B5280562A2A1A3D
Img_031_0213.jpg,http://4.bp.blogspot.com/-7htbjZn4X1Y/TsIJhmNqzLI/AAAAAAAABN4/uhv0pcr0uAA/s1600/nabakgimchi.JPG
Img_031_0216.jpg,http://img.ezmember.co.kr/cache/board/2014/11/10/25a49f0c6e95697c956cc2091ec63443.jpg
Img_031_0217.jpg,http://www.kimchiholic.com/web/product/medium/kimchiholic_112.jpg
Img_031_0218.jpg,http://postfiles1.naver.net/data42/2009/2/19/112/%BB%E7%B0%FA.img_3065_shoo22.jpg?type=w1
Img_031_0219.jpg,http://mblogthumb3.phinf.naver.net/20160220_222/hoonie2009_1455977769017QSnQw_JPEG/%B3%AA%B9%DA%B1%E8%C4%A1_%B9%E8%C3%DF%B9%B0%B1%E8%C4%A1_%2848%29.JPG?type=w800
Img_031_0220.jpg,http://www.roundkitchen7.co.kr/web/product/small/201510/73_shop1_531399.jpg
Img_031_0222.jpg,http://www.duriban.co.kr/shop/data/goods/1471936540580s0.jpg
Img_031_0223.jpg,http://cfile27.uf.tistory.com/image/1506F23C4D4CA8861A3014
Img_031_0225.jpg,http://1.bp.blogspot.com/-3VShn_sKQfI/ToU4tdt0_QI/AAAAAAAAA6I/01FtZnVPoZo/s1600/110904+025.jpg
Img_031_0226.jpg,http://cfile240.uf.daum.net/image/2661303D5478631728A19E
Img_031_0228.jpg,http://blog.missyusa.com/upload/post/post6/201403120646133793.jpg
Img_031_0229.jpg,http://cfile205.uf.daum.net/image/2603834652E61A3A273F33
Img_031_0230.jpg,http://postfiles9.naver.net/20110908_104/heeju001_1315470759644upxAu_JPEG/IMG_8488.JPG?type=w1
Img_031_0231.jpg,http://postfiles8.naver.net/20151206_7/21csafe_1449412365654AzhxV_JPEG/attachImage_3595607364.jpeg?type=w773
Img_031_0233.jpg,http://hanafood.kr/web/product/big/201603/31_shop1_649769.jpg
Img_031_0234.jpg,http://dthumb.phinf.naver.net/?src=%22http%3A%2F%2Fblogthumb2.naver.net%2F20090930_191%2Frail4128_1254293432947oOX9H_jpg%2Fdscf2097_rail4128.jpg%3Ftype%3Dw2%22&type=f560_336
Img_031_0236.jpg,http://img.ezmember.co.kr/cache/board/2012/09/25/366a407f584488c57d3dc8dbdf90ae68.jpg
Img_031_0238.jpg,http://dollysgourmetmarket.com/_attach/remote/20160605/14650679260.png
Img_031_0241.jpg,http://cfile29.uf.tistory.com/image/2257494758CB6CC62CAD22
Img_031_0243.jpg,http://image.aladin.co.kr/Community/paper/2013/0808/pimg_726971195883896.jpg
Img_031_0244.jpg,http://image.auction.co.kr/itemimage/ee/8d/f4/ee8df48b3.jpg
Img_031_0245.jpg,http://dthumb.phinf.naver.net/?src=%22http%3A%2F%2Fblogthumb2.naver.net%2F20160330_56%2Fbock23_1459310843842S1hBC_JPEG%2F20160329_174749_HDR_edit.jpg%3Ftype%3Dw2%22&type=ff500_300
Img_031_0247.jpg,http://4.bp.blogspot.com/-U8rAVJFeWJI/TdPNqvQRFAI/AAAAAAAAAG0/hWflabwdJJE/s1600/IMG_0202.JPG
Img_031_0249.jpg,http://ai.esmplus.com/btmyh/home/001002002/056_103_tn_1.jpg
Img_031_0250.jpg,http://postfiles9.naver.net/20160608_184/seonki00_1465346938969LGzQT_JPEG/DSC04558.JPG?type=w966
Img_031_0254.jpg,http://postfiles16.naver.net/MjAxNjExMTJfMTYz/MDAxNDc4OTIwODM3OTYy.n1Rr5R12l-zw7wT-Xbs2GLIacVcM-XX7r6W9KPKFwewg.ptKIYNCCBTaQzw5NGiK_EVcjMU-dyFaHZQQ-POXSlEIg.PNG.happyjejudo/10.png?type=w966
Img_031_0255.jpg,http://mall.ourhome.co.kr//attach_file/20161230/13760CB990224612B0C21156BA04CD9B.jpg
Img_031_0256.jpg,http://postfiles3.naver.net/data29/2008/2/4/194/dscn3191_mimi030630.jpg?type=w1
Img_031_0257.jpg,http://postfiles9.naver.net/20140910_184/kimcs5850_1410332370453GidlH_JPEG/IMG_332-1.jpg?type=w2
Img_031_0258.jpg,http://post.phinf.naver.net/MjAxNzA2MDdfMjAy/MDAxNDk2ODM1ODMxODAw.4AE_iMRyT6-o55BnKt2idu-s1crMnCVuE-p0EK57kMIg.nP1yxr8OydWfF78M01j7aYiygjP2bH9RmuiA3TnhEegg.JPEG/1495032341795.jpeg?type=w1200
Img_031_0259.jpg,http://blogimg.ohmynews.com/attach/2896/1407744008.jpeg
Img_031_0260.jpg,http://cfile208.uf.daum.net/image/2433DD4052E5221008A7FA
Img_031_0262.jpg,http://postfiles9.naver.net/20160925_296/1979uni_1474809569444nh43k_JPEG/%B3%AA%B9%DA%B1%E8%C4%A121.JPG?type=w966
Img_031_0263.jpg,http://3.bp.blogspot.com/_onqlcdQvi0I/S1Y9jiwUy3I/AAAAAAAAGaw/OjfrMIs1au8/s640/IMG_6725.JPG
Img_031_0265.jpg,http://cfile225.uf.daum.net/image/185207104CF55E23128E5B
Img_031_0266.jpg,http://cfile210.uf.daum.net/image/1816F4284BCF85B615B397
Img_031_0267.jpg,http://postfiles9.naver.net/20130123_88/ckwldud1_1358874051174g5CGU_JPEG/50.JPG?type=w1
Img_031_0270.jpg,http://cookery.co.kr/data/upload/14192339232.jpg
Img_031_0276.jpg,http://postfiles4.naver.net/20100317_83/shoo22_1268763186594zRqGN_jpg/img_9919_shoo22.jpg?type=w1
Img_031_0279.jpg,https://i.ytimg.com/vi/smkgQPwgP1E/maxresdefault.jpg
Img_031_0280.jpg,http://cfile6.uf.tistory.com/image/154B90284CA00549B96ABC
Img_031_0282.jpg,http://cfile29.uf.tistory.com/image/140CBD274B949EFE2CDBEB
Img_031_0284.jpg,http://cfile221.uf.daum.net/image/186E654B506227F7266548
Img_031_0285.jpg,http://cfile207.uf.daum.net/image/1874464E4E95C23406DF73
Img_031_0296.jpg,http://postfiles13.naver.net/MjAxNzA4MDRfMTM4/MDAxNTAxODIyMzY3ODEy.RctA-ofktYGbJS2CiFztFqk3NVTiDfW5IPcO8fykRPMg.FU0FIbFyz4pIieTVDhQbgXdut-Hn4NnP8c7G09-crTIg.JPEG.gr22nade/%EB%82%98%EB%B0%95%EA%B9%80%EC%B9%9818.JPG?type=w966
Img_031_0301.jpg,http://img.ezmember.co.kr/cache/board/2014/03/28/a8b3766ffaa413117b52b612f28d9a57.jpg
Img_031_0334.jpg,http://cfile25.uf.tistory.com/image/224A9E3B553EE7EB2A54E4
Img_031_0364.jpg,http://blogthumb2.naver.net/20160328_147/llll0242_1459174258425XfGUn_JPEG/%B3%AA%B9%DA%B1%E8%C4%A1_%B8%B8%B5%E5%B4%C2__%B9%FD%2C.JPG?type=w2
Img_031_0367.jpg,http://cfile25.uf.tistory.com/image/25250E4556B1DDC204B14E
Img_031_0385.jpg,http://postfiles1.naver.net/20150915_128/iam2320_1442321453953S5aUl_JPEG/13.JPG?type=w3
Img_031_0393.jpg,http://postfiles12.naver.net/MjAxNzA2MjFfOTIg/MDAxNDk4MDU2MjI2NDk5.mkyJfuOYmvzfjZup6EH-HAXvpibyFjHTIu1bFX8xSZMg.WNa3nhq2ErcOffn1IZKLIPry-037VrdhoYc5q6MzsZ0g.JPEG.iam2320/15.JPG?type=w3
Img_031_0403.jpg,http://img.ezday.co.kr/cache/board/2010/10/21/a9db70114b5b3dd52e50995dd1d28ca1.jpg
Img_031_0417.jpg,http://postfiles13.naver.net/20120927_204/jae9551_1348718906931iL7jY_JPEG/1%B3%AA%B9%DA%B1%E8%C4%A1%B4%E3%B1%D7%B4%C2%B9%FD%2C%B9%B0%B1%E8%C4%A1.JPG?type=w1
Img_031_0434.jpg,http://postfiles8.naver.net/20140310_119/mimi030630_1394435006028kTy1z_JPEG/IMG_02234.jpg?type=w1
Img_031_0465.jpg,http://blogfiles.naver.net/20140904_169/jae9551_1409761133798kAmxE_JPEG/20.JPG
Img_031_0466.jpg,http://blogfiles.naver.net/20111004_260/chaihyoun_1317729477870O3orx_JPEG/IMG_5663.jpg
Img_031_0492.jpg,http://blogfiles.naver.net/20150325_227/bongs1021_1427258900562tTkxc_JPEG/hh_G107706.JPG
Img_031_0531.jpg,http://postfiles12.naver.net/20120114_203/love20021102_13264708431532Npxr_JPEG/IMG_9923-1.JPG?type=w1
Img_031_0533.jpg,http://blogfiles.naver.net/20140904_83/jae9551_1409759784799x18df_JPEG/24.JPG
Img_031_0549.jpg,http://cfile218.uf.daum.net/image/185009254B742FEF17E827
Img_031_0575.jpg,http://mblogthumb3.phinf.naver.net/20141014_110/iam2320_1413278159923MaMfR_JPEG/17.JPG?type=w2
Img_031_0596.jpg,http://postfiles10.naver.net/20160315_265/jinncook_1458046233862ylyNN_JPEG/%BA%BD%B5%BF%B9%B0%B1%E8%C4%A15.JPG?type=w773
Img_031_0600.jpg,http://mblogthumb2.phinf.naver.net/20150213_65/iam2320_1423832452264I5StD_JPEG/12.JPG?type=w2
Img_031_0625.jpg,http://mblogthumb1.phinf.naver.net/20130917_20/nika23_1379350400899RS6yf_JPEG/2013-9-16_231_%BB%E7%BA%BB.jpg?type=w2
Img_031_0667.jpg,http://img.ezmember.co.kr/cache/board/2012/09/25/366a407f584488c57d3dc8dbdf90ae68.jpg
Img_031_0689.jpg,http://recipe.ezmember.co.kr/cache/recipe/2016/09/22/5b1f17a83529ba8af1016c9281eb9bb11.jpg
Img_031_0713.jpg,http://i0.wp.com/www.sdistory.net/wp-content/uploads/2015/12/kimchi10.jpg?resize=640%2C427
Img_031_0724.jpg,http://recipe.ezmember.co.kr/cache/recipe/2015/06/08/2ef0dd3f3294591cf0b8506f7fcc25bd.jpg
Img_031_0740.jpg,http://postfiles8.naver.net/20100128_71/hera158_12646384857647woup_jpg/%EB%B8%8C%EB%9F%B0%EC%B9%98_009_hera158.jpg?type=w1
Img_031_0765.jpg,http://img.ezmember.co.kr/cache/board/2014/11/10/24c6b04714a6f8cc78f9f913243e1897.jpg
Img_031_0786.jpg,http://blogfiles.naver.net/20140904_276/jae9551_1409761398087T2pLV_JPEG/26.JPG
Img_031_0814.jpg,http://img.ezmember.co.kr/cache/board/2014/11/10/25a49f0c6e95697c956cc2091ec63443.jpg
Img_031_0820.jpg,http://postfiles8.naver.net/20160711_39/iam2320_1468244740309MhwMP_JPEG/3.JPG?type=w3
Img_031_0838.jpg,http://blogfiles.naver.net/20111004_30/chaihyoun_1317726226918VgphH_JPEG/IMG_5669.jpg
Img_031_0864.jpg,http://blogthumb2.naver.net/20150401_64/6724ses_1427885944196TUYL0_PNG/IMG_20150401_35.png?type=w2
Img_031_0886.jpg,http://blogthumb2.naver.net/20150319_76/iam2320_1426768411052CqTnP_JPEG/1.JPG?type=w2
Img_031_0915.jpg,http://cdnweb01.wikitree.co.kr/webdata/editor/201301/17/img_20130117095133_bfe82b56.jpg
Img_031_0918.jpg,http://blogthumb2.naver.net/20120114_275/love20021102_1326470835393s5UJ7_JPEG/IMG_9926-1.JPG?type=w2
Img_031_0934.jpg,http://blogthumb2.naver.net/20150915_45/iam2320_1442319753678QsO1u_JPEG/1.JPG?type=w2
Img_031_0934.jpg,http://postfiles1.naver.net/20150925_32/kjo3132_1443177341869GoXtd_JPEG/1.jpg?type=w1
Img_031_0960.JPG,http://img.mimint.co.kr/thumb/2013/2/16/thumb_20130216225232984.JPG
Img_031_0961.jpg,http://img.dongwonmall.com/dwmall/static_root/product_img/main/0007770/000777017_1_b.jpg
Img_031_0963.jpg,http://cfile236.uf.daum.net/image/1163790D4B2C33D17DBD5D
Img_031_0964.jpg,http://www.mcooking.co.kr/data/edu/1173864522.jpg
Img_031_0965.jpg,http://cfile9.uf.tistory.com/image/126E3A41510FA43318A856
Img_031_0966.jpg,http://cfile239.uf.daum.net/image/130E440D4B621F93466DBB
Img_031_0967.jpg,http://cfile219.uf.daum.net/image/131D9C034B2BAF1A5B21AC
Img_031_0968.jpg,http://www.foodya.co.kr/data/item/1345002797_l1
Img_031_0969.jpg,http://cfile221.uf.daum.net/image/14173A0E4B620173056D1B
Img_031_0970.jpg,http://cfile236.uf.daum.net/image/141D9C034B2BAF1A5CDBEA
Img_031_0971.jpg,http://cfile217.uf.daum.net/image/142DC34C4EAD26C2347CFF
Img_031_0972.jpg,http://wkiss.wikim.re.kr/data/board/kind/150223130548_2886734975_1KHLoRvl.jpg
Img_031_0973.jpg,http://cfile227.uf.daum.net/image/154B4F4B4EAD262D22938D
Img_031_0974.jpg,http://cfile207.uf.daum.net/image/1554E6484EAD28052C550B
Img_031_0975.jpg,http://cfile215.uf.daum.net/image/167149044B620E5F1398F0
Img_031_0976.jpg,http://cfile215.uf.daum.net/image/1712C24C505B23C91CA7E1
Img_031_0977.jpg,http://www.82cook.com/imagedb/orig/2011/0905/caeda1a5533a2ce8.jpg
Img_031_0978.jpg,http://cfile210.uf.daum.net/image/1768C5284B2C1044356397
Img_031_0979.JPG,http://blogfiles.naver.net/20140904_298/jae9551_1409761133737UUj5P_JPEG/18.JPG
Img_031_0980.jpg,http://cfile213.uf.daum.net/image/1815150C4AAEBBAF3178C9
Img_031_0981.jpg,http://cfile220.uf.daum.net/image/1917E60E4B620165029F1F
Img_031_0983.jpg,http://cfile233.uf.daum.net/image/196E8E024B620E491A39A8
Img_031_0986.jpg,http://postfiles10.naver.net/20150210_201/4313hs_1423569979352wQin9_JPEG/20150210_144808.jpg?type=w2
Img_031_0987.jpg,http://dowa.kr/data/base/goods/big/201600445121529.jpg
Img_031_0988.jpg,http://postfiles7.naver.net/20160519_54/psa629_1463618236965D7L3O_JPEG/20160514_194408.jpg?type=w773
Img_031_0989.jpg,http://cfile209.uf.daum.net/image/203CCD474EAD27E52DAF4E
Img_031_0990.JPG,http://blogfiles.naver.net/20140904_253/jae9551_1409758783895SaY35_JPEG/21-1.JPG
Img_031_0991.jpg,http://cfile30.uf.tistory.com/image/226264355282E7832ADA15
Img_031_0992.JPG,http://blogfiles.naver.net/20140904_83/jae9551_1409759784799x18df_JPEG/24.JPG
Img_031_0994.JPG,http://blogfiles.naver.net/20140904_276/jae9551_1409761398087T2pLV_JPEG/26.JPG
Img_031_0995.JPG,http://blogfiles.naver.net/20140904_254/jae9551_1409761404681b69YJ_JPEG/27.JPG
Img_031_0998.jpg,http://cfile2.uf.tistory.com/image/2254DF4652526B9C1150F7
Img_031_0999.jpg,http://recipe.ezmember.co.kr/cache/recipe/2015/06/09/57658026a935be6b7ccef9fc40cca0bb_m.jpg
