Img_030_0001.jpg,http://edamche.com/shop/data/goods/1389351878000_l.jpg
Img_030_0002.jpg,http://www.maangchi.com/wp-content/uploads/2011/03/1416126748584.jpg
Img_030_0003.jpg,http://cfile29.uf.tistory.com/image/17358543514AAF4A066FCD
Img_030_0004.jpg,http://cfile208.uf.daum.net/image/184672404D1AE5C5133264
Img_030_0005.jpg,http://cfile7.uf.tistory.com/image/191494534DDC2FBA1E5A2A
Img_030_0006.jpg,http://cfile25.uf.tistory.com/image/193643584DDC3028236C22
Img_030_0008.jpg,http://kongsarang.co.kr/data/item/20130609081308195.jpg
Img_030_0009.jpg,http://kongsarang.co.kr/data/item_explan/20140424164547902.jpg
Img_030_0010.jpg,http://cphoto.asiae.co.kr/listimglink/6/2015122110014355494_8.jpg
Img_030_0011.jpg,http://cphoto.asiae.co.kr/listimglink/6/2016011115462069397_1.jpg
Img_030_0012.jpg,http://cfile29.uf.tistory.com/image/2117444055E2B3180AA9E8
Img_030_0013.jpg,http://cfile211.uf.daum.net/image/2413663956F9C7CB0CEDC8
Img_030_0014.jpg,http://cfile227.uf.daum.net/image/25143750562CBFE1224BBB
Img_030_0015.jpg,http://cfile7.uf.tistory.com/image/2557973651AFF6FD0A2B7E
Img_030_0016.jpg,http://postfiles8.naver.net/20101120_199/allcllrp_1290219739062687hR_JPEG/%BB%E7%C1%F8_028.jpg?type=w1
Img_030_0017.JPG,http://www.82cook.com/imagedb/orig/2013/0119/322170207145e430.JPG
Img_030_0018.jpg,http://img.ezday.co.kr/cache/board/blogex/2009/11/17/5043861afe0d3bd08c60d075b5020068.jpg
Img_030_0019.jpg,http://farm6.static.flickr.com/5249/5327482016_dc00cce7d0_o.jpg
Img_030_0020.jpg,http://gdimg.gmarket.co.kr/goods_image2/shop_img/660/311/660311235.jpg
Img_030_0021.png,http://www.ukimchi.kr/data/admin/board_upload/1/images/7664923ba1b355c21ac9d03b615fdf1b.png
Img_030_0023.JPG,http://postfiles4.naver.net/20150116_179/seohalim21_1421335039061lTWBY_JPEG/DSC03325.JPG?type=w1
Img_030_0026.jpg,http://postfiles7.naver.net/20141008_182/fado624_1412766496658qeIBk_JPEG/NaverBlog_20141001_000527_00.jpg?type=w3
Img_030_0027.png,http://postfiles13.naver.net/20150812_268/bbtreecorp_1439341990152qIhYf_PNG/OPENAS_1461376.png?type=w1
Img_030_0028.jpg,http://matsarang.redbrush.co.kr/upload/images/product/Product_1361503829074.jpg
Img_030_0029.jpg,http://postfiles5.naver.net/20121113_276/aaej0521_1352803646648J20io_JPEG/REW17_4294.jpg?type=w2
Img_030_0030.jpg,http://postfiles15.naver.net/20121113_158/aaej0521_1352803751469gs6PY_JPEG/REW17_4296.jpg?type=w2
Img_030_0032.jpg,http://www.smlounge.co.kr/old_data/mlounge/contents/data/recipe/R_L_R201407023_000.jpg
Img_030_0034.JPG,http://postfiles4.naver.net/20150914_211/shppp__1442237127422szAW1_JPEG/SAM_1232.JPG?type=w1
Img_030_0035.JPG,http://postfiles3.naver.net/20150914_274/shppp__14422377694811GwwD_JPEG/SAM_1234.JPG?type=w1
Img_030_0037.jpg,http://pds11.egloos.com/pds/200901/11/13/a0100413_4969a3ba63beb.jpg
Img_030_0038.jpg,http://pds11.egloos.com/pds/200901/11/13/a0100413_4969a3ba8a38b.jpg
Img_030_0040.jpg,http://img.ezmember.co.kr/cache/board/2012/09/21/a6f5ac244140a93e7cb9c5e8d76bc2e1.jpg
Img_030_0043.jpg,http://cfile4.uf.tistory.com/image/2742D94F5775BD35190E9C
Img_030_0044.jpg,http://recipe.ezmember.co.kr/cache/recipe/2015/06/08/87e271e03220f32c1f0a0244dd17faae_m.jpg
Img_030_0045.jpg,http://postfiles5.naver.net/20111024_84/ky4016_1319427771320Tfm32_JPEG/IMG_1630.jpg?type=w2
Img_030_0046.jpg,http://img.ezmember.co.kr/cache/board/2012/03/12/cae468936376348260c871bf3668595c.jpg
Img_030_0047.jpg,http://recipe.ezmember.co.kr/cache/recipe/2015/06/08/ccc0913b9212190ad647609ca33e916b_m.jpg
Img_030_0048.jpg,http://recipe.ezmember.co.kr/cache/recipe/2015/05/19/cda6a6a486dcca533a18342807787b9f1_m.jpg
Img_030_0049.jpg,http://recipe.ezmember.co.kr/cache/recipe/2015/05/26/d313899d843bc74880706fd8439edaeb1.jpg
Img_030_0050.jpg,http://static.hubzum.zumst.com/hubzum/2015/09/30/09/e62217bc04534b3a9012dcfeec5d4cea.jpg
Img_030_0051.jpg,http://recipe.ezmember.co.kr/cache/recipe/2015/06/08/e92f240ecc8fac5e54367e41ac8a869d_m.jpg
Img_030_0052.jpg,http://img.ezday.co.kr/cache/board/blogex/2009/11/17/e9f501342ceab94298ddb6e4fbad6250.jpg
Img_030_0053.jpg,http://img.ezmember.co.kr/cache/board/2014/10/21/fe3adcab9c2c319a2653add3f9b96bb3.jpg
Img_030_0054.jpg,http://static.hubzum.zumst.com/hubzum/2015/09/30/09/ffaf192f57474210abd0beec38eaf723.jpg
Img_030_0055.jpg,https://farm4.staticflickr.com/3597/3508463251_0eeb3d52c9.jpg
Img_030_0056.jpg,https://farm3.staticflickr.com/2836/33635426000_73fb04e5bd.jpg
Img_030_0057.jpg,https://farm2.staticflickr.com/1027/5185870453_166978730d.jpg
Img_030_0058.jpg,https://farm3.staticflickr.com/2763/32623914530_626069b60a.jpg
Img_030_0059.jpg,https://farm3.staticflickr.com/2014/2285396754_e96f6ff66e.jpg
Img_030_0060.jpg,https://farm5.staticflickr.com/4266/35383854811_a43eb83595.jpg
Img_030_0061.jpg,https://farm9.staticflickr.com/8293/7717496210_cdc947b63a.jpg
Img_030_0062.jpg,https://farm7.staticflickr.com/6068/6046885994_8dedfe7118.jpg
Img_030_0063.jpg,https://farm3.staticflickr.com/2073/2203107347_a66a88484e.jpg
Img_030_0064.jpg,https://farm4.staticflickr.com/3571/3697159717_e576583eb9.jpg
Img_030_0065.jpg,https://farm3.staticflickr.com/2523/3741787574_62571f4bec.jpg
Img_030_0066.jpg,https://farm4.staticflickr.com/3750/11381006716_53a2732c01.jpg
Img_030_0067.jpg,https://farm7.staticflickr.com/6093/6303857132_7d22c46ce2.jpg
Img_030_0069.jpg,https://farm2.staticflickr.com/1114/5143379251_b37e3a7333.jpg
Img_030_0070.jpg,https://farm6.staticflickr.com/5209/5236992872_81e7e26ed0.jpg
Img_030_0071.jpg,https://farm2.staticflickr.com/1106/1363488483_b7d1b41b08.jpg
Img_030_0072.jpg,https://farm6.staticflickr.com/5041/5363354079_c8f9c9450f.jpg
Img_030_0073.jpg,https://farm6.staticflickr.com/5101/5606623651_7eff11e668.jpg
Img_030_0074.jpg,https://farm6.staticflickr.com/5535/12304593793_6e7c4beab3.jpg
Img_030_0075.jpg,https://farm3.staticflickr.com/2590/4085345540_c2c84c0a13.jpg
Img_030_0076.jpg,https://farm7.staticflickr.com/6095/6282580539_7ef7b8bc30.jpg
Img_030_0077.jpg,https://farm8.staticflickr.com/7438/11602924875_fa8fe7eff2.jpg
Img_030_0078.jpg,https://farm4.staticflickr.com/3758/12738529553_13b23caa71.jpg
Img_030_0079.jpg,https://farm4.staticflickr.com/3926/14523954193_3e6118759d.jpg
Img_030_0080.jpg,https://farm5.staticflickr.com/4060/4528288640_23225468a5.jpg
Img_030_0081.jpg,https://farm3.staticflickr.com/2831/12795484425_387bd10a93.jpg
Img_030_0082.jpg,https://farm7.staticflickr.com/6124/5940426585_c1e99ab0c8.jpg
Img_030_0083.jpg,https://farm9.staticflickr.com/8043/8111050837_5bc55c73fe.jpg
Img_030_0084.jpg,https://farm8.staticflickr.com/7398/12305757514_4c2134ea1d.jpg
Img_030_0085.jpg,https://farm1.staticflickr.com/764/23410139211_394f3f3e5a.jpg
Img_030_0086.jpg,https://farm8.staticflickr.com/7214/13999571211_468bd8db67.jpg
Img_030_0087.jpg,https://farm6.staticflickr.com/5499/12737582185_4e63dab56b.jpg
Img_030_0088.jpg,https://farm9.staticflickr.com/8014/6974748230_c3c59c8713.jpg
Img_030_0089.jpg,https://farm3.staticflickr.com/2261/13036587235_a9e3decc86.jpg
Img_030_0090.jpg,https://farm2.staticflickr.com/1588/26214612985_c64f9867af.jpg
Img_030_0091.jpg,http://postfiles13.naver.net/20161005_60/menzel_1475607837275FseTa_JPEG/image_354285341475602330833.jpg?type=w966
Img_030_0092.jpg,http://img.ezmember.co.kr/cache/board/2015/03/11/891a90c285db35d91ec90ec5bb3e94cb.jpg
Img_030_0093.jpg,http://allbanchan.com/wordpress/wp-content/uploads/2015/07/%EA%B9%8D%EB%91%90%EA%B8%B0_%EC%83%81%EC%84%B8%EB%B3%B4%EA%B8%B0.jpg
Img_030_0095.jpg,http://cfile27.uf.tistory.com/image/23172F485605140538CEF2
Img_030_0096.jpg,http://cfile7.uf.tistory.com/image/2619B834555C90CC367D75
Img_030_0097.jpg,http://postfiles5.naver.net/20160919_100/phpnet_1474245961187lCcbD_JPEG/IMG_4803.JPG?type=w966
Img_030_0098.jpg,http://cfile25.uf.tistory.com/image/1673BC4A4F03FA982F0503
Img_030_0099.jpg,http://cfile4.uf.tistory.com/image/181454334C6F89553B82F7
Img_030_0101.jpg,http://static.hubzum.zumst.com/hubzum/2015/09/30/09/ab21a012038244b98873b27945c9914e.jpg
Img_030_0102.jpg,http://hanafood.kr/web/product/big/201508/18_shop1_620084.jpg
Img_030_0105.jpg,http://food.chosun.com/site/data/img_dir/2012/06/07/2012060701552_0.jpg
Img_030_0106.jpg,http://cfile21.uf.tistory.com/image/2747233B545D64FB1C230D
Img_030_0107.jpg,http://recipe.ezmember.co.kr/cache/recipe/2016/10/29/5bfee656f488b2ead322eeef2bfd77c81.jpg
Img_030_0108.jpg,https://i.ytimg.com/vi/PZIAQsVjvDM/maxresdefault.jpg
Img_030_0109.jpg,http://cfile29.uf.tistory.com/image/17358543514AAF4A066FCD
Img_030_0112.jpg,http://cfile26.uf.tistory.com/image/2104634153477F5D1884C2
Img_030_0113.jpg,http://hanafood.kr/web/product/big/201603/29_shop1_934910.jpg
Img_030_0114.jpg,http://cfile225.uf.daum.net/image/135FFF0C495F703CDD7CF4
Img_030_0117.jpg,http://img.ezmember.co.kr/cache/board/2014/05/19/abdda465d0a032a4abac8ac64ec0a470.jpg
Img_030_0119.jpg,http://blogthumb2.naver.net/20151103_7/zoonam2_1446562720802nVao1_JPEG/8.jpg?type=w2
Img_030_0120.jpg,http://archive.hansik.org/media/open/story/img/2013-storyT_kim_0004.jpg
Img_030_0121.jpg,http://img.hani.co.kr/imgdb/resize/2015/1002/144368307180_20151002.JPG
Img_030_0122.jpg,http://cfile22.uf.tistory.com/image/252E754856F95309053078
Img_030_0124.jpg,http://cfile235.uf.daum.net/image/1929F645509AFE930CEF61
Img_030_0125.jpg,http://cfile9.uf.tistory.com/image/171A50484D65036C0D18FA
Img_030_0128.jpg,http://postfiles11.naver.net/20120823_170/yja305_1345690511254myJwT_JPEG/31.jpg?type=w2
Img_030_0129.jpg,http://blogthumb2.naver.net/20130506_142/jarating1_1367769714942p3hvU_JPEG/IMG_01424.jpg?type=w2
Img_030_0130.jpg,http://www.sekwangfood.com/cgi/upload/product/20161024104134_s.jpg
Img_030_0131.jpg,http://cfile24.uf.tistory.com/image/144C91434FFD223C0ED035
Img_030_0132.jpg,https://i.ytimg.com/vi/JSBdfqfF_E0/maxresdefault.jpg
Img_030_0134.jpg,https://i.ytimg.com/vi/V1MgghKZBJE/hqdefault.jpg
Img_030_0135.jpg,https://i.ytimg.com/vi/5LLbM5vT860/hqdefault.jpg
Img_030_0136.jpg,http://mblogthumb1.phinf.naver.net/20151116_300/goodjaram_1447658289625em6G8_JPEG/%B1%EF%B5%CE%B1%E2_%2820%29.jpg?type=w800
Img_030_0138.jpg,http://ekimchi.co.kr/data/item/1451868690/thumb-6rmN65GQ6riw1_320x320.jpg
Img_030_0139.jpg,http://image.auction.co.kr/itemimage/c5/95/52/c59552085.jpg
Img_030_0140.jpg,http://cfile23.uf.tistory.com/image/192AE71A4C8EB5E540D736
Img_030_0142.jpg,http://cfile29.uf.tistory.com/image/2117444055E2B3180AA9E8
Img_030_0143.jpg,http://recipe.ezmember.co.kr/cache/recipe/2015/09/17/68b66fcdfe6a182e5dc858658f2c2119.jpg
Img_030_0144.jpg,http://cfile229.uf.daum.net/image/131B48504F4C5A95122232
Img_030_0145.jpg,http://cfile207.uf.daum.net/image/112A644A50611B35213CB6
Img_030_0147.jpg,http://matsarang.redbrush.co.kr/upload/images/product/Product_1361503829074.jpg
Img_030_0148.jpg,http://mblogthumb4.phinf.naver.net/20141024_231/jae9551_1414091001133l9CxW_JPEG/16.JPG?type=w2
Img_030_0149.jpg,http://kongsarang.co.kr/data/item/20130609081308195.jpg
Img_030_0150.jpg,http://cfile2.uf.tistory.com/image/265AB3395141E3DB0218FA
Img_030_0151.jpg,http://www.geumchi.com/web/product/medium/201608/23_shop1_197865.jpg
Img_030_0152.jpg,http://cfile214.uf.daum.net/image/234C9C4C51C2172D243BE1
Img_030_0154.jpg,http://cfile10.uf.tistory.com/image/1165414E4E0579D32094B0
Img_030_0155.jpg,http://img.ezmember.co.kr/cache/board/2012/11/09/3c3fd7bc1e45fc678d16f914cb856a2c.jpg
Img_030_0156.jpg,http://www.anseongfarm.com/product_image/0021300007l.jpg
Img_030_0157.jpg,http://cfile26.uf.tistory.com/image/176F42564DDC2A7022DC28
Img_030_0158.jpg,http://cfile10.uf.tistory.com/image/26463E4654072A56101081
Img_030_0159.jpg,http://postfiles8.naver.net/20120823_183/yja305_13456886057876n6v1_JPEG/33.jpg?type=w2
Img_030_0160.jpg,http://recipe.ezmember.co.kr/cache/recipe/2015/06/04/f13f7e9730e8ff68baeda3b07696e0511.jpg
Img_030_0161.jpg,http://www.jbplaza.com/data/shop/item/957_l1
Img_030_0162.jpg,http://cfs10.blog.daum.net/image/20/blog/2008/02/06/13/02/47a9312307295
Img_030_0164.jpg,http://cfile204.uf.daum.net/image/261FC234527A5AD40CFFD7
Img_030_0165.jpg,http://cfile3.uf.tistory.com/image/23162A4258A302A614A4D9
Img_030_0166.jpg,http://hanul30781.cafe24.com/attach/1/9728241273.jpg
Img_030_0168.jpg,http://cfile236.uf.daum.net/image/267FDE4751FF1AB9068FFD
Img_030_0169.jpg,http://cfile23.uf.tistory.com/image/2159153657F4329525F6F4
Img_030_0170.jpg,http://img.ezday.co.kr/cache/board/2008/04/02/1ebabed2ac9109e8b8af103857d355b3.jpg
Img_030_0173.jpg,http://www.edgekimchi.com/yc/data/item/1419754841/thumb-mb19_320x320.jpg
Img_030_0174.jpg,http://food.chosun.com/site/data/img_dir/2013/11/20/2013112002224_1.jpg
Img_030_0175.jpg,http://postfiles16.naver.net/20130509_191/wjstj0123_1368080547171s3DXt_JPEG/2.jpg?type=w1
Img_030_0175.jpg,http://blogfiles.naver.net/20130204_84/jae9551_1359905524913T5RHN_JPEG/2.JPG
Img_030_0177.jpg,http://postfiles5.naver.net/MjAxNzA0MTdfMTEy/MDAxNDkyMzg3NjUzMzcx.X8NkRl2SYcklD0OiIx3l6_ubf22mvFhf9lhn0w74ix4g.FEi2oa3UsZaTFrz4Kd8Gd5H4MXaPhFmKw7cFsBbcovQg.JPEG.jh2y3/%EA%B9%8D%EB%91%90%EA%B8%B0%EB%8B%B4%EA%B7%B8%EB%8A%94%EB%B2%95_%2872%29.JPG?type=w1
Img_030_0178.jpg,http://postfiles14.naver.net/20100313_141/just6063_1268413373515sr16e_jpg/337401_just6063.jpg?type=w2
Img_030_0179.jpg,http://cfile26.uf.tistory.com/image/1864D53E4EDB42A50C101F
Img_030_0180.jpg,https://t1.daumcdn.net/thumb/R1280x0/?fname=http://t1.daumcdn.net/brunch/service/user/ba9/image/qRZbWp6T3tPpuUqLwe5L7YOXazM.jpg
Img_030_0181.jpg,http://thumbnail.egloos.net/620x0/http://pds21.egloos.com/pds/201404/11/13/a0100413_5347a70ebbd0e.jpg
Img_030_0183.jpg,http://edamche.com/shop/data/goods/1389351878000_l.jpg
Img_030_0184.jpg,http://postfiles13.naver.net/MjAxNjEwMzBfMTQw/MDAxNDc3NzkxMDI4MzQz.C3EdGOSiIll0T_c2wnBJlTtG9cuzyCiE1MRhz3IdCdMg.K1AAsm47R8fraWDuInIlXJjqGjZo0Sl3UCOhkX1jy3gg.JPEG.pyoun0181/%EA%B9%8D%EB%91%90%EA%B8%B0%EB%8B%B4%EA%B7%B8%EB%8A%94%EB%B2%95DSC03011-007.jpg?type=w1
Img_030_0187.jpg,https://i.ytimg.com/vi/UGdF3qU0mGY/hqdefault.jpg
Img_030_0189.jpg,http://recipe.ezmember.co.kr/cache/recipe/2015/04/10/7fe2b1f0358c072f93e9901a471091b11.jpg
Img_030_0190.jpg,http://post.phinf.naver.net/MjAxNzAzMjRfMTgx/MDAxNDkwMzM1MDU1NzUx.eV-C-nd4Ta0ToPP3mXWD3SdWJv4r8kzqjXV3olW-8LUg.83kAETUkhcdLcAAQMpqrSzMJ-2p4ovNMT7p4Z_C2zjEg.JPEG/mug_obj_201703241457357255.jpg?type=w1080
Img_030_0191.jpg,http://www.ssik.co.kr/wp-content/uploads/2016/06/%EA%B9%8D%EB%91%90%EA%B8%B0%ED%8A%B9%EC%84%B1.jpg
Img_030_0192.jpg,http://postfiles15.naver.net/MjAxNjExMjhfMjIz/MDAxNDgwMjg2NzI0MzUx.i3RxcEoRd4Df88S7HoyQuEL4IoUTeixMsPTQqdIsNR8g.YPelpL6tAW9TE1xRwynUFfz3q-kC3YNeB78TzqkZdvog.JPEG.nanacook/%EA%B9%8D%EB%91%90%EA%B8%B0_%281%29.JPG?type=w2
Img_030_0193.jpg,http://mblogthumb2.phinf.naver.net/MjAxNjEwMjRfMTc0/MDAxNDc3MjgxODI1NjQ4.i7W580aYmWRoloKlued7cR82DV6KPI481IEja7VyT88g.SR1CPN-aO6UR_0mnX5LYl2hTIH4n_o8pQdvQx8NTmK4g.JPEG.naya399/%EB%B0%B1%EC%A2%85%EC%9B%90_%EA%B9%8D%EB%91%90%EA%B8%B0_%2820%29.JPG?type=w2
Img_030_0194.jpg,http://postfiles4.naver.net/20141104_115/ridiastory_1415056787998sUXIB_JPEG/086.JPG?type=w1
Img_030_0196.jpg,http://cfile209.uf.daum.net/image/182F2E394EDD5E2F232F74
Img_030_0197.jpg,http://www.hgskimchi.co.kr/data/item/1474956668/thumb-1286958592_l1_500x500.jpg
Img_030_0198.jpg,http://mblogthumb3.phinf.naver.net/20161005_114/virua_1475655595860YO3aS_PNG/%BD%BA%C5%A9%B8%B0%BC%A6_2016-10-05_%BF%C0%C8%C4_4.41.44.png?type=w800
Img_030_0199.jpg,http://cfile27.uf.tistory.com/image/2633A64758B6A0AB13BB87
Img_030_0202.jpg,http://cfs12.tistory.com/image/35/tistory/2009/05/27/20/38/4a1d2629cbb48
Img_030_0203.jpg,http://cfile3.uf.tistory.com/image/23327B33546EC1D0315E05
Img_030_0204.jpg,http://cfile10.uf.tistory.com/image/2571C143550A8C9E1C4589
Img_030_0205.jpg,http://www.jalmandeun.com/shopimages/jalmandeun/0010000000022.jpg
Img_030_0206.jpg,http://cfile8.uf.tistory.com/image/263BFD3B58B2FA9A1DDAD3
Img_030_0207.jpg,http://mblogthumb3.phinf.naver.net/20161004_238/schrodingerl_1475562458884i6oAt_PNG/%B1%EF%B5%CE%B1%E2_%B4%EB%C7%A5%C0%CC%B9%CC%C1%F6.png?type=w800
Img_030_0208.jpg,https://i.ytimg.com/vi/cO6rXtO1T2o/maxresdefault.jpg
Img_030_0209.jpg,http://gdimg.gmarket.co.kr/719468783/still/280
Img_030_0210.jpg,http://mblogthumb2.phinf.naver.net/20161013_13/peace8012_1476334462084I9ocM_JPEG/image_9454573601476333724260.jpg?type=w800
Img_030_0213.jpg,http://hanul30781.cafe24.com/attach/1/7474874204.jpg
Img_030_0214.jpg,http://thumbnail.egloos.net/600x0/http://pds26.egloos.com/pds/201512/07/68/c0142468_56652b649c112.jpg
Img_030_0215.jpg,http://cfile6.uf.tistory.com/image/223F205051F13F870E80F2
Img_030_0216.jpg,http://postfiles4.naver.net/20140628_67/zoonam2_1403961424856bHuM4_JPEG/7.jpg?type=w1
Img_030_0217.jpg,http://postfiles6.naver.net/20111123_69/heena_mom_1322026341043p7Ezr_JPEG/IMG_2133.jpg?type=w1
Img_030_0221.jpg,http://hbsfood.com/shop/data/goods/1499840836642m0.jpg
Img_030_0222.jpg,http://mblogthumb3.phinf.naver.net/20140901_286/sh0307p_14095505099532T0zb_JPEG/IMG_5150.JPG?type=w2
Img_030_0224.jpg,http://postfiles15.naver.net/20141114_286/hyleeyan_1415950725829w6RDo_JPEG/%B1%EFDSC_0235.JPG?type=w1
Img_030_0228.jpg,http://cfile232.uf.daum.net/image/1151514F50C530CF2C8D02
Img_030_0229.jpg,http://cfs8.blog.daum.net/image/4/blog/2008/10/13/01/50/48f22adca4b0c&filename=%EA%B9%8D%EB%91%90%EA%B8%B03.JPG
Img_030_0231.jpg,http://cfile227.uf.daum.net/image/261C4B4655BAE25E1E33CA
Img_030_0232.jpg,http://yesodamkimchi.com/web/yesodam_imgs/prd_%EA%B9%8D%EB%91%90%EA%B8%B0.png
Img_030_0234.jpg,http://cfile4.uf.tistory.com/image/230721375723053701D763
Img_030_0235.jpg,http://mblogthumb1.phinf.naver.net/MjAxNjEwMjlfMTY5/MDAxNDc3NzEwMDg5NzU5.ERYfIgGKNnErIT8hYBVFf3exc3Hnw7d_MtzGnX2WH2Ag.U4JetWil6Zzc6WZSE3VuU0DetdzGKbTuNoYY4Xj4MwIg.JPEG.yalove66/056.jpg?type=w800
Img_030_0237.jpg,http://cfile2.uf.tistory.com/image/226A295055FE26F22AE58C
Img_030_0240.jpg,http://gdimg.gmarket.co.kr/586848469/still/280
Img_030_0243.jpg,http://dimg.donga.com/wps/NEWS/IMAGE/2011/11/25/42133681.1.jpg
Img_030_0244.jpg,http://cfile240.uf.daum.net/image/2044AF0C4AC0CC441B8821
Img_030_0245.jpg,http://cfile6.uf.tistory.com/image/1610993F4FEC1D022F51FB
Img_030_0250.jpg,http://cfile8.uf.tistory.com/image/245C023A51FF2736216636
Img_030_0252.jpg,http://postfiles14.naver.net/MjAxNzAxMDVfMjgy/MDAxNDgzNjExNzIyNjMw.bkgGNk31T5V72g-UByJC2eaY80hyErYoaDSxZCPU1vAg.WQ5C3U1zLGe9y5YodeTWu0-jYz3LWktjjIVkJ63LGVgg.JPEG.songto2004/%EB%B6%80%EC%A0%84%EC%8B%9C%EC%9E%A5_%EC%84%9C%EC%9A%B8%EA%B9%8D%EB%91%90%EA%B8%B0_%EB%8F%84%EA%B0%80%EB%8B%88%ED%83%95_03.jpg?type=w773
Img_030_0255.jpg,http://cfile4.uf.tistory.com/image/2541143D54D182711889AB
Img_030_0256.jpg,http://mall.ourhome.co.kr//attach_file/20161230/AD993BA31A834B0EBDB2E2B8210EE20C.jpg
Img_030_0259.jpg,http://www.matsarang.net/upload/images/product/Product_1361503816387.jpg
Img_030_0262.jpg,http://cfs6.blog.daum.net/image/12/blog/2007/10/18/20/14/4717401f2cf75&filename=%EA%B9%8D%EB%91%90%EA%B8%B0.jpg
Img_030_0263.jpg,http://cfs13.blog.daum.net/image/22/blog/2008/09/17/11/15/48d0682000421&filename=%EB%B0%B0%EA%B9%8D%EB%91%90%EA%B8%B04.jpg
Img_030_0266.jpg,http://cfile27.uf.tistory.com/image/244FB23E523C253B04C71F
Img_030_0268.jpg,http://applejin.co.kr/shopimages/ham518/0040010000022.jpg
Img_030_0269.jpg,http://cfile236.uf.daum.net/image/193CE54E4FE7D2613147ED
Img_030_0270.jpg,http://mblogthumb4.phinf.naver.net/20161005_275/yunian80_1475593264099xnYPm_JPEG/image_7318626001475593106723.jpg?type=w800
Img_030_0273.jpg,http://cfile2.uf.tistory.com/image/202EBD3E503B82CF1BFF7E
Img_030_0274.jpg,http://www.jmsfnc.com/mall/shop_image/201504/%B1%EF%B5%CE%B1%E21%281%29.jpg
Img_030_0277.jpg,http://jeonjuchanbang.com/shop/data/goods/1489738918424s0.jpg
Img_030_0278.jpg,http://mblogthumb4.phinf.naver.net/MjAxNzAyMTVfODIg/MDAxNDg3MTIxMDI4NzQ4.DKT8z5k5IvsIPIwVUAVWU6jrWMkY56nD5dy_s4LQNqsg.M3t1KbbcwGTHeiJAzFVNLX3z5qkG0igvMWR4cA3IPFMg.PNG.enhance15/%EA%B9%8D%EB%91%90%EA%B8%B0%ED%95%9C%EC%A0%91%EC%8B%9C.png?type=w2
Img_030_0281.jpg,http://hanarum-kimchi.com/web/product/medium/201511/59_shop1_582192.jpg
Img_030_0284.jpg,http://postfiles1.naver.net/20101120_48/allcllrp_1290219737468WwsuR_JPEG/%BB%E7%C1%F8_031.jpg?type=w1
Img_030_0287.jpg,http://cfile21.uf.tistory.com/image/230AE74F580F63B32D880F
Img_030_0288.jpg,http://cfile5.uf.tistory.com/image/215BE23D57E645A81DE0A6
Img_030_0289.jpg,http://postfiles6.naver.net/20160205_117/missqt0909_14546810612808G0jN_JPEG/8.jpg?type=w773
Img_030_0289.jpg,http://postfiles4.naver.net/20121029_259/jae9551_1351499319550DnfFL_JPEG/8.JPG?type=w1
Img_030_0291.jpg,https://i.pinimg.com/474x/cb/af/bf/cbafbf2069f6bda22740222598920c8c.jpg
Img_030_0293.jpg,http://postfiles10.naver.net/20160412_57/harim018_14604486210320LOIf_JPEG/2016-04-11-18-28-23.jpg?type=w2
Img_030_0297.jpg,http://cfile230.uf.daum.net/image/26704C4A552E54DD0EFC5A
Img_030_0298.jpg,http://food.chosun.com/site/data/img_dir/2012/07/26/2012072600874_1.jpg
Img_030_0299.jpg,http://cfile3.uf.tistory.com/image/27210A4C5587E99D0ED2D7
Img_030_0301.jpg,http://cfile239.uf.daum.net/image/134EA84F4F86C87C14D826
Img_030_0302.jpg,http://mblogthumb3.phinf.naver.net/20160805_86/love_may55_1470393291347jGiTg_JPEG/image_2858495311470393155185.jpg?type=w800
Img_030_0303.jpg,http://cfile208.uf.daum.net/image/253E3C4F57A7C270211BDB
Img_030_0305.jpg,http://cfile10.uf.tistory.com/image/2138E14856B9388525A089
Img_030_0306.jpg,http://cfile23.uf.tistory.com/image/2219C84058B3C17D077E53
Img_030_0309.jpg,http://mblogthumb1.phinf.naver.net/20161014_236/tndusl5962_1476420446514GTUVU_JPEG/SAM_0771.JPG?type=w800
Img_030_0310.jpg,http://post.phinf.naver.net/MjAxNzAzMjRfMTQ1/MDAxNDkwMzM1MDU1MDIz.yPPE8CUnX3jx9h6VXlgSwEy8mgacVPO4AnONBrVbRHYg.oe4C1D5hrJXycMZCnlv2JHeecg30qU5NKNv2ePdNLEAg.JPEG/mug_obj_201703241457359041.jpg?type=w1080
Img_030_0312.jpg,http://cfile10.uf.tistory.com/image/1979CB204C7C2E140B4E40
Img_030_0314.jpg,http://mblogthumb4.phinf.naver.net/MjAxNzAxMDFfOTkg/MDAxNDgzMjM5ODY5NzQx.3dmK8BjMjIx2_eIqlQont2CefEJom-6o-2DfwLl7egog.-wEwMkj9QfwgOulf-g2eDwjILz4kXAm1EcNU2eLd0zog.JPEG.kstencil/%EA%B0%95%EC%84%B1%EB%B0%94%EC%9D%B4%EC%98%A4_%EC%88%98%EC%A0%9C%EC%B0%B8%EC%86%8C%EA%B3%A0%EA%B8%B0%EB%B3%B6%EC%9D%8C%EA%B3%A0%EC%B6%94%EC%9E%A5_%EB%B3%B6%EC%9D%8C%EA%B3%A0%EC%B6%94%EC%9E%A5%EA%B9%8D%EB%91%90%EA%B8%B0%EB%B3%B6%EC%9D%8C%EB%B0%A55.jpg?type=w800
Img_030_0315.jpg,http://cfile202.uf.daum.net/image/127D57124B3C0C9009AC47
Img_030_0321.jpg,http://gdimg.gmarket.co.kr/361507560/still/300
Img_030_0322.jpg,http://cfs13.tistory.com/image/10/tistory/2010/01/25/08/18/4b5cd5496dc48
Img_030_0324.jpg,http://cfile10.uf.tistory.com/image/2469F94B5469BFA3071BF0
Img_030_0326.jpg,http://postfiles14.naver.net/20141113_189/heeju001_1415887785176N4TQp_JPEG/IMG_3039.JPG?type=w1
Img_030_0328.jpg,http://postfiles1.naver.net/MjAxNzA3MTlfMjE1/MDAxNTAwNDMyMTEwMzA3.2MFuhr3fZvt6rNy18aqtUlAGsYZ_pgqImtjC_oFRRZgg.tqMUxoXohkKC0FxDKc30qkdi58UW7zPJBwnhT-49_Gsg.JPEG.lemonjin7088/%EC%98%A4%EC%9D%B4%EA%B9%80%EC%B9%982.JPG?type=w966
Img_030_0332.jpg,http://cfile26.uf.tistory.com/image/2134DE4355E2B32E2FA518
Img_030_0333.jpg,https://t1.daumcdn.net/thumb/R1280x0/?fname=http://t1.daumcdn.net/brunch/service/user/ba9/image/_wtTdAXcRtCAaFq_pvCT_BLm7dc.jpg
Img_030_0334.jpg,http://cfile219.uf.daum.net/image/1307EA124AF6E0F815C607
Img_030_0335.jpg,http://cfile24.uf.tistory.com/image/2649D94B5851318B332002
Img_030_0336.jpg,http://cfile29.uf.tistory.com/image/0144A54750FCFD312ABC6C
Img_030_0340.jpg,https://www.everybunnyeats.com/wp-content/uploads/2016/08/Kkakdugi-1024x834.jpg
Img_030_0342.jpg,http://www.82cook.com/imagedb/orig/2011/0826/4713f6bbcadd07f2.jpg
Img_030_0344.jpg,http://cfile2.uf.tistory.com/image/266A763758748CE02D64ED
Img_030_0345.jpg,http://postfiles7.naver.net/20130822_118/claire3010_1377126405261gFzur_JPEG/P8202964.jpg?type=w1
Img_030_0346.jpg,http://cfile29.uf.tistory.com/image/27057B4458BCD5F024279F
Img_030_0347.jpg,http://postfiles14.naver.net/20130402_141/onsaimiro111_1364835821362Fpxzo_JPEG/%B1%EF%B5%CE%B1%E26.jpg?type=w3
Img_030_0348.jpg,http://cfile24.uf.tistory.com/image/2202D3365382D8341DE219
Img_030_0349.jpg,http://www.6442166.com/upload/goods/a36676_ggag500.jpg
Img_030_0358.jpg,http://postfiles8.naver.net/MjAxNzA0MTdfMzEg/MDAxNDkyMzg3Mjk3MTQ1.pGFiWnxgggiOxdarwHEBb6BxeLqu1bRpeNpbwBrKcQsg.Cap5JKVOTXQHTzXFvRL3mYofOPcfijbYs6-lyfrHOtsg.JPEG.jh2y3/%EA%B9%8D%EB%91%90%EA%B8%B0%EB%8B%B4%EA%B7%B8%EB%8A%94%EB%B2%95_%2858%29.JPG?type=w1
Img_030_0370.jpg,http://postfiles5.naver.net/MjAxNzA0MTdfMTEy/MDAxNDkyMzg3NjUzMzcx.X8NkRl2SYcklD0OiIx3l6_ubf22mvFhf9lhn0w74ix4g.FEi2oa3UsZaTFrz4Kd8Gd5H4MXaPhFmKw7cFsBbcovQg.JPEG.jh2y3/%EA%B9%8D%EB%91%90%EA%B8%B0%EB%8B%B4%EA%B7%B8%EB%8A%94%EB%B2%95_%2872%29.JPG?type=w1
Img_030_0421.jpg,http://postfiles5.naver.net/20141130_68/julie7000_1417340621462JVSsy_JPEG/038.JPG?type=w3
Img_030_0457.jpg,http://postfiles6.naver.net/MjAxNjExMjhfMTEz/MDAxNDgwMjg2NjkwNTg2.pYyjWeZ4Uij5vJTu4-C2i59EppyTn2ilfQWQKeY08PIg.59kaGi32nS8FQRmpxVnor6g0BE07syO6qpxsqdaFwDwg.JPEG.nanacook/%EA%B9%8D%EB%91%90%EA%B8%B0_%282%29.JPG?type=w2
Img_030_0458.jpg,http://postfiles11.naver.net/20120823_170/yja305_1345690511254myJwT_JPEG/31.jpg?type=w2
Img_030_0510.jpg,http://postfiles15.naver.net/MjAxNjExMjhfMjIz/MDAxNDgwMjg2NzI0MzUx.i3RxcEoRd4Df88S7HoyQuEL4IoUTeixMsPTQqdIsNR8g.YPelpL6tAW9TE1xRwynUFfz3q-kC3YNeB78TzqkZdvog.JPEG.nanacook/%EA%B9%8D%EB%91%90%EA%B8%B0_%281%29.JPG?type=w2
Img_030_0536.jpg,http://blogthumb2.naver.net/MjAxNzAzMjZfMTYx/MDAxNDkwNTM1MTYxMjA4.Xiek9UtNJA2YKEAu5tVa_fpnroyMXPv1xPrSuNBjjMAg.rVu_E3MMfMF4sxingRF5zCddBhgbnQ68zHNLilWgFt0g.JPEG.kim0925480/030.JPG?type=w2
Img_030_0539.jpg,http://postfiles8.naver.net/20101120_199/allcllrp_1290219739062687hR_JPEG/%BB%E7%C1%F8_028.jpg?type=w1
Img_030_0561.jpg,http://postfiles5.naver.net/20110107_164/king940_1294375066373XEYJ6_JPEG/DSC_1025.JPG?type=w2
Img_030_0575.jpg,http://www.luchiafood.com/web/upload/front_mobile/m_sliced4.jpg
Img_030_0673.jpg,http://mblogthumb3.phinf.naver.net/20141007_18/hiinyoun_1412643994375DSzY8_JPEG/003.JPG?type=w2
Img_030_0700.jpg,http://postfiles9.naver.net/20150311_24/mimi030630_1426048952009M2tPK_JPEG/IMG_03939.jpg?type=w2
Img_030_0703.jpg,http://postfiles9.naver.net/20150311_24/mimi030630_1426048952009M2tPK_JPEG/IMG_03939.jpg?type=w2
Img_030_0709.jpg,http://img.ezmember.co.kr/cache/board/2015/03/11/891a90c285db35d91ec90ec5bb3e94cb.jpg
Img_030_0839.jpg,http://postfiles5.naver.net/20160919_100/phpnet_1474245961187lCcbD_JPEG/IMG_4803.JPG?type=w966
Img_030_0850.jpg,http://dimg.donga.com/ugc/CDB/SODA/Article/5a/04/13/65/5a041365238cd2738275.jpg
Img_030_0859.jpg,http://cfile226.uf.daum.net/image/2633D24E562CBDF1104CDA
Img_030_0969.jpg,http://blog.bethe1.co.kr/Up/LLSP/blog/editor/odol96/odol96_20090320201314_view.jpg
Img_030_0970.jpg,http://1.bp.blogspot.com/--ihO0pJw5wU/TZRn2UyeaxI/AAAAAAAAAt0/SkBKGy_Tt_g/s1600/oimg_GC02358573_CA02358588.jpg
Img_030_0972.jpg,http://olive-street.com/wp-content/uploads/2013/11/radishkimchi.jpg
Img_030_0973.jpg,http://www2.lifeinus.com/sites/default/files/styles/full_size/public/images/sagwa12.jpg?itok=yo77MFVq
Img_030_0974.jpg,http://blog.bethe1.co.kr/Up/LLSP/blog/editor/ssanta302/ssanta302_20161117024055_view.jpg
Img_030_0975.jpg,http://blog.bethe1.co.kr/Up/LLSP/blog/editor/ssanta302/ssanta302_20161117024347_view.jpg
Img_030_0976.jpg,http://68.media.tumblr.com/b307af7987c401422a289e1854502942/tumblr_inline_o7kyrvbmN01qac5yq_500.jpg
Img_030_0978.jpg,http://edamche.com/shop/data/goods/1389351878000_l.jpg
Img_030_0979.jpg,http://www.maangchi.com/wp-content/uploads/2011/03/1416126748584.jpg
Img_030_0980.jpg,http://cfile29.uf.tistory.com/image/17358543514AAF4A066FCD
Img_030_0981.jpg,http://cfile208.uf.daum.net/image/184672404D1AE5C5133264
Img_030_0982.jpg,http://cfile7.uf.tistory.com/image/191494534DDC2FBA1E5A2A
Img_030_0983.jpg,http://cfile25.uf.tistory.com/image/193643584DDC3028236C22
Img_030_0985.jpg,http://kongsarang.co.kr/data/item/20130609081308195.jpg
Img_030_0986.jpg,http://kongsarang.co.kr/data/item_explan/20140424164547902.jpg
Img_030_0987.jpg,http://cphoto.asiae.co.kr/listimglink/6/2015122110014355494_8.jpg
Img_030_0988.jpg,http://cphoto.asiae.co.kr/listimglink/6/2016011115462069397_1.jpg
Img_030_0989.jpg,http://cfile29.uf.tistory.com/image/2117444055E2B3180AA9E8
Img_030_0990.jpg,http://cfile211.uf.daum.net/image/2413663956F9C7CB0CEDC8
Img_030_0991.jpg,http://cfile227.uf.daum.net/image/25143750562CBFE1224BBB
Img_030_0992.jpg,http://cfile7.uf.tistory.com/image/2557973651AFF6FD0A2B7E
Img_030_0993.jpg,http://postfiles8.naver.net/20101120_199/allcllrp_1290219739062687hR_JPEG/%BB%E7%C1%F8_028.jpg?type=w1
Img_030_0994.JPG,http://www.82cook.com/imagedb/orig/2013/0119/322170207145e430.JPG
Img_030_0995.jpg,http://img.ezday.co.kr/cache/board/blogex/2009/11/17/5043861afe0d3bd08c60d075b5020068.jpg
Img_030_0996.jpg,http://farm6.static.flickr.com/5249/5327482016_dc00cce7d0_o.jpg
Img_030_0997.jpg,http://gdimg.gmarket.co.kr/goods_image2/shop_img/660/311/660311235.jpg
Img_030_0998.png,http://www.ukimchi.kr/data/admin/board_upload/1/images/7664923ba1b355c21ac9d03b615fdf1b.png
