Img_033_0000.jpg,http://postfiles9.naver.net/20140806_200/baby0817_14073288768575Lwrx_JPEG/00000.jpg?type=w1
Img_033_0001.JPG,http://postfiles9.naver.net/20141002_56/ridiastory_1412176969453ibRM2_JPEG/011.JPG?type=w1
Img_033_0002.JPG,http://postfiles7.naver.net/20141002_230/ridiastory_1412177315971izlL3_JPEG/012.JPG?type=w1
Img_033_0004.jpeg,http://park.org/Cdrom/Pavilions/Kimchi/030.jpeg
Img_033_0005.jpeg,http://1.bp.blogspot.com/-RlBTRxg2ygA/UVaWo__Bf4I/AAAAAAAAAZw/4nHUKAINeZw/s1600/033012-4.jpeg
Img_033_0006.jpg,http://recipe.ezmember.co.kr/cache/recipe/2015/03/20/0355613181c1a1416a7d21a521270b381.jpg
Img_033_0007.JPG,http://postfiles5.naver.net/20140613_116/jahan0316_1402619058102uPOxm_JPEG/039.JPG?type=w1
Img_033_0008.png,http://info.pipa.co.kr/files/attach/images/21501/057/027/054889c09e41a20c977109f2be7fda50.png
Img_033_0009.JPG,http://postfiles1.naver.net/20151102_128/eunhwahaha_1446448731391v2Wkr_JPEG/089.JPG?type=w2
Img_033_0010.jpg,http://postfiles6.naver.net/20130311_101/chaihyoun_1362971303974vPW9M_JPEG/1-1.jpg?type=w1
Img_033_0011.jpg,http://postfiles11.naver.net/20140303_250/dew36_1393803700368Sn8Bt_JPEG/1.jpg?type=w1
Img_033_0011.jpg,http://postfiles4.naver.net/20150925_51/jinmomo_14431781058168oAyC_JPEG/1.JPG?type=w1
Img_033_0012.jpg,http://postfiles15.naver.net/20140613_30/jahan0316_140261905846570PHj_JPEG/11.jpg?type=w1
Img_033_0013.jpg,http://cfile27.uf.tistory.com/image/110FCE594DF3FEA71C8143
Img_033_0014.jpg,http://image.auction.co.kr/itemimage/11/60/70/116070f966.jpg
Img_033_0015.jpg,http://archivenew.vop.co.kr/images/75f44fc151873117f7150c9262570d17/2014-11/12073647_kimchi.jpg
Img_033_0016.jpg,http://cfile24.uf.tistory.com/image/12252A354CE166722E2D4E
Img_033_0017.JPG,http://blogthumb2.naver.net/20151030_82/sunsun1890_1446164207089VRtbf_JPEG/135.JPG?type=w2
Img_033_0018.jpg,http://cfile25.uf.tistory.com/image/125355224CCFCB6E4C2F73
Img_033_0019.JPG,http://blogfiles.naver.net/20151030_209/sunsun1890_1446164209777aV6CI_JPEG/143.JPG
Img_033_0021.jpg,http://timg.danawa.com/prod_img/500000/784/538/img/1538784_1.jpg
Img_033_0022.jpg,http://cfile235.uf.daum.net/image/15660B0C4ADB21763CB16F
Img_033_0024.jpg,http://blogthumb2.naver.net/20150321_2/ckwldud1_1426941220425FjOCj_JPEG/16.JPG?type=w2
Img_033_0024.jpg,http://postfiles5.naver.net/20140806_148/baby0817_1407328877252bEU8b_JPEG/16.jpg?type=w1
Img_033_0025.jpg,http://cfile5.uf.tistory.com/image/1678E11E4CCFCA4464AB4F
Img_033_0027.jpg,http://cfile201.uf.daum.net/image/17437C204A9D34D3034FF0
Img_033_0028.jpg,http://postfiles6.naver.net/20140303_53/dew36_1393803703814zfo4l_JPEG/18.jpg?type=w1
Img_033_0029.jpg,http://cfile233.uf.daum.net/image/1874224B4EC1AFAE1C3CDF
Img_033_0030.jpg,http://cfile234.uf.daum.net/image/187AEC104A55629D9AD3DC
Img_033_0033.jpg,https://s-media-cache-ak0.pinimg.com/originals/41/77/f2/4177f2cf0863fb7487f6a865554ccdd1.jpg
Img_033_0035.jpg,http://blog.donga.com/mirror180/files/2014/07/21121928501406212805.jpg
Img_033_0036.jpg,http://cfile212.uf.daum.net/image/2133C44155226340049326
Img_033_0037.jpg,http://imanna.co.kr/web/product/big/201512/23_shop1_921817.jpg
Img_033_0038.jpg,http://postfiles1.naver.net/20140303_192/dew36_13938037048726qsBo_JPEG/24.jpg?type=w1
Img_033_0039.jpg,https://t4.ftcdn.net/jpg/01/07/73/95/240_F_107739560_FVSdw0k1KgzecxymD71imAcUYFEFNtaS.jpg
Img_033_0040.jpg,http://cfile239.uf.daum.net/image/2460D03453ACAF0B045459
Img_033_0041.jpg,http://cfile6.uf.tistory.com/image/25154947543FE9661BA46C
Img_033_0042.jpg,http://gdimg1.gmarket.co.kr/goods_image2/large_jpgimg/262/353/262353753.jpg
Img_033_0043.jpg,http://recipe.ezmember.co.kr/cache/recipe/2015/05/05/34a429d70931a6b4118d2517f49e9b7a1_m.jpg
Img_033_0044.jpg,http://gdimg.gmarket.co.kr/goods_image2/shop_img/399/539/399539748.jpg
Img_033_0045.jpg,http://recipe.ezmember.co.kr/cache/recipe/2015/08/06/3d9c7d3caa49666e7c2f009a697f4e5c1_m.jpg
Img_033_0046.jpg,http://cfs7.tistory.com/image/15/tistory/2008/06/23/01/00/485e7736b5a3e
Img_033_0047.jpg,http://img1.ezday.co.kr/cache/board/2011/06/11/47f96ac76483971c7e98762f43b4f769.jpg
Img_033_0048.jpg,http://cfs9.tistory.com/image/26/tistory/2008/06/23/00/59/485e76eaa2a1e
Img_033_0049.jpg,http://cfs7.tistory.com/image/15/tistory/2008/06/23/01/00/485e772c1615d
Img_033_0050.jpg,http://cfs8.tistory.com/image/24/tistory/2008/06/23/01/01/485e7758175ff
Img_033_0051.jpg,http://cfs13.blog.daum.net/image/33/blog/2008/08/28/09/52/48b5f6e4edd9b&amp;filename=11.jpg
Img_033_0052.jpg,http://cfs8.tistory.com/image/5/tistory/2008/09/05/22/01/48c12dae4f35a
Img_033_0053.jpg,http://img.ezday.co.kr/cache/board/2008/08/29/4bd390a387072816ef9c11ea69e13537.jpg
Img_033_0054.JPG,http://postfiles11.naver.net/MjAxNjEwMjdfMjQ4/MDAxNDc3NTMzNjI1OTE0.6ph053WZCT9ZUYccIZiIIyrvhdRMv2FG6hrTWzIXMhAg.3qTcM4tDg0a_ZIwj3lBlyK4vmQBQYe4_uuPjf38cJDsg.JPEG.erina98/5.jpg?type=w966
Img_033_0054.JPG,http://blogfiles.naver.net/20140724_250/julie7000_1406173945945ceh4y_JPEG/5.JPG
Img_033_0055.jpg,http://dimg.donga.com/egc/CDB/VODA/Article/M01/T70005/59/2e/44/73/592e44730e2a0.jpg
Img_033_0056.jpg,http://recipe.ezmember.co.kr/cache/recipe/2016/09/01/5a7a96cf8e9211fe823cceaccb5e70791.jpg
Img_033_0057.jpg,http://postfiles13.naver.net/20140806_12/baby0817_1407328879878ABbzC_JPEG/60.jpg?type=w2
Img_033_0059.jpg,http://gdimg.gmarket.co.kr/goods_image2/shop_img/667/553/667553026.jpg
Img_033_0060.jpg,http://img.ezmember.co.kr/cache/board/2014/08/08/6a22209909c8a7fc4635ead4bd9b3982.jpg
Img_033_0061.jpg,http://recipe.ezmember.co.kr/cache/recipe/2015/08/13/6a65c216481e36247def03775c6075451.jpg
Img_033_0062.jpg,http://img1.ezday.co.kr/cache/board/2011/06/11/6b0fe6e79cd3e7fa0ddfff96e75228a4.jpg
Img_033_0063.jpg,http://recipe.ezmember.co.kr/cache/recipe/2016/10/24/72e2cbc61da5055b80b162af761b25191_m.jpg
Img_033_0065.jpg,http://image.auction.co.kr/itemimage/8b/e0/42/8be042285.jpg
Img_033_0066.jpg,http://recipe.ezmember.co.kr/cache/recipe/2015/04/02/8d8d7f1c1e49eb52f578e65092f70c7e1_m.jpg
Img_033_0067.jpg,http://recipe.ezmember.co.kr/cache/recipe/2015/12/01/991199eb6d98d3eae3d2c1510cc414f31_m.jpg
Img_033_0068.jpg,http://img.ezday.co.kr/cache/board/2009/06/19/9b088f3c1554c424d5a3dea75bc76d50.jpg
Img_033_0069.jpg,http://www.82cook.com/imagedb/orig/2011/0829/9dec9ef4c22e972e.jpg
Img_033_0070.jpg,http://postfiles10.naver.net/20150921_169/torbangmalim_1442809316038jEgRL_JPEG/DSC_0182.jpg?type=w1
Img_033_0073.JPG,http://blogfiles.naver.net/20141121_183/siamsun44_1416496773374KcXx5_JPEG/IMG_1288.JPG
Img_033_0074.JPG,http://blogfiles.naver.net/20140724_264/julie7000_1406173946545z9ENt_JPEG/IMG_3211.JPG
Img_033_0075.JPG,http://blogfiles.naver.net/20140724_118/julie7000_1406173948702sLSOx_JPEG/IMG_3256.JPG
Img_033_0076.JPG,http://blogthumb2.naver.net/20140724_45/julie7000_1406173941147GylsF_JPEG/IMG_3265.JPG?type=w2
Img_033_0077.JPG,http://postfiles12.naver.net/20140724_155/julie7000_1406173947307r48pD_JPEG/IMG_3281.JPG?type=w3
Img_033_0078.JPG,http://blogfiles.naver.net/20140724_253/julie7000_1406173949898zPzPS_JPEG/IMG_3302.JPG
Img_033_0079.JPG,http://postfiles10.naver.net/20150711_249/powsug_1436625855810sCHco_JPEG/IMG_3518.JPG?type=w1
Img_033_0080.JPG,http://postfiles16.naver.net/20141017_191/joo1609_1413556325862yplKf_JPEG/IMG_5815.JPG?type=w1
Img_033_0081.JPG,http://postfiles7.naver.net/20160905_38/aristata73_1473041741332lfdl9_JPEG/IMG_7927.JPG?type=w2
Img_033_0083.jpg,http://www.smlounge.co.kr/old_data/mlounge/contents/data/recipe/R_L_142060111682932.jpg
Img_033_0084.jpg,http://www.smlounge.co.kr/old_data/mlounge/contents/data/recipe/R_L_R201311023_000.jpg
Img_033_0085.png,http://www.branddb.co.kr/data/files/a7258dba3d7bc8229522b36aca44abc5.png
Img_033_0086.jpg,http://corea.moyiza.com/files/attach/images/144/118/392/002/a8035cd7cc53be9b53437f102475ba65.jpg
Img_033_0087.jpg,https://koreaanskoken.files.wordpress.com/2012/09/afbeelding-797.jpg
Img_033_0088.jpg,http://recipe.ezmember.co.kr/cache/recipe/2015/07/28/b4ed34031cf0b2067bb8af38afd983a61.jpg
Img_033_0089.jpg,http://recipe.ezmember.co.kr/cache/recipe/2015/08/12/b63745c879435a8c6be86bbccc3c64011_m.jpg
Img_033_0090.jpg,http://image.auction.co.kr/itemimage/b6/dd/55/b6dd55955.jpg
Img_033_0091.jpg,http://cercadecorea.files.wordpress.com/2007/04/bc1.jpg
Img_033_0093.jpg,http://postfiles5.naver.net/20140303_20/dew36_1393803704516EI9SF_JPEG/22.jpg?type=w1
Img_033_0094.JPG,http://blogfiles.naver.net/20141121_176/siamsun44_1416496773128wP3cQ_JPEG/IMG_1285.JPG
Img_033_0095.JPG,http://blogfiles.naver.net/20140724_6/julie7000_1406173941867KSTgT_JPEG/IMG_3312.JPG
Img_033_0096.jpg,http://www.hwawon-nh.com/image_item/D0000/P0000034000280.jpg
Img_033_0097.jpg,http://www.hwawon-nh.com/image_item/D0001/P0001017000280.jpg
Img_033_0099.jpg,https://i.ytimg.com/vi/Fbi5Ix9YwSk/hqdefault.jpg
Img_033_0100.jpg,https://i.ytimg.com/vi/1hH-ePIcFl8/hqdefault.jpg
Img_033_0101.jpg,https://i.ytimg.com/vi/wA4ELSNyarQ/hqdefault.jpg
Img_033_0102.jpg,http://i.ytimg.com/vi/NFRfZJnPLEU/maxresdefault.jpg
Img_033_0103.jpg,http://qmarket.co.nz/1470-thickbox_default/nongil-kimchi-1kg-.jpg
Img_033_0105.jpg,http://image.auction.co.kr/itemimage/c7/8e/d8/c78ed8c33.jpg
Img_033_0106.jpg,http://recipe.ezmember.co.kr/cache/recipe/2015/03/13/da6e97747e20d67a832f2ac65832cbc51.jpg
Img_033_0107.jpg,http://livedoor.blogimg.jp/kaikaihanno/imgs/d/a/dafd8956.jpg
Img_033_0108.jpg,http://recipe.ezmember.co.kr/cache/recipe/2016/09/01/e57fc65aed343743836f869033247aa61.jpg
Img_033_0109.jpg,http://image.auction.co.kr/itemimage/eb/52/11/eb5211345.jpg
Img_033_0110.jpg,http://recipe.ezmember.co.kr/cache/recipe/2015/03/20/f215390d5d01fba870797e75406baf081.jpg
Img_033_0111.jpg,http://image.auction.co.kr/itemimage/fb/44/ad/fb44ad095.jpg
Img_033_0112.jpg,https://farm4.staticflickr.com/3439/3835415601_3546698b73.jpg
Img_033_0113.jpg,https://farm4.staticflickr.com/3361/3509264540_18b79e5e0f.jpg
Img_033_0114.jpg,https://farm8.staticflickr.com/7439/10717772863_8c574e505d.jpg
Img_033_0115.jpg,https://farm6.staticflickr.com/5049/5340512575_3110d46d20.jpg
Img_033_0116.jpg,https://farm3.staticflickr.com/2569/5789419524_9be5e5c3a8.jpg
Img_033_0117.jpg,https://farm3.staticflickr.com/2704/4420397916_0d8593c840.jpg
Img_033_0118.jpg,https://farm3.staticflickr.com/2770/4342939574_ae0eb0947b.jpg
Img_033_0119.jpg,https://farm5.staticflickr.com/4009/4587849802_9ce99ce9ca.jpg
Img_033_0120.jpg,https://farm5.staticflickr.com/4016/4663044006_4f0cd3ab65.jpg
Img_033_0121.jpg,https://farm3.staticflickr.com/2503/4054774475_942de972af.jpg
Img_033_0122.jpg,https://farm4.staticflickr.com/3781/12775399954_793a35b237.jpg
Img_033_0124.jpg,https://farm5.staticflickr.com/4045/4684117288_4a95c19ac0.jpg
Img_033_0125.jpg,https://farm5.staticflickr.com/4103/5108988916_2761a7c86f.jpg
Img_033_0126.jpg,https://farm3.staticflickr.com/2669/3835415397_2e0749f797.jpg
Img_033_0127.jpg,https://farm3.staticflickr.com/2618/3836207428_37ed1e42de.jpg
Img_033_0128.jpg,https://farm3.staticflickr.com/2795/4266747697_4f39357b00.jpg
Img_033_0129.jpg,https://farm3.staticflickr.com/2873/9313272520_86fbf5ed1d.jpg
Img_033_0130.jpg,https://farm1.staticflickr.com/26/43411654_cf60cbcf7e.jpg
Img_033_0131.jpg,https://farm8.staticflickr.com/7270/8166675357_368efd48e0.jpg
Img_033_0132.jpg,https://farm5.staticflickr.com/4149/5089369319_04cce3b8b0.jpg
Img_033_0133.jpg,https://farm4.staticflickr.com/3562/3508445087_58a9e1160b.jpg
Img_033_0134.jpg,https://farm5.staticflickr.com/4069/4427697737_ccf38e4caa.jpg
Img_033_0135.jpg,https://farm2.staticflickr.com/1183/1331664436_50b73b8f34.jpg
Img_033_0136.jpg,https://farm6.staticflickr.com/5209/5236992872_81e7e26ed0.jpg
Img_033_0137.jpg,https://farm4.staticflickr.com/3731/32098399873_6f731802de.jpg
Img_033_0138.jpg,https://farm4.staticflickr.com/3222/2938443856_42e5a90cb9.jpg
Img_033_0139.jpg,https://farm4.staticflickr.com/3921/32515699330_d31fd1796a.jpg
Img_033_0140.jpg,https://farm3.staticflickr.com/2538/3937863219_e03409176d.jpg
Img_033_0141.jpg,https://farm2.staticflickr.com/1260/4724709412_d1d3d747dd.jpg
Img_033_0142.jpg,https://farm3.staticflickr.com/2617/3989363683_93bcfdcb8c.jpg
Img_033_0143.jpg,https://farm2.staticflickr.com/1376/1167435901_f50a4bc13b.jpg
Img_033_0144.jpg,https://farm8.staticflickr.com/7155/6487475529_e034928807.jpg
Img_033_0145.jpg,https://farm3.staticflickr.com/2432/3840842599_8b89db59ac.jpg
Img_033_0146.jpg,https://farm5.staticflickr.com/4025/4351420121_7e94462986.jpg
Img_033_0147.jpg,https://farm3.staticflickr.com/2603/4085052664_bedca85a87.jpg
Img_033_0148.jpg,https://farm3.staticflickr.com/2696/4043761919_bb0fb29580.jpg
Img_033_0149.jpg,https://farm2.staticflickr.com/1021/4724055429_8650d78fef.jpg
Img_033_0150.jpg,https://farm2.staticflickr.com/1228/5122048662_0a5867ae63.jpg
Img_033_0151.jpg,https://farm2.staticflickr.com/1280/1092301870_90ce9f6596.jpg
Img_033_0152.jpg,https://farm2.staticflickr.com/1383/791514698_c8ba6c85d4.jpg
Img_033_0153.jpg,https://farm3.staticflickr.com/2058/4508054226_c6bc333c02.jpg
Img_033_0154.jpg,https://farm3.staticflickr.com/2656/4211070076_6e54fd6368.jpg
Img_033_0155.jpg,https://farm9.staticflickr.com/8449/7924798382_570a927a57.jpg
Img_033_0156.jpg,https://farm8.staticflickr.com/7294/12479726534_409f883878.jpg
Img_033_0157.jpg,https://farm5.staticflickr.com/4029/4306703298_a9bb265247.jpg
Img_033_0158.jpg,https://farm5.staticflickr.com/4080/5450896238_cf314209c3.jpg
Img_033_0159.jpg,https://farm5.staticflickr.com/4012/4376933885_d8fba342cc.jpg
Img_033_0160.jpg,https://farm3.staticflickr.com/2174/2420401446_4a9aaff4d3.jpg
Img_033_0162.jpg,http://gdimg.gmarket.co.kr/940566767/still/280
Img_033_0163.jpg,http://cfile10.uf.tistory.com/image/120776164CCFC467150DA1
Img_033_0170.jpg,http://cfs8.tistory.com/upload_control/download.blog?fhandle=YmxvZzEwMjc5MkBmczgudGlzdG9yeS5jb206L2F0dGFjaC8wLzE5MDAwMDAwMDAwNi5qcGc=
Img_033_0171.jpg,http://www.wellbeingchon.co.kr/upload/goods/b61576_baechoo03.jpg
Img_033_0172.jpg,http://social.lge.co.kr/wp-content/uploads/2015/10/LG_%EB%94%94%EC%98%A4%EC%8A%A4_%EA%B9%80%EC%B9%98%ED%86%A1%ED%86%A1_%EB%B0%B0%EC%B6%94%EA%B9%80.jpg
Img_033_0173.jpg,http://mblogthumb3.phinf.naver.net/20131101_18/powsug_13832353118744saor_JPEG/IMG_7842.JPG?type=w2
Img_033_0174.jpg,http://cfile234.uf.daum.net/image/187AEC104A55629D9AD3DC
Img_033_0175.jpg,http://recipe.ezmember.co.kr/cache/recipe/2016/10/10/64fe0021012976540136ba34dde8e2581.jpg
Img_033_0176.jpg,http://cfile239.uf.daum.net/image/2437EA3C512AFF4B07409B
Img_033_0177.jpg,http://cfile6.uf.tistory.com/image/25154947543FE9661BA46C
Img_033_0178.jpg,http://cfile1.uf.tistory.com/image/170937374C6E7DA870945F
Img_033_0179.jpg,http://cfile9.uf.tistory.com/image/14494E4D4EF28DB71DB3CE
Img_033_0180.jpg,http://recipe.ezmember.co.kr/cache/recipe/2016/05/11/05f9a5568d7e4862f3dcb5e59a186bbf1.jpg
Img_033_0181.jpg,http://gdimg.gmarket.co.kr/571526525/still/280
Img_033_0182.jpg,http://postfiles8.naver.net/20121025_183/lemonjin7088_1351128450119c7Rdq_JPEG/%B1%E8%C0%E5%B9%E8%C3%DF%B1%E8%C4%A135.JPG?type=w1
Img_033_0183.jpg,http://gdimg.gmarket.co.kr/203266348/still/300
Img_033_0184.jpg,http://www.wellbeingchon.co.kr/upload/goods/b61762_baechoo04.jpg
Img_033_0185.jpg,http://cfile21.uf.tistory.com/image/251B50335871CD771DC3A7
Img_033_0186.jpg,http://cfile217.uf.daum.net/image/20639D174CC498021CF6C1
Img_033_0187.jpg,http://img.ezmember.co.kr/cache/board/2014/09/05/6de87982cb0f916f4d74934ab818eac1.jpg
Img_033_0188.jpg,http://image.aafood.co.kr/image/upload/yd/wn4mgiks/yi6k1447291895599.jpg
Img_033_0189.jpg,http://cfile27.uf.tistory.com/image/110FCE594DF3FEA71C8143
Img_033_0190.jpg,http://hanafood.kr/web/product/big/201508/27_shop1_165035.jpg
Img_033_0191.jpg,http://kimchi21.com/good_image/2f3f6aa362_b_1_20160614122916.jpg
Img_033_0192.jpg,http://cfile24.uf.tistory.com/image/12252A354CE166722E2D4E
Img_033_0193.jpg,http://cfile8.uf.tistory.com/image/18482A434EC15E34121C0D
Img_033_0194.jpg,http://blogthumb2.naver.net/20150212_104/4313hs_1423672156096LoiRg_JPEG/20150211_090248.jpg?type=w2
Img_033_0195.jpg,http://cfile24.uf.tistory.com/image/1350AD454E59D249184CE7
Img_033_0197.jpg,https://s-media-cache-ak0.pinimg.com/originals/41/77/f2/4177f2cf0863fb7487f6a865554ccdd1.jpg
Img_033_0200.jpg,http://cfile236.uf.daum.net/image/2216E9435544673324A981
Img_033_0201.jpg,http://gdimg.gmarket.co.kr/855867494/still/300
Img_033_0202.jpg,http://cfile211.uf.daum.net/image/1112A4425051A8A01B3B27
Img_033_0203.jpg,http://recipe.ezmember.co.kr/cache/recipe/2015/06/08/831363e660da8391ce4a9e9013a99d0d_m.jpg
Img_033_0204.jpg,http://gdimg.gmarket.co.kr/goods_image2/middle_moreimg/911/872/911872451/911872451_00.jpg?ver=1509588369
Img_033_0206.jpg,http://cfile205.uf.daum.net/image/181362394ED38F6E194632
Img_033_0208.jpg,http://cfile29.uf.tistory.com/image/2237B945582D95050142BB
Img_033_0209.jpg,http://homecuisine.co.kr/files/attach/images/140/108/030/46e84ce0751d0e833efb63aa77523f4d.JPG
Img_033_0211.jpg,http://www.smlounge.co.kr/old_data/mlounge/contents/data/recipe/R_L_144677272335398.jpg
Img_033_0212.jpg,http://cfile29.uf.tistory.com/image/157445394DFD9CFA012978
Img_033_0213.jpg,http://www.realkimchi.com/shopimages/realkimchi/mobile/1/1_represent
Img_033_0214.jpg,http://m.senskimchi.com/web/product/big/201703/17_shop1_754545.jpg
Img_033_0215.jpg,http://cfile225.uf.daum.net/image/232F6F4652572F3431CBDB
Img_033_0216.jpg,http://cfile214.uf.daum.net/image/257B744C526E6DFC2C22C2
Img_033_0217.jpg,http://owlmall.kr/online/wp-content/uploads/products/031-000001-1_1.jpg
Img_033_0219.jpg,http://kimchi21.com/good_image/7a59f6733b_b_1.jpg
Img_033_0220.jpg,http://kimchi21.com/good_image/fdbd89497c_m_1_20140312113608.jpg
Img_033_0221.jpg,http://postfiles4.naver.net/MjAxNzA2MDZfMTMy/MDAxNDk2Njk1NjM5Nzkz.Ea6a_xhGjtPq947jwgVL7Jtq9LF_IjmvAsC-YUgmfHIg.0HQNZx4CSs0o0Lo75uKA7_T7kmq8L3w6UddnbtSQt5gg.JPEG.jh2y3/%EB%B0%B0%EC%B6%94%EA%B9%80%EC%B9%98_%ED%8C%AC%EC%9D%B4%EB%A7%98_%2828%29.JPG?type=w1
Img_033_0222.jpg,http://postfiles6.naver.net/20160720_245/kjo3132_14690202613129VWWh_JPEG/12.jpg?type=w966
Img_033_0224.jpg,http://image.auction.co.kr/itemimage/8b/e0/42/8be042285.jpg
Img_033_0225.jpg,https://i.ytimg.com/vi/U1tPeAXS_-E/maxresdefault.jpg
Img_033_0226.jpg,http://img.ezmember.co.kr/cache/board/2013/03/17/d3b4e4a871f7cf04fdd4b3fba3747c60.jpg
Img_033_0227.jpg,http://www.gukbedal.com/admin/product_add/bcgji_600.jpg
Img_033_0228.jpg,http://cfile29.uf.tistory.com/image/113B4D0D4C252BF816D824
Img_033_0229.jpg,http://www.ssik.co.kr/wp-content/uploads/2016/06/%ED%8F%AC%EA%B8%B0%EA%B9%80%EC%B9%98%ED%8A%B9%EC%84%B1.jpg
Img_033_0230.jpg,http://recipe.ezmember.co.kr/cache/recipe/2016/07/22/29cc2cdcfadc1bee6fccc548f2d558bb1.jpg
Img_033_0231.jpg,http://www.luchiafood.com/web/upload/front_page_smart/gs_cabbage.jpg
Img_033_0232.jpg,http://blogthumb2.naver.net/20160625_27/teaser1_1466852438293JMDTo_JPEG/IMG_4286.JPG?type=w2
Img_033_0235.jpg,http://www.kimchifam.com/shop/data/goods/1456279239281m0.jpg
Img_033_0236.jpg,http://www.farmtail.com/shopimages/farmtail/013010000039.jpg?1463646954
Img_033_0237.jpg,http://www.hyfresh.co.kr/prdimg/20170707/008/0004/00010/000010/33641/33641_F_025.jpg
Img_033_0239.jpg,http://cfile23.uf.tistory.com/image/117D8C424E77FDDA225686
Img_033_0240.jpg,http://www.bitchaeul.co.kr/data/item/1419395865/thumb-500_320x320.jpg
Img_033_0242.jpg,http://mblogthumb4.phinf.naver.net/MjAxNzA0MjVfMTUz/MDAxNDkzMTMyMDAwMjY0.Olgx1IG0a609d-X3_pLCvI_OB4AQWVZ90rdRfW6adnYg.JckluLIjs-OGGXLp26d4mY0t0P9sa9N8E40qDqxUuDYg.JPEG.iam2320/17.JPG?type=w2
Img_033_0243.jpg,http://jnopen.com/spb3/sshop3/download.php?db=gift&uid=506204&upfile=t2&mode=origin&notfound=any
Img_033_0244.jpg,http://corea.moyiza.com/files/attach/images/144/118/392/002/a8035cd7cc53be9b53437f102475ba65.jpg
Img_033_0245.jpg,http://post.phinf.naver.net/MjAxNzAyMjNfMTI2/MDAxNDg3ODEyNTcwOTMy.zNpGK4sbZU0Dj_G4DG7Zna6_oxk451qa0INHCKPGRPwg.OsDqiOhARoiqAoEKyjKqwz8xKdtdEoA7-SzfiEyB0a0g.JPEG/%EB%B0%B0%EC%B6%94%EA%B9%80%EC%B9%985KG_%EC%A3%BC%EB%AC%B8_%EA%B9%80%EC%B9%98%EA%B1%B1%EC%A0%95%EB%8D%9C%EC%97%88%EC%96%B4%EC%9A%945.jpg?type=w1200
Img_033_0246.jpg,http://www.geumchi.com/web/product/big/201608/20_shop1_616044.jpg
Img_033_0247.jpg,http://postfiles2.naver.net/20110905_1/king940_131519982378313TwV_JPEG/_DSC0371.JPG?type=w2
Img_033_0250.jpg,http://www.82cook.com/imagedb/orig/2011/0829/9dec9ef4c22e972e.jpg
Img_033_0251.jpg,http://image.auction.co.kr/itemimage/11/fa/fb/11fafb3941.jpg
Img_033_0252.jpg,http://thumbnail.egloos.net/620x0/http://pds11.egloos.com/pds/200903/16/13/a0100413_49be1455a61a9.jpg
Img_033_0254.jpg,http://mblogthumb3.phinf.naver.net/20140924_94/dew36_14114862894165HcJe_JPEG/1.jpg?type=w2
Img_033_0257.jpg,http://cfile24.uf.tistory.com/image/21142E4153F9B55F2BB09D
Img_033_0259.jpg,http://cfile7.uf.tistory.com/image/26772935587F058B150E1D
Img_033_0260.jpg,https://homecuisine.co.kr/files/attach/images/140/506/052/fbccd9bdf8ae39f05a42fb23fb237560.JPG
Img_033_0263.jpg,https://i.ytimg.com/vi/f8MYlAwSsrE/maxresdefault.jpg
Img_033_0267.jpg,http://www.branddb.co.kr/data/files/a7258dba3d7bc8229522b36aca44abc5.png
Img_033_0269.jpg,http://mblogthumb1.phinf.naver.net/20111109_144/mesooo_1320809200735DwYzo_JPEG/%BC%AD%BF%EF%B1%E8%C4%A1.jpg?type=w2
Img_033_0270.jpg,http://cfile213.uf.daum.net/image/231C663F5677B9D32A54A4
Img_033_0271.jpg,http://postfiles11.naver.net/MjAxNzAzMzBfMjI4/MDAxNDkwODM0NzM4MTkx.6bWfcRfaXW9k3yNIUTe9kNPj55xm7StkWMUvkzeLlyIg.veNWWsk1rBed8wFsjWLaUOrHLbC5so2F4daJALbCEmwg.JPEG.flower_1982/IMG_1376.JPG?type=w2
Img_033_0274.jpg,http://hanafood.kr/web/product/big/201707/52_shop1_650699.jpg
Img_033_0275.jpg,http://recipe.ezmember.co.kr/cache/recipe/2015/03/20/bf88a561aa303f29f6fc2c3e72294b101.jpg
Img_033_0276.jpg,http://cfile1.uf.tistory.com/image/2429433356D91F221BAE82
Img_033_0279.jpg,https://img.kr.news.samsung.com/kr/wp-content/uploads/2017/05/%EB%A7%9B%EC%9E%88%EB%8A%94-%ED%91%B8%EB%93%9C%EC%B9%BC%EB%9F%BC8%ED%8E%B8_05.jpg
Img_033_0280.jpg,http://archive.hansik.org/media/open/story/img/2013-storyT_kim_0001.jpg
Img_033_0282.jpg,http://cfile3.uf.tistory.com/image/2010C1414E1143452D4858
Img_033_0283.jpg,http://www.ej114.com/good_image/000fdd1490_s_1.jpg
Img_033_0287.jpg,http://hanarum-kimchi.com/web/product/big/201510/19_shop1_888339.jpg
Img_033_0289.jpg,http://www.abc3636.com/shopimages/abc3662/046000000006.gif
Img_033_0293.jpg,http://cfile27.uf.tistory.com/image/9977183359953181329F45
Img_033_0294.jpg,http://m.luchiafood.com/web/product/big/luchiafood_148.jpg
Img_033_0295.jpg,http://mblogthumb2.phinf.naver.net/20101103_249/mesooo_1288717305602_Qr7E60_jpg/%C0%FC%B6%F3%B5%B5%B1%E8%C4%A1.jpg?type=w2
Img_033_0296.jpg,http://mblogthumb4.phinf.naver.net/20141121_283/skalswn0709_1416564368327cAnwm_JPEG/IMG_0733.JPG?type=w2
Img_033_0297.jpg,http://mblogthumb1.phinf.naver.net/MjAxNzA2MTVfMTkg/MDAxNDk3NDgxOTIwMTE5.FvFT9QXcjFM-TNfgurQwPgMQXjjw-Td_pk-LiLX-VdEg.fH6bgzdxVhVMfXUYhkbb364U-nR_kQc4h5QWj7LaNNMg.JPEG.mi9871/20170614_092211.jpg?type=w800
Img_033_0301.jpg,http://cfile10.uf.tistory.com/image/22477D44582D94A5064BF7
Img_033_0302.jpg,http://hanarum-kimchi.com/web/product/big/201510/20_shop1_969751.jpg
Img_033_0305.jpg,http://www.bobaekimchi.com/shopimages/dudwn0405/002001000001.jpg?1474955084
Img_033_0306.jpg,http://img.ezmember.co.kr/cache/board/2011/11/11/7a48f92027ed292305afe793f1367926.jpg
Img_033_0307.jpg,http://cfile10.uf.tistory.com/image/230B7633557BFB0E22B356
Img_033_0309.jpg,http://cfile3.uf.tistory.com/image/18605350507A4A0E1BAEF3
Img_033_0314.jpg,http://img.dongwonmall.com/dwmall/static_root/product_img/main/0004284/000428465_1_b.jpg
Img_033_0315.jpg,http://cfile25.uf.tistory.com/image/11152F244BD97C343C6539
Img_033_0316.jpg,http://pimage.design.co.kr/cms/contents/direct/info_id/50042/1258953449181.jpg
Img_033_0319.jpg,https://s-media-cache-ak0.pinimg.com/236x/a8/56/cf/a856cf630f739fcb5311f63258d16fb3.jpg
Img_033_0321.jpg,http://cfile202.uf.daum.net/R400x0/277D5E335905A19C214833
Img_033_0323.jpg,http://sungjinkimchi.com/web/product/big/201608/21_shop1_178635.jpg
Img_033_0328.jpg,http://cfile204.uf.daum.net/image/1763594D4EAB542A0309C6
Img_033_0331.jpg,http://www.kb80kimchi.com/upload/demo/shopimage/01300000000000000006L.jpg
Img_033_0332.jpg,http://mblogthumb1.phinf.naver.net/MjAxNjEwMjNfODcg/MDAxNDc3MjAxMzczMTc3.fLd-q5b62muQ2R6lUlS9m97nQ7QdKyHFm2DecghbOFIg.Qcr8z4jvVxIvk74YBc6kz6as0_bT2OFkG4d6KfrgM2Ag.JPEG.naya399/%EB%B0%B0%EC%B6%94%EA%B9%80%EC%B9%98.JPG?type=w2
Img_033_0334.jpg,http://postfiles9.naver.net/20160502_216/sairapina63_14621992877109OA5d_JPEG/022.JPG?type=w773
Img_033_0336.jpg,http://abbakimchi.co.kr/web/product/big/abbakimchi_18.jpg
Img_033_0337.jpg,http://www.jinpoom.kr/data/goods/201703/03190117view.jpg
Img_033_0340.jpg,http://mblogthumb1.phinf.naver.net/20141107_52/algml7767_1415288982293Ycf0C_JPEG/IMG_8376.JPG?type=w2
Img_033_0341.jpg,http://postfiles10.naver.net/20150921_169/torbangmalim_1442809316038jEgRL_JPEG/DSC_0182.jpg?type=w1
Img_033_0343.jpg,http://kwangdongmall.com/web/product/medium/usana08_69.jpg
Img_033_0344.jpg,http://cfile224.uf.daum.net/image/26581D3A526DBE4235AEEC
Img_033_0345.jpg,http://www.namdooiljang.com/Upload/namdooiljang/shop1/Product/3/%EB%B0%B0%EC%B6%94%EA%B9%80%EC%B9%98_500-1.jpg
Img_033_0346.jpg,http://www.jukstorymall.com/upload_file/product/1459273336-KQCCO.jpg
Img_033_0348.jpg,http://img.lifestyler.co.kr/uploads/vod/lifestyler_thumbnail/olive/todaymenu/clip/todaymenu_ep14_recipe2_b.jpg
Img_033_0350.jpg,http://cfile8.uf.tistory.com/image/1660B7344F6BB46D01AD93
Img_033_0351.jpg,http://well.hani.co.kr/files/attach/images/71/996/077/%EB%B0%B0%EC%B6%94%EA%B9%80%EC%B9%98-.jpg
Img_033_0352.jpg,http://mblogthumb4.phinf.naver.net/MjAxNjExMjZfMTE3/MDAxNDgwMTU5MzI3OTUy.wVkvKtNp8U_o0yzRZrzk9VdTdvzeFH1ZwhL3lEwDfvIg.7taXi0Jy0gHsduCiwbKYBUY7-giuLTCxbPZdUPvg9RQg.JPEG.meekblue/IMG_3082.JPG?type=w800
Img_033_0359.jpg,http://postfiles10.naver.net/20160620_121/lemonjin7088_1466407682563ppHeg_JPEG/%C0%B1%B9%CC%BF%F9%B9%E8%C3%DF%B1%E8%C4%A18.JPG?type=w966
Img_033_0360.jpg,http://postfiles14.naver.net/20121030_221/aaej0521_1351595356582nDe93_JPEG/REW17_3788.jpg?type=w2
Img_033_0364.jpg,http://cfile234.uf.daum.net/R400x0/2660F73A5851EACA2B4205
Img_033_0365.jpg,http://cfile25.uf.tistory.com/image/24762F3C561B7B79087959
Img_033_0367.jpg,http://cfile6.uf.tistory.com/image/1171900E4CB073C30EA4DA
Img_033_0368.jpg,http://mblogthumb4.phinf.naver.net/MjAxNzAxMDdfMTU2/MDAxNDgzNzc4OTU3NzAw.i5ASkd-pqG3yB7FztoKXmAuCytm4_tF-EAMovwWSoywg.x0R_y1tplRNiGUYkrXxivTzoyFuycSHuPpIMxdI-SGwg.JPEG.hya1009cinth/image_8532432261483778837294.jpg?type=w800
Img_033_0373.jpg,http://postfiles9.naver.net/20160215_200/goodjaram_1455536940646p3hfW_JPEG/%B1%E8%C4%A1%C1%BE%B7%F9_%287%29.jpg?type=w966
Img_033_0380.jpg,http://www.qddsfood.com/upLoad/product/month_1405/201405051144171324.jpg
Img_033_0381.jpg,http://jeollakimchi.com/web/product/big/201606/150_shop1_695983.jpg
Img_033_0382.jpg,http://cfile29.uf.tistory.com/image/147BA73D4F8E837E0C9B4B
Img_033_0383.jpg,https://s-media-cache-ak0.pinimg.com/originals/d7/06/56/d7065686fa1105ff5a9c1d64e6ce0616.jpg
Img_033_0384.jpg,http://blog.koreadaily.com/_data/user/c/h/o/cho4890kr/image/2015/3/16085418_1.jpg
Img_033_0385.jpg,https://i.ytimg.com/vi/aR2sBWtyuzQ/hqdefault.jpg
Img_033_0386.jpg,http://www.luchiafood.com/web/upload/front_page_smart/introduction_cabbage2.jpg
Img_033_0387.jpg,https://kr.all.biz/img/kr/catalog/3210.jpeg
Img_033_0388.jpg,http://www.mbcnet8do.co.kr/shop/data/goods/1408617206596m0.jpg
Img_033_0390.jpg,http://www.smlounge.co.kr/old_data/mlounge/contents/data/recipe/R_L_R201211056_000.jpg
Img_033_0391.jpg,http://cfile2.uf.tistory.com/image/1341AB504E1033971D1F75
Img_033_0392.jpg,http://www.6442166.com/upload/goods/a34100_pogi50002.jpg
Img_033_0393.jpg,http://blogthumb2.naver.net/20121109_243/aaej0521_1352463311243DC7Xb_JPEG/REW17_4213.jpg?type=w2
Img_033_0395.jpg,http://cfile23.uf.tistory.com/image/164EA73A4F150CEF04FC76
Img_033_0396.jpg,https://img.kr.news.samsung.com/kr/wp-content/uploads/2016/10/33-1.jpg
Img_033_0397.jpg,http://blog.koreadaily.com/_data/user/j/e/n/jennylee05/image/2013/1/14171251_6.jpg
Img_033_0400.jpg,http://farm5.static.flickr.com/4142/4823856963_f953c0d1da.jpg
Img_033_0401.jpg,http://mblogthumb4.phinf.naver.net/MjAxNjEyMTFfMTMx/MDAxNDgxNDYwNjMyODkx.fF0jvb39xf_EjYkPAoYZ4dGq1GME73O6DnLV8jmijK4g.zntaGMJyScBUVfHzg1ewYafk96vU0kLJB_EzGvKp-GUg.JPEG.tnrldi02/%EA%B9%80%EC%B9%98%EC%8D%B0%EA%B8%B0_020.JPG?type=w800
Img_033_0404.jpg,http://postfiles16.naver.net/20140726_127/sseryuni_1406357497515IrQpL_JPEG/IMG_2541.JPG?type=w1
Img_033_0411.jpg,http://hanarum-kimchi.com/web/product/big/201511/76_shop1_457088.jpg
Img_033_0412.jpg,http://babytree.hani.co.kr/files/attach/images/72/492/097/IMG_5918.jpg
Img_033_0413.jpg,http://cfile208.uf.daum.net/R400x0/232FC042547EA87D0DE31C
Img_033_0414.jpg,http://sungjinkimchi.com/web/product/medium/201608/25_shop1_111827.jpg
Img_033_0420.jpg,http://www.gacsc.or.kr/product/files/%EB%B0%B0%EC%B6%94%EA%B9%80%EC%B9%98.jpg
Img_033_0426.jpg,http://www.kimchiwa.com/_upload/goods/G8/1119_1.jpg
Img_033_0436.jpg,http://www.wellbeingchon.co.kr/upload/goods/b61545_baechoo02.jpg
Img_033_0439.jpg,http://gdimg.gmarket.co.kr/goods_image2/shop_img/667/553/667553026.jpg
Img_033_0441.jpg,https://img1.daumcdn.net/thumb/R720x0.q80/?scode=mtistory&fname=http%3A%2F%2Fcfile22.uf.tistory.com%2Fimage%2F183FEA214CCFC8960706A8
Img_033_0443.jpg,http://www.koreaikultura.hu/wp-content/uploads/2016/05/02_00_kv_1280.jpg
Img_033_0444.jpg,http://cfile28.uf.tistory.com/image/2042F91D4C473D210388E6
Img_033_0446.jpg,https://img1.daumcdn.net/thumb/R720x0.q80/?scode=mtistory&fname=http%3A%2F%2Fcfile24.uf.tistory.com%2Fimage%2F16428F0C4CCFD04545F6C3
Img_033_0453.jpg,http://image.rakuten.co.jp/kangurume/cabinet/01457449/670px/imgrc0065911654.jpg?_ex=128x128
Img_033_0454.jpg,https://i0.wp.com/zenkimchi.com/wp-content/uploads/2006/12/kimchi.jpg
Img_033_0456.jpg,http://postfiles7.naver.net/20110607_6/cshee32_1307426476259Rnmt8_JPEG/modify2011-06-04-020.jpg?type=w2
Img_033_0462.jpg,https://kimchimari.com/wp-content/uploads/2011/11/kimchi-closeup.jpg
Img_033_0479.jpg,http://blogthumb2.naver.net/20160625_27/teaser1_1466852438293JMDTo_JPEG/IMG_4286.JPG?type=w2
Img_033_0510.jpg,http://postfiles9.naver.net/20160215_200/goodjaram_1455536940646p3hfW_JPEG/%B1%E8%C4%A1%C1%BE%B7%F9_%287%29.jpg?type=w966
Img_033_0519.jpg,http://postfiles8.naver.net/20120614_55/jsk3514_1339629207248iqmsA_JPEG/DSC_0501.JPG?type=w2
Img_033_0650.jpg,http://recipe.ezmember.co.kr/cache/recipe/2016/09/01/fbd950dea742e12662d11b06f29d60541.jpg
Img_033_0655.jpg,http://recipe.ezmember.co.kr/cache/recipe/2016/09/01/5a7a96cf8e9211fe823cceaccb5e70791.jpg
Img_033_0783.jpg,http://recipe.ezmember.co.kr/cache/recipe/2016/05/11/05f9a5568d7e4862f3dcb5e59a186bbf1.jpg
Img_033_0842.jpg,http://mblogthumb4.phinf.naver.net/20141121_283/skalswn0709_1416564368327cAnwm_JPEG/IMG_0733.JPG?type=w2
Img_033_0893.jpg,http://postfiles1.naver.net/MjAxNzAzMTNfNDgg/MDAxNDg5NDA3MzQ1Mjgw.-M-DlqQ2pwzSUx3dZsQ34Qr0hitoeQWzdLUA9Xzu9KEg.7afgPgfOy7meW6KMv1dvUK5nFn5UVmGaz_LGHB7xlTgg.JPEG.05103052/%EA%B9%80%EC%B9%98%EB%B3%B4%EA%B0%90_%EA%B5%AD%EC%82%B0%EA%B9%80%EC%B9%98__%282%29.JPG?type=w966
Img_033_0905.jpg,http://postfiles4.naver.net/MjAxNzA2MDZfMTMy/MDAxNDk2Njk1NjM5Nzkz.Ea6a_xhGjtPq947jwgVL7Jtq9LF_IjmvAsC-YUgmfHIg.0HQNZx4CSs0o0Lo75uKA7_T7kmq8L3w6UddnbtSQt5gg.JPEG.jh2y3/%EB%B0%B0%EC%B6%94%EA%B9%80%EC%B9%98_%ED%8C%AC%EC%9D%B4%EB%A7%98_%2828%29.JPG?type=w1
Img_033_0918.jpg,http://mblogthumb3.phinf.naver.net/20131101_18/powsug_13832353118744saor_JPEG/IMG_7842.JPG?type=w2
Img_033_0981.jpg,http://cfile231.uf.daum.net/image/177AEC104A55629C979BC1
Img_033_0982.jpg,http://blog.bethe1.co.kr/Up/LLSP/blog/editor/ssanta302/ssanta302_20161025183824_view.jpg
Img_033_0983.jpg,http://postfiles9.naver.net/20140806_200/baby0817_14073288768575Lwrx_JPEG/00000.jpg?type=w1
Img_033_0984.JPG,http://postfiles9.naver.net/20141002_56/ridiastory_1412176969453ibRM2_JPEG/011.JPG?type=w1
Img_033_0985.JPG,http://postfiles7.naver.net/20141002_230/ridiastory_1412177315971izlL3_JPEG/012.JPG?type=w1
Img_033_0987.jpeg,http://park.org/Cdrom/Pavilions/Kimchi/030.jpeg
Img_033_0988.jpeg,http://1.bp.blogspot.com/-RlBTRxg2ygA/UVaWo__Bf4I/AAAAAAAAAZw/4nHUKAINeZw/s1600/033012-4.jpeg
Img_033_0989.jpg,http://recipe.ezmember.co.kr/cache/recipe/2015/03/20/0355613181c1a1416a7d21a521270b381.jpg
Img_033_0990.JPG,http://postfiles5.naver.net/20140613_116/jahan0316_1402619058102uPOxm_JPEG/039.JPG?type=w1
Img_033_0991.png,http://info.pipa.co.kr/files/attach/images/21501/057/027/054889c09e41a20c977109f2be7fda50.png
Img_033_0992.JPG,http://postfiles1.naver.net/20151102_128/eunhwahaha_1446448731391v2Wkr_JPEG/089.JPG?type=w2
Img_033_0993.jpg,http://postfiles6.naver.net/20130311_101/chaihyoun_1362971303974vPW9M_JPEG/1-1.jpg?type=w1
Img_033_0994.jpg,http://postfiles11.naver.net/20140303_250/dew36_1393803700368Sn8Bt_JPEG/1.jpg?type=w1
Img_033_0994.jpg,http://postfiles4.naver.net/20150925_51/jinmomo_14431781058168oAyC_JPEG/1.JPG?type=w1
Img_033_0995.jpg,http://postfiles15.naver.net/20140613_30/jahan0316_140261905846570PHj_JPEG/11.jpg?type=w1
Img_033_0996.jpg,http://cfile27.uf.tistory.com/image/110FCE594DF3FEA71C8143
Img_033_0997.jpg,http://image.auction.co.kr/itemimage/11/60/70/116070f966.jpg
Img_033_0998.jpg,http://archivenew.vop.co.kr/images/75f44fc151873117f7150c9262570d17/2014-11/12073647_kimchi.jpg
Img_033_0999.jpg,http://cfile24.uf.tistory.com/image/12252A354CE166722E2D4E
