Img_035_0000.JPG,http://postfiles14.naver.net/20150709_109/museok27_1436369140678GJY8d_JPEG/008-003.JPG?type=w2
Img_035_0001.jpeg,http://park.org/Cdrom/Pavilions/Kimchi/022.jpeg
Img_035_0002.JPG,http://postfiles3.naver.net/20150716_242/hiinyoun_1437001351882IrrOx_JPEG/024.JPG?type=w1
Img_035_0003.JPG,http://postfiles15.naver.net/20150716_190/hiinyoun_1437001352245Ksu7z_JPEG/034.JPG?type=w1
Img_035_0005.jpg,http://postfiles1.naver.net/20110715_192/uemjoa_1310677649037dLlYL_JPEG/057-3.jpg?type=w1
Img_035_0006.jpg,http://img.ezday.co.kr/cache/board/blogex/2010/06/22/073a6817ba5f3146c4399752193597c3.jpg
Img_035_0007.jpg,http://postfiles10.naver.net/20130807_153/chaihyoun_1375839966489e7tDc_JPEG/1-1.jpg?type=w1
Img_035_0008.jpg,http://postfiles11.naver.net/20130807_10/chaihyoun_13758415265875tAHr_JPEG/1-2.jpg?type=w1
Img_035_0009.jpg,http://postfiles5.naver.net/20130807_4/chaihyoun_1375839966148f39gw_JPEG/1-3.jpg?type=w1
Img_035_0010.JPG,http://postfiles15.naver.net/20150717_190/iam2320_1437097174863vtCEl_JPEG/11.JPG?type=w3
Img_035_0011.jpg,http://cfile234.uf.daum.net/image/11165E214AA72DD162E3DE
Img_035_0012.jpg,http://cfile208.uf.daum.net/image/1117703C5054200A2DC1DD
Img_035_0013.jpg,http://cfile239.uf.daum.net/image/11212C174A940FEAB69C2E
Img_035_0014.jpg,http://cfile212.uf.daum.net/image/11212C174A940FEAB759D5
Img_035_0015.jpg,http://cfile240.uf.daum.net/image/11212C174A940FEAB8ED89
Img_035_0016.jpg,http://cfile209.uf.daum.net/image/1133A43A4DC3A5FB34237F
Img_035_0018.jpg,http://cfile213.uf.daum.net/image/12211B1A4BDDD6A5120A32
Img_035_0019.JPG,http://postfiles16.naver.net/20120716_223/yja305_1342425088968sNStT_JPEG/13.jpg?type=w2
Img_035_0019.JPG,http://postfiles8.naver.net/20160411_151/iam2320_1460385870192hBPAE_JPEG/13.JPG?type=w3
Img_035_0022.jpg,http://cfile217.uf.daum.net/image/14441538507E99C42846AE
Img_035_0023.jpg,http://cfile9.uf.tistory.com/image/15016D504D7649930F8B61
Img_035_0024.jpg,http://cfile208.uf.daum.net/image/15212C174A940FECBBD0F0
Img_035_0026.jpg,http://cfile217.uf.daum.net/image/1608684D4DFE08AA023CEE
Img_035_0027.jpg,http://em.adpr.net/food/data/file/kinchi/1612204504_gw2RkA69_BUCHU.jpg
Img_035_0028.jpg,http://cfile229.uf.daum.net/image/163103494F50F008152A0D
Img_035_0030.jpg,http://cfile214.uf.daum.net/image/1660994E4DFE08D2109F54
Img_035_0031.jpg,http://cfile206.uf.daum.net/image/17165E214AA72DD2673B28
Img_035_0032.jpg,http://cfile29.uf.tistory.com/image/172605454D62EB3714E04F
Img_035_0033.jpg,http://cfile240.uf.daum.net/image/174804204BEB71E5501CE5
Img_035_0034.jpg,http://cfile224.uf.daum.net/image/18165E214AA72DD36A3B76
Img_035_0036.jpg,http://cfile232.uf.daum.net/image/1860994E4DFE07AF0745E3
Img_035_0037.jpg,http://cfile206.uf.daum.net/image/1904A3504DFE086C107848
Img_035_0038.jpg,http://cfile204.uf.daum.net/image/19165E214AA72DD36B2F18
Img_035_0039.jpg,http://cfile4.uf.tistory.com/image/1945A547500FB07D154A89
Img_035_0040.jpg,http://cfile21.uf.tistory.com/image/194B5B0C4C973AA53FF96A
Img_035_0041.jpg,http://image.kukinews.com/online_image/2013/0703/20130703m6-3.jpg
Img_035_0042.JPG,http://postfiles13.naver.net/20150701_76/yllove79_1435753172774DG5ln_JPEG/20150630_038.JPG?type=w2
Img_035_0043.jpg,http://cphoto.asiae.co.kr/listimglink/6/2016011315363426625_6.jpg
Img_035_0044.jpg,http://postfiles4.naver.net/20160628_3/algkepdl_1467082839200WiBp1_JPEG/20160624_131439.jpg?type=w966
Img_035_0045.jpg,http://cfile237.uf.daum.net/image/20165E214AA72DD3692C35
Img_035_0046.jpg,http://cfile203.uf.daum.net/image/203824494F50F00B0DAA13
Img_035_0047.jpg,http://cfile232.uf.daum.net/image/204F5A424DA19EC123AA13
Img_035_0048.jpg,http://cfile233.uf.daum.net/image/205D974E4D769E8F1A8FFB
Img_035_0051.jpg,http://cfile239.uf.daum.net/image/212E8B35540F2360263CB4
Img_035_0052.jpg,http://cfile8.uf.tistory.com/image/2167A7375231534E09F9F5
Img_035_0053.jpg,http://cfile23.uf.tistory.com/image/216C7F34523152CA0DB6E4
Img_035_0055.jpg,http://cfile210.uf.daum.net/image/2209A93B566D23AD0FFB03
Img_035_0056.jpg,http://cfile207.uf.daum.net/image/2239403553D59BE22D5F49
Img_035_0057.jpg,http://cfile7.uf.tistory.com/image/226E33375231534F0624A6
Img_035_0058.jpg,http://cfile217.uf.daum.net/image/23237D34540F235A2A6582
Img_035_0059.jpg,http://cfile216.uf.daum.net/image/23277F35540F236331BFBB
Img_035_0060.jpg,http://cfile26.uf.tistory.com/image/2402AA385231534B2D4942
Img_035_0061.jpg,http://cfile239.uf.daum.net/image/240BDF3B540FA4A40541BE
Img_035_0062.jpg,http://cfile224.uf.daum.net/image/24261634540F235B265290
Img_035_0063.jpg,http://cfile232.uf.daum.net/image/243EC44D519122460A6D5C
Img_035_0064.jpg,http://cfile3.uf.tistory.com/image/244712375231534F1C22DD
Img_035_0065.jpg,http://cfile26.uf.tistory.com/image/250521385231534D2CB23B
Img_035_0067.jpg,http://cfile9.uf.tistory.com/image/261161385231534C26F60A
Img_035_0068.jpg,http://cfile7.uf.tistory.com/image/2612C2385231534C2566BD
Img_035_0069.jpg,http://cfile201.uf.daum.net/image/265CC635566D232F0AF8A8
Img_035_0070.jpg,http://cfile222.uf.daum.net/image/2665CD33566D23BB064023
Img_035_0071.jpg,http://postfiles3.naver.net/20120716_258/yja305_1342425746297wOsD6_JPEG/27.jpg?type=w2
Img_035_0072.jpg,http://cfile203.uf.daum.net/image/27186E4C5344DCDC1F0F54
Img_035_0073.jpg,http://cfile239.uf.daum.net/image/212E8B35540F2360263CB4
Img_035_0074.jpg,http://cfile212.uf.daum.net/image/27360535540F23611C1629
Img_035_0077.jpg,http://cfile6.uf.tistory.com/image/27609D4B542374152993D9
Img_035_0079.JPG,http://img.ezmember.co.kr/cache/board/2012/05/03/2e0aa3a9ae056d6ea81807b46b3a6cd7.JPG
Img_035_0080.jpg,http://i40.tinypic.com/2v2cs3a.jpg
Img_035_0082.gif,http://cfile10.uf.tistory.com/image/1425B0484E1CD748136091
Img_035_0083.jpg,http://geumchi.com/web/product/big/201608/34_shop1_928425.jpg
Img_035_0085.jpg,http://postfiles6.naver.net/20120716_85/yja305_1342424470706rJbUK_JPEG/4.jpg?type=w2
Img_035_0085.jpg,http://postfiles3.naver.net/20150519_98/yoonjs3_1432039287008eyq1i_JPEG/4.JPG?type=w2
Img_035_0086.jpg,http://recipe.ezmember.co.kr/cache/recipe/2015/08/04/4368be81bc9c51ca2fd8a94dc561af171.jpg
Img_035_0087.jpg,http://recipe.ezmember.co.kr/cache/recipe/2015/08/04/463dd8ad93455f582c23fed9f3087cb11.jpg
Img_035_0088.JPG,http://cfs6.blog.daum.net/original/30/blog/2007/05/17/08/16/464b90df26555&amp;filename=DSC01406.JPG
Img_035_0089.JPG,http://cfs5.blog.daum.net/original/30/blog/2007/05/17/08/20/464b919e6feb5&amp;filename=DSC01400.JPG
Img_035_0090.jpg,http://cfs11.blog.daum.net/image/7/blog/2008/01/11/13/19/4786edbe18b8f
Img_035_0091.jpg,http://cfs13.blog.daum.net/image/5/blog/2008/06/11/17/21/484f8af071d8b
Img_035_0092.JPG,http://img.ezmember.co.kr/cache/board/2013/08/10/4eb77f3b236baa332cd094e5d40c3754.JPG
Img_035_0093.jpg,http://recipe.ezmember.co.kr/cache/recipe/2015/06/08/635af51ca570b065496fc2902778bb62_f.jpg
Img_035_0094.jpg,http://recipe.ezmember.co.kr/cache/recipe/2015/06/08/635af51ca570b065496fc2902778bb62_m.jpg
Img_035_0095.jpg,http://recipe.ezmember.co.kr/cache/recipe/2015/08/04/65911d982e9e1f3193b3b91fa7fe846a1_m.jpg
Img_035_0096.jpg,http://img.ezday.co.kr/cache/board/blogex/2010/06/22/675b905de9debc87cfc315d24264bf81.jpg
Img_035_0098.jpg,http://recipe.ezmember.co.kr/cache/recipe/2015/12/28/6f0e0644afd960f73046c0bdeeabccd51_m.jpg
Img_035_0099.jpg,http://recipe.ezmember.co.kr/cache/recipe/2016/06/02/6fb0a892a669679a28839fb91b5a50e71.jpg
Img_035_0100.jpg,http://img.ezday.co.kr/cache/board/blogex/2010/06/22/6fcc57ad851ef2fabfef662afa5f8c2c.jpg
Img_035_0101.jpg,http://img.ezday.co.kr/cache/board/blogex/2010/06/22/71ffacdd7e6e2b13fe1a9738d7cec4a9.jpg
Img_035_0102.jpg,http://img.ezday.co.kr/cache/board/blogex/2010/06/22/7faed1849ee746ea1ef7667f8b30b9af.jpg
Img_035_0103.jpg,http://postfiles10.naver.net/20120716_249/yja305_1342424787034aankh_JPEG/8.jpg?type=w2
Img_035_0105.jpg,http://img.ezday.co.kr/cache/board/blogex/2010/06/22/8231b5c5e9b14c94c8766a38eeb0dea5.jpg
Img_035_0106.jpg,http://recipe.ezmember.co.kr/cache/recipe/2015/08/27/88885385fb816228e9ccda4f4c2b259f1.jpg
Img_035_0107.jpg,http://recipe.ezmember.co.kr/cache/recipe/2017/04/23/88f4b28dd8951c57e3e06a85eeead3da1.jpg
Img_035_0108.jpg,http://recipe.ezmember.co.kr/cache/recipe/2015/10/07/8e43947a963b9a1df54d72da975abc3b1.jpg
Img_035_0110.JPG,http://postfiles13.naver.net/20160309_140/bluemarie11_1457507276744gMz4v_JPEG/DSC04173.JPG?type=w966
Img_035_0111.JPG,http://postfiles3.naver.net/20160309_274/bluemarie11_1457507276910oGuwC_JPEG/DSC04175.JPG?type=w966
Img_035_0113.JPG,http://blogthumb2.naver.net/20160510_293/chdhfdl0525_1462883840674wwLky_JPEG/DSC09349.JPG?type=w2
Img_035_0115.JPG,http://postfiles2.naver.net/20120605_209/jsk3514_1338900800899N7op8_JPEG/DSC_1389.JPG?type=w2
Img_035_0116.JPG,http://postfiles10.naver.net/20160526_153/museok27_1464189161073iYk37_JPEG/IMG_6997.JPG?type=w2
Img_035_0117.JPG,http://postfiles13.naver.net/20160526_76/museok27_1464189161379sV7mx_JPEG/IMG_7001.JPG?type=w2
Img_035_0121.jpg,http://postfiles14.naver.net/20141007_269/jylhee0704_1412671727313fVEQK_JPEG/PA071325.jpg?type=w2
Img_035_0122.jpg,http://postfiles7.naver.net/20141007_150/jylhee0704_1412671727918KpObP_JPEG/PA071336.jpg?type=w2
Img_035_0123.jpg,http://postfiles9.naver.net/20130404_24/aaej0521_1365051843488LaBMm_JPEG/REW17_11530.jpg?type=w2
Img_035_0124.jpg,http://postfiles2.naver.net/20120428_65/aaej0521_1335606670787ymPee_JPEG/REW6_1388.jpg?type=w2
Img_035_0125.jpg,http://postfiles15.naver.net/20120428_14/aaej0521_133560674271072KvE_JPEG/REW6_1393.jpg?type=w2
Img_035_0126.jpg,http://postfiles3.naver.net/20120428_130/aaej0521_1335606781881mEhpF_JPEG/REW6_1397.jpg?type=w2
Img_035_0127.jpg,http://postfiles2.naver.net/20120428_225/aaej0521_133560623592223jVS_JPEG/REW6_1398.jpg?type=w2
Img_035_0128.jpg,http://smlounge.co.kr/old_data/mlounge/contents/data/recipe/R_L_R201110361_000.jpg
Img_035_0129.JPG,http://postfiles2.naver.net/20130917_17/lovelyyoo70_13794199328651EP6u_JPEG/SAM_0641.JPG?type=w2
Img_035_0130.jpg,http://postfiles10.naver.net/20151013_121/wine59_1444676619452FOC1q_JPEG/a.jpg?type=w1
Img_035_0131.jpg,http://img.ezday.co.kr/cache/board/blogex/2010/06/22/af977a807bc5be3fc7ad973c49e23cf7.jpg
Img_035_0132.JPG,http://postfiles2.naver.net/20150717_257/iam2320_1437097221778Hui9h_JPEG/13.JPG?type=w3
Img_035_0133.jpg,http://postfiles5.naver.net/20151013_20/wine59_1444676622490Ylb0Y_JPEG/14.jpg?type=w1
Img_035_0134.jpg,http://postfiles2.naver.net/20160628_273/algkepdl_1467084192849r56ta_JPEG/20160624_131439.jpg?type=w966
Img_035_0135.jpg,http://recipe.ezmember.co.kr/cache/recipe/2015/12/13/b0fc8dfea2d8163f21fd4a3c8eb5de491.jpg
Img_035_0136.jpg,https://lh3.googleusercontent.com/-FZ6wO4Xqdhk/VZbCX-Bo3LI/AAAAAAAAGTQ/HY1Mb20MIPw/s640/blogger-image--931770833.jpg
Img_035_0137.jpg,http://www.maangchi.com/wp-content/uploads/2016/12/buchukimchi-meetup.jpg
Img_035_0138.jpg,http://recipe.ezmember.co.kr/cache/recipe/2017/04/23/c0a65566608e66219578912cb6b9ed431.jpg
Img_035_0139.jpg,http://recipe.ezmember.co.kr/cache/recipe/2015/08/11/c760950b274346d8e88959a683239ba11_f.jpg
Img_035_0140.jpg,http://image.auction.co.kr/itemimage/cb/6a/f5/cb6af5833.jpg
Img_035_0142.jpg,http://cdn5.beyondkimchee.com/wp-content/uploads/2016/04/chives-kimchi-9.jpg
Img_035_0143.jpg,http://image.auction.co.kr/itemimage/d4/d0/15/d4d0152b3.jpg
Img_035_0144.jpg,http://img.ezday.co.kr/cache/board/blogex/2010/06/22/d8c23f3617ecb2902263ef8e74bf1b8d.jpg
Img_035_0145.jpg,http://recipe.ezmember.co.kr/cache/recipe/2017/04/23/de56d85d21a6fe8d25822bd3edff95001.jpg
Img_035_0146.jpg,http://recipe.ezmember.co.kr/cache/recipe/2015/08/04/dfc4256f24769f14f71c82edccf2e0bf1.jpg
Img_035_0147.jpg,http://recipe.ezmember.co.kr/cache/recipe/2016/06/02/e8b611dd8c54cdbc10646e4fbb7723e11.jpg
Img_035_0148.jpg,http://recipe.ezmember.co.kr/cache/recipe/2016/06/02/e9b91f566155108879bc4e15b6ff21f61.jpg
Img_035_0149.jpg,http://recipe.ezmember.co.kr/cache/recipe/2015/12/13/bed95fe66ea3f688d88dea29ba87e1671.jpg
Img_035_0151.jpg,http://cfile232.uf.daum.net/image/1860994E4DFE07AF0745E3
Img_035_0153.jpg,http://postfiles10.naver.net/20110808_9/yja305_1312793344655RM2Hv_JPEG/10.jpg?type=w2
Img_035_0155.jpg,http://cfs12.blog.daum.net/image/5/blog/2008/03/30/01/44/47ee71eb38088
Img_035_0156.jpg,http://cfile24.uf.tistory.com/image/1725F93B4FC962230F79F7
Img_035_0157.jpg,http://postfiles12.naver.net/MjAxNzA3MjVfMjgg/MDAxNTAwOTg4OTkxMTY0.X8nOJLPnMaT3UP3RMLPgHZJ9uSwj26rmhJloXwVN9BIg.51zGeLgPgs-OZlkwgbqde9kzlZAzBMIGg6n1V9CGmGsg.JPEG.jh2y3/%EB%B6%80%EC%B6%94%EA%B9%80%EC%B9%98_%ED%8C%AC%EC%9D%B4%EB%A7%98_%2813%29.JPG?type=w1
Img_035_0158.jpg,http://cfile218.uf.daum.net/image/232F1D4752DFC6B728B784
Img_035_0159.jpg,https://storify.com/services/proxy/2/ZPar3SijrBdnGbNe0dzXGw/http/pbs.twimg.com/media/BYoQH0ICAAEREHJ.jpg
Img_035_0161.jpg,http://www.luchiafood.com/web/product/big/luchiafood_52.jpg
Img_035_0163.jpg,http://cfs13.blog.daum.net/image/15/blog/2008/03/30/01/45/47ee722661ab2&filename=%EB%B6%80%EC%B6%94%EA%B9%80%EC%B9%989.jpg
Img_035_0164.jpg,http://cfile207.uf.daum.net/image/1360FB034BDDD5BC108E26
Img_035_0166.jpg,http://cfile29.uf.tistory.com/image/172605454D62EB3714E04F
Img_035_0168.jpg,http://cfile30.uf.tistory.com/image/1240FA284C90395C574E9D
Img_035_0169.jpg,http://img.ezmember.co.kr/cache/board/2013/08/10/TMP_617bbf6fde3657b02879127386d6f81a.JPG
Img_035_0170.jpg,https://sandulfood.com/wp-content/uploads/2013/12/1399967572.714410.IMG_4269-1.jpg
Img_035_0171.jpg,http://cfile21.uf.tistory.com/image/194B5B0C4C973AA53FF96A
Img_035_0172.jpg,http://recipe.ezmember.co.kr/cache/recipe/2016/10/19/cd7cecf478d4bc31f2e95fb5f72c70a21.jpg
Img_035_0173.jpg,http://postfiles10.naver.net/20130807_153/chaihyoun_1375839966489e7tDc_JPEG/1-1.jpg?type=w1
Img_035_0175.jpg,http://post.phinf.naver.net/MjAxNzAzMDdfNDEg/MDAxNDg4ODc1MTA1NTE4._7LRKNBDeAKltnyYyGYuaTY4woyuGxrpnPFD_Jg4B2Ug.ogmgPn_B5eUL_wUEi_pQpL1cb63M0bp5d94-TXpk07Ag.JPEG/%EC%95%8C%ED%86%A0%EB%9E%80115%ED%9A%8C_%EB%B6%80%EC%B6%94%EA%B9%80%EC%B9%98.00_01_20_06.Still008.jpg?type=w1200
Img_035_0176.jpg,http://postfiles2.naver.net/MjAxNzA2MjdfMTk0/MDAxNDk4NDk1MzM0MTAz.SAU31oyzPIFAA9VylFhjdyTUbD40wc5G2Vy-i2dWsOog.Ujhiz6LLfFGtsg9U2ZKKJ9pCPvn8I1bMzrQmXZHUe7cg.JPEG.museok27/image_410652081498495240645.jpg?type=w773
Img_035_0177.jpg,http://cfile207.uf.daum.net/image/190D5B4B4EE256270A41BC
Img_035_0179.jpg,http://www.daedokimchi.com/shop/data/goods/1428396721948m0.jpg
Img_035_0180.jpg,http://cfile24.uf.tistory.com/image/134557414F96767A370E38
Img_035_0181.jpg,https://i.ytimg.com/vi/X9Ew6Cl-NMY/hqdefault.jpg
Img_035_0184.jpg,http://cfile206.uf.daum.net/image/17165E214AA72DD2673B28
Img_035_0185.jpg,http://cfile4.uf.tistory.com/image/257E8E41532964A631268F
Img_035_0186.jpg,http://recipe.ezmember.co.kr/cache/recipe/2017/07/27/37326f7b63b80318f91ad16d8c05fbdd1.jpg
Img_035_0188.jpg,http://postfiles5.naver.net/20160629_148/ryuhr6582_1467181262118dz03M_JPEG/20160618_201714.jpg?type=w773
Img_035_0189.jpg,http://yswellbeingfood.com/wp-content/uploads/2017/04/%EB%B6%80%EC%B6%94%EA%B9%80%EC%B9%98-1.jpg
Img_035_0190.jpg,http://cfile233.uf.daum.net/image/205D974E4D769E8F1A8FFB
Img_035_0191.jpg,http://postfiles3.naver.net/20120420_50/wine59_1334881477287z5q4x_JPEG/DSC07139.jpg?type=w1
Img_035_0192.jpg,http://cfile25.uf.tistory.com/image/226C614B58B3AFFC2F56BB
Img_035_0193.jpg,http://postfiles3.naver.net/20160925_50/zadoz_1474767783401TK6wL_JPEG/image_2988476431474767663841.jpg?type=w966
Img_035_0195.jpg,http://cfile1.uf.tistory.com/image/123CE84150533E3412A8E5
Img_035_0196.jpg,http://sanhaejinmi.kr/web/product/big/201611/73_shop1_300721.jpg
Img_035_0198.jpg,http://cfile9.uf.tistory.com/image/1532EB3A4F7BE4FE2E55A8
Img_035_0199.jpg,http://postfiles10.naver.net/20160309_265/bluemarie11_1457506667626jFx0t_JPEG/DSC04173.JPG?type=w966
Img_035_0201.jpg,http://img.ezday.co.kr/cache/board/blogex/2010/06/22/d8c23f3617ecb2902263ef8e74bf1b8d.jpg
Img_035_0202.jpg,http://img.ezmember.co.kr/cache/board/2012/05/03/2e0aa3a9ae056d6ea81807b46b3a6cd7.JPG
Img_035_0203.jpg,http://recipe.ezmember.co.kr/cache/recipe/2017/04/23/de56d85d21a6fe8d25822bd3edff95001.jpg
Img_035_0204.jpg,http://blogthumb2.naver.net/20160406_224/hobaragi201_1459914621284U6zyk_JPEG/010.JPG?type=w2
Img_035_0205.jpg,http://geumchi.com/web/product/big/201608/34_shop1_928425.jpg
Img_035_0206.jpg,http://cfile29.uf.tistory.com/image/217A3F335775890A0189D5
Img_035_0207.jpg,http://www.veritas-a.com/news/photo/201708/93243_70638_4357.jpg
Img_035_0208.jpg,http://cfile26.uf.tistory.com/image/2426503A57206C561C3AF4
Img_035_0210.jpg,https://i.ytimg.com/vi/fGIevRE4XOM/maxresdefault.jpg
Img_035_0211.jpg,http://jeollakimchi.com/web/product/big/201607/257_shop1_935045.jpg
Img_035_0212.jpg,http://cfile27.uf.tistory.com/image/187F5F364FD6AF8C33D5C5
Img_035_0213.jpg,http://cfile3.uf.tistory.com/image/115524464D873F4422C2C6
Img_035_0214.jpg,http://recipe.ezmember.co.kr/cache/recipe/2015/06/08/506df64ed3617a3215f6c84f3a988004_m.jpg
Img_035_0216.jpg,http://recipe.ezmember.co.kr/cache/recipe/2015/04/14/b1439ca6253aaaf86eddf5b1b319e96f1.jpg
Img_035_0220.jpg,http://hwatongkimchi.com/web/product/big/201706/63_shop1_328073.jpg
Img_035_0222.jpg,http://postfiles14.naver.net/20160415_269/fallingme104_1460706017699pDyTR_JPEG/DSC04127.JPG?type=w966
Img_035_0223.jpg,http://cfile9.uf.tistory.com/image/2704EC34541856B71E5E6D
Img_035_0224.jpg,http://postfiles4.naver.net/20110510_179/aaej0521_1304989418486rUHXT_JPEG/rew1_3402.jpg?type=w2
Img_035_0228.jpg,http://www.luchiafood.com/web/upload/front_page_smart/gs_leek.jpg
Img_035_0237.jpg,http://blogthumb2.naver.net/20160311_176/qkr9896_1457662169326Tu5kQ_JPEG/20160310_214450.jpg?type=w2
Img_035_0240.jpg,http://gdimg.gmarket.co.kr/675712160/still/300
Img_035_0241.jpg,http://cfs13.blog.daum.net/image/21/blog/2008/07/26/10/19/488a7b96e20e4&filename=%EB%B6%80%EC%B6%94%EA%B9%80%EC%B9%98.01.jpg
Img_035_0243.jpg,http://mblogthumb3.phinf.naver.net/MjAxNzA2MTJfMTUz/MDAxNDk3MjM2MjY3MzIw.TaCBL-lLoY13Oyj0RHuufTf7_BcXaoqninB1CuW9EGMg.ZQOvj1deQJxMAMezLBfh_BIxgxwI9KWBFThpVY0zL2Yg.JPEG.cshee32/17612bch_3245.jpg?type=w800
Img_035_0244.jpg,http://cdn5.beyondkimchee.com/wp-content/uploads/2016/04/chives-kimchi-9.jpg
Img_035_0246.jpg,http://mblogthumb1.phinf.naver.net/20160925_296/zadoz_1474767663647fiIaP_JPEG/P20160921_173434119_51383B75-5CD7-4BC4-9069-670332F261E5.JPG?type=w800
Img_035_0247.jpg,https://i.ytimg.com/vi/bPOjt0NKawA/maxresdefault.jpg
Img_035_0251.jpg,http://gdimg.gmarket.co.kr/658952747/still/300121,/김치/부추김치/google_20171123_092233_000121.jpg
Img_035_0252.jpg,http://cfile202.uf.daum.net/image/1835583C4FCF800B2EF7B5
Img_035_0253.jpg,http://postfiles5.naver.net/MjAxNzA1MjFfODcg/MDAxNDk1MzUyOTg1ODA1.iGFhFoYNf90eEWuPb91nTlWeZ9KbRoNemXdRwLLMG_wg.LtRAqdTOmFFquR1hHCW2Cv6FNDWsLuG7f8W8hVeEFEUg.JPEG.alse-/image_4793899361495350651095.jpg?type=w966
Img_035_0254.jpg,http://postfiles5.naver.net/20130807_4/chaihyoun_1375839966148f39gw_JPEG/1-3.jpg?type=w1
Img_035_0255.jpg,http://blogthumb2.naver.net/20120501_142/ehddk5000_13358374662569G1Jr_JPEG/%BB%E7%C1%F8_031.jpg?type=w2
Img_035_0256.jpg,http://postfiles3.naver.net/20141028_2/lovewms_1414486826331SxWyq_JPEG/20141025_114924.jpg?type=w1
Img_035_0257.jpg,http://mblogthumb1.phinf.naver.net/20160610_92/seo8523_1465530875474pKzPG_JPEG/20160610_112804.jpg?type=w2
Img_035_0258.jpg,http://cfile29.uf.tistory.com/image/2621154B590C8A70188A40
Img_035_0259.jpg,http://post.phinf.naver.net/MjAxNzA3MTdfMjc3/MDAxNTAwMjY1Nzg0OTIx.SjgwAhhx5qvTqjhObN0w-jsWh11PJc5HlXspyhe_kmAg.VoIMSsNdEWbFCJ-nNsDZ1Tnq-i68z0-08Y3RWu2Bszgg.JPEG/20170716_00.jpg?type=w1200
Img_035_0260.jpg,http://cfile24.uf.tistory.com/image/26314C3D57D6AE7A2916C9
Img_035_0262.jpg,http://cfile208.uf.daum.net/image/15212C174A940FECBBD0F0
Img_035_0265.jpg,http://cfile9.uf.tistory.com/image/15016D504D7649930F8B61
Img_035_0266.jpg,http://cfile22.uf.tistory.com/image/217FAF3C573A9C581D51FB
Img_035_0267.jpg,http://mblogthumb3.phinf.naver.net/20160811_134/cosmos96a_1470853819309uSq0p_JPEG/24.JPG?type=w2
Img_035_0269.jpg,http://sigool.org/files/attach/images/10312/998/026/%EC%98%A4%EC%9D%B4%EB%B6%80%EC%B6%94%EA%B9%80%EC%B9%98.jpg
Img_035_0270.jpg,http://jnopen.com/spb3/sshop3/download.php?uid=186517&db=gift&upfile=t2&mode=origin&notfound=any
Img_035_0273.jpg,https://scontent-amt2-1.cdninstagram.com/t51.2885-15/s640x640/sh0.08/e35/19932967_146784109229210_1329209863200309248_n.jpg
Img_035_0276.jpg,http://em.adpr.net/food/data/file/kinchi/1612204504_gw2RkA69_BUCHU.jpg
Img_035_0278.jpg,http://mblogthumb3.phinf.naver.net/20130812_286/sumnyun_1376307575201N4HMg_JPEG/18.jpg?type=w2
Img_035_0279.jpg,http://cfile234.uf.daum.net/R400x0/260F153F594DE80C1E7C9F
Img_035_0280.jpg,http://www.yoryda.com/media/editor_temp/P1120109.jpg
Img_035_0281.jpg,http://cfile10.uf.tistory.com/image/24361734582202FE0A73AD
Img_035_0282.jpg,http://post.phinf.naver.net/MjAxNzAzMjJfMTY0/MDAxNDkwMTc1MDExNDYx.W1Mzdr34mG_v8WNgeMqSNNjSFrl2g9pyKqETwMxOORYg.24P-OZzG7tNip_qm0vPzJ4jsNUIi4QW9W3lSS0NNwcsg.JPEG/KakaoTalk_20170321_152407597.jpg?type=w1200
Img_035_0287.jpg,http://postfiles7.naver.net/MjAxNjExMTRfMiAg/MDAxNDc5MDg2MTA0Nzgw.7n1eNQ2UTxO9sRUKSw6PiK6rRMbLFOGLU8x05DNMsUgg.BUNfNn2HoZemJcgNYtSGjtjiRAAinqktpFd0ggbN-hQg.JPEG.anamed/image_6959811211479085794261.jpg?type=w773
Img_035_0288.jpg,http://www.carolfood.com/product_images/large/CJ109404.jpg
Img_035_0289.jpg,http://www.jalmandeun.com/shopimages/jalmandeun/0010000000042.jpg
Img_035_0291.jpg,http://post.phinf.naver.net/MjAxNzA0MjBfMjY1/MDAxNDkyNjQ0NDM2NTY3.04seFqkMCVN3ZR-blQ3pwTqms2g278UzavdSx-UIIosg.Qsir66kqx-Rrd1YAw0fyuVXibTgrJ7yn85n4V77u3Agg.JPEG/1.jpg?type=w1200
Img_035_0293.jpg,http://ojsfile.ohmynews.com/STD_IMG_FILE/2008/0719/IE000940424_STD.jpg
Img_035_0294.jpg,http://cfile6.uf.tistory.com/image/2267523C54449FD1313CD5
Img_035_0298.jpg,https://novirusy.files.wordpress.com/2015/01/img_7744.jpg
Img_035_0303.jpg,http://postfiles4.naver.net/20160607_163/mhk0214_1465267989929UU6XL_JPEG/1465265019590.jpeg?type=w580
Img_035_0307.jpg,http://cfile225.uf.daum.net/R400x0/2615E53657116733199722
Img_035_0308.jpg,http://cfile9.uf.tistory.com/image/2555094D524394DB19542B
Img_035_0319.jpg,http://www.luchiafood.com/web/upload/front_page_smart/introduction_leek.jpg
Img_035_0320.jpg,http://www.luchiafood.com/web/product/big/luchiafood_52.jpg
Img_035_0321.jpg,http://namdo-food.com/web/product/big/namdomart_183.jpg
Img_035_0322.jpg,http://recipe.ezmember.co.kr/cache/recipe/2017/07/27/37326f7b63b80318f91ad16d8c05fbdd1.jpg
Img_035_0326.jpg,http://postfiles2.naver.net/20120605_209/jsk3514_1338900800899N7op8_JPEG/DSC_1389.JPG?type=w2
Img_035_0405.jpg,http://postfiles5.naver.net/20130807_4/chaihyoun_1375839966148f39gw_JPEG/1-3.jpg?type=w1
Img_035_0447.jpg,http://img.ezday.co.kr/cache/board/blogex/2010/06/22/71ffacdd7e6e2b13fe1a9738d7cec4a9.jpg
Img_035_0448.jpg,http://img.ezday.co.kr/cache/board/blogex/2010/06/22/7faed1849ee746ea1ef7667f8b30b9af.jpg
Img_035_0449.jpg,http://img.ezday.co.kr/cache/board/blogex/2010/06/22/073a6817ba5f3146c4399752193597c3.jpg
Img_035_0456.jpg,http://mblogthumb3.phinf.naver.net/MjAxNzA2MTJfMTUz/MDAxNDk3MjM2MjY3MzIw.TaCBL-lLoY13Oyj0RHuufTf7_BcXaoqninB1CuW9EGMg.ZQOvj1deQJxMAMezLBfh_BIxgxwI9KWBFThpVY0zL2Yg.JPEG.cshee32/17612bch_3245.jpg?type=w800
Img_035_0457.jpg,http://postfiles8.naver.net/MjAxNzA2MTJfMTky/MDAxNDk3MjM2MjY3MzI0.ecBdNC99oGHNnzOmAIDgVaMbwbibdLYS9M7gMOqbRecg.xKrQXhxQGpdN165Lsk5mwLHLG17uCSlN7GmoZ_aZUaEg.JPEG.cshee32/17612bch_3250.jpg?type=w773
Img_035_0464.jpg,http://postfiles1.naver.net/20110715_192/uemjoa_1310677649037dLlYL_JPEG/057-3.jpg?type=w1
Img_035_0488.jpg,http://postfiles13.naver.net/20160526_76/museok27_1464189161379sV7mx_JPEG/IMG_7001.JPG?type=w2
Img_035_0495.jpg,http://cfile217.uf.daum.net/image/176C68414F84501C29CC77
Img_035_0498.jpg,http://mblogthumb3.phinf.naver.net/20130812_286/sumnyun_1376307575201N4HMg_JPEG/18.jpg?type=w2
Img_035_0503.jpg,http://postfiles12.naver.net/20150420_59/museok27_1429462482629RiNSK_JPEG/2.jpg?type=w2
Img_035_0503.jpg,http://postfiles10.naver.net/20150717_89/iam2320_1437096967175jldtY_JPEG/2.JPG?type=w3
Img_035_0509.jpg,http://postfiles3.naver.net/20150716_242/hiinyoun_1437001351882IrrOx_JPEG/024.JPG?type=w1
Img_035_0549.jpg,http://postfiles14.naver.net/20150717_205/iam2320_1437096949118zCrDm_JPEG/1.JPG?type=w3
Img_035_0549.jpg,http://postfiles5.naver.net/20160526_212/museok27_1464189238672kUgcX_JPEG/1.jpg?type=w2
Img_035_0552.jpg,http://cfile203.uf.daum.net/image/27186E4C5344DCDC1F0F54
Img_035_0561.jpg,http://mblogthumb3.phinf.naver.net/MjAxNzAyMjNfMjcy/MDAxNDg3ODI2NTYxOTA3.WEUX07v3IUd8z-L7NhKJdZziWlTrFTZiiR87X3r2K44g.3lZhJmzhVKVnjMGzeBQb5Mi1O62wQ0aCsZswqcLoZAEg.JPEG.pp-06/image_6508530661487825069959.jpg?type=w800
Img_035_0584.jpg,http://cfile219.uf.daum.net/image/15212C174A940FE9B008E1
Img_035_0589.jpg,http://cfile219.uf.daum.net/image/15212C174A940FE9B008E1
Img_035_0666.jpg,http://postfiles3.naver.net/20120428_130/aaej0521_1335606781881mEhpF_JPEG/REW6_1397.jpg?type=w2
Img_035_0695.jpg,http://postfiles15.naver.net/20130807_254/chaihyoun_1375840152328PMnMN_JPEG/%B8%DE%B9%D0_068.jpg?type=w1
Img_035_0697.jpg,http://postfiles9.naver.net/MjAxNzA5MTFfNjkg/MDAxNTA1MTM5ODE1ODU3.9Yn_RqJ6TFMGHkTOs0WUVINZiV-jAlVpLzvB6pInmMYg.76si0EgEHBty_J7fFqEsHSU-kovh4COCnEpXwJK8hBMg.JPEG.elligi/%EB%B6%80%EC%B6%94%EB%AC%B4%EC%B9%A8_%EB%A7%8C%EB%93%9C%EB%8A%94_%EB%B2%95_%EB%B6%80%EC%B6%94%EA%B9%80%EC%B9%98_%285%29.JPG?type=w966
Img_035_0704.jpg,http://postfiles10.naver.net/20130807_153/chaihyoun_1375839966489e7tDc_JPEG/1-1.jpg?type=w1
Img_035_0725.jpg,http://postfiles5.naver.net/20160629_148/ryuhr6582_1467181262118dz03M_JPEG/20160618_201714.jpg?type=w773
Img_035_0736.jpg,http://mblogthumb3.phinf.naver.net/20120422_66/juliashin424_1335101595325vkjXi_JPEG/%BA%CE%C3%DF%B1%E8%C4%A121.JPG?type=w2
Img_035_0763.jpg,http://cfile233.uf.daum.net/image/205D974E4D769E8F1A8FFB
Img_035_0788.jpg,http://cfile9.uf.tistory.com/image/15016D504D7649930F8B61
Img_035_0814.jpg,http://postfiles15.naver.net/20150716_190/hiinyoun_1437001352245Ksu7z_JPEG/034.JPG?type=w1
Img_035_0823.jpg,http://postfiles2.naver.net/20120605_209/jsk3514_1338900800899N7op8_JPEG/DSC_1389.JPG?type=w2
Img_035_0842.jpg,http://postfiles2.naver.net/20120428_225/aaej0521_133560623592223jVS_JPEG/REW6_1398.jpg?type=w2
Img_035_0851.jpg,http://cfile234.uf.daum.net/image/11165E214AA72DD162E3DE
Img_035_0871.jpg,http://postfiles15.naver.net/20120428_14/aaej0521_133560674271072KvE_JPEG/REW6_1393.jpg?type=w2
Img_035_0882.jpg,http://postfiles11.naver.net/20150801_10/osn1201_1438376373836fYoPh_JPEG/IMG_8488.jpg?type=w1
Img_035_0895.jpg,http://postfiles16.naver.net/MjAxNzA3MjVfMjk0/MDAxNTAwOTg4OTkyNDky.UTkSSp0TO0J61iDXTiIGhCNwYm7tVeWAStiUPPDFU0Ag.UPiL7szTf52B5w9tU2WPm6--7b_NRCKaXi4fYTT27qgg.JPEG.jh2y3/%EB%B6%80%EC%B6%94%EA%B9%80%EC%B9%98_%ED%8C%AC%EC%9D%B4%EB%A7%98_%2818%29.JPG?type=w1
Img_035_0899.jpg,http://postfiles12.naver.net/MjAxNzA3MjVfMjgg/MDAxNTAwOTg4OTkxMTY0.X8nOJLPnMaT3UP3RMLPgHZJ9uSwj26rmhJloXwVN9BIg.51zGeLgPgs-OZlkwgbqde9kzlZAzBMIGg6n1V9CGmGsg.JPEG.jh2y3/%EB%B6%80%EC%B6%94%EA%B9%80%EC%B9%98_%ED%8C%AC%EC%9D%B4%EB%A7%98_%2813%29.JPG?type=w1
Img_035_0909.jpg,http://mblogthumb1.phinf.naver.net/20160925_296/zadoz_1474767663647fiIaP_JPEG/P20160921_173434119_51383B75-5CD7-4BC4-9069-670332F261E5.JPG?type=w800
Img_035_0945.jpg,http://postfiles2.naver.net/MjAxNzA4MjhfMTk3/MDAxNTAzODgzODIxMDYz.nPb8mWvSh7drh94xvrwNxwpVgB7yaDf1zdUGEF9SK6kg.zqy7J4_WjBKYIvaR-F55Hateo2wIvl1G6AkzAYLMdbYg.JPEG.gongju0020/%EB%B6%80%EC%B6%94%EA%B9%80%EC%B9%98_%EC%A0%95%EA%B5%AC%EC%A7%80%EA%B9%80%EC%B9%98_%EB%B6%80%EC%B6%94%EA%B2%89%EC%A0%88%EC%9D%B4IMG_9842.JPG?type=w1
Img_035_0946.jpg,http://postfiles10.naver.net/20160526_153/museok27_1464189161073iYk37_JPEG/IMG_6997.JPG?type=w2
Img_035_0947.jpg,http://blogthumb2.naver.net/20160526_187/museok27_1464189158568QdQxn_JPEG/IMG_7067.JPG?type=w2
Img_035_0964.jpg,http://postfiles13.naver.net/20110508_284/aaej0521_1304849565864pwq5I_JPEG/rew1_3341.jpg?type=w2
Img_035_0965.JPG,http://postfiles14.naver.net/20150709_109/museok27_1436369140678GJY8d_JPEG/008-003.JPG?type=w2
Img_035_0966.jpeg,http://park.org/Cdrom/Pavilions/Kimchi/022.jpeg
Img_035_0967.JPG,http://postfiles3.naver.net/20150716_242/hiinyoun_1437001351882IrrOx_JPEG/024.JPG?type=w1
Img_035_0968.JPG,http://postfiles15.naver.net/20150716_190/hiinyoun_1437001352245Ksu7z_JPEG/034.JPG?type=w1
Img_035_0970.jpg,http://postfiles1.naver.net/20110715_192/uemjoa_1310677649037dLlYL_JPEG/057-3.jpg?type=w1
Img_035_0971.jpg,http://img.ezday.co.kr/cache/board/blogex/2010/06/22/073a6817ba5f3146c4399752193597c3.jpg
Img_035_0972.jpg,http://postfiles10.naver.net/20130807_153/chaihyoun_1375839966489e7tDc_JPEG/1-1.jpg?type=w1
Img_035_0973.jpg,http://postfiles11.naver.net/20130807_10/chaihyoun_13758415265875tAHr_JPEG/1-2.jpg?type=w1
Img_035_0974.jpg,http://postfiles5.naver.net/20130807_4/chaihyoun_1375839966148f39gw_JPEG/1-3.jpg?type=w1
Img_035_0975.JPG,http://postfiles15.naver.net/20150717_190/iam2320_1437097174863vtCEl_JPEG/11.JPG?type=w3
Img_035_0976.jpg,http://cfile234.uf.daum.net/image/11165E214AA72DD162E3DE
Img_035_0977.jpg,http://cfile208.uf.daum.net/image/1117703C5054200A2DC1DD
Img_035_0978.jpg,http://cfile239.uf.daum.net/image/11212C174A940FEAB69C2E
Img_035_0979.jpg,http://cfile212.uf.daum.net/image/11212C174A940FEAB759D5
Img_035_0980.jpg,http://cfile240.uf.daum.net/image/11212C174A940FEAB8ED89
Img_035_0981.jpg,http://cfile209.uf.daum.net/image/1133A43A4DC3A5FB34237F
Img_035_0983.jpg,http://cfile213.uf.daum.net/image/12211B1A4BDDD6A5120A32
Img_035_0984.JPG,http://postfiles16.naver.net/20120716_223/yja305_1342425088968sNStT_JPEG/13.jpg?type=w2
Img_035_0984.JPG,http://postfiles8.naver.net/20160411_151/iam2320_1460385870192hBPAE_JPEG/13.JPG?type=w3
Img_035_0987.jpg,http://cfile217.uf.daum.net/image/14441538507E99C42846AE
Img_035_0988.jpg,http://cfile9.uf.tistory.com/image/15016D504D7649930F8B61
Img_035_0989.jpg,http://cfile208.uf.daum.net/image/15212C174A940FECBBD0F0
Img_035_0991.jpg,http://cfile217.uf.daum.net/image/1608684D4DFE08AA023CEE
Img_035_0992.jpg,http://em.adpr.net/food/data/file/kinchi/1612204504_gw2RkA69_BUCHU.jpg
Img_035_0993.jpg,http://cfile229.uf.daum.net/image/163103494F50F008152A0D
Img_035_0995.jpg,http://cfile214.uf.daum.net/image/1660994E4DFE08D2109F54
Img_035_0996.jpg,http://cfile206.uf.daum.net/image/17165E214AA72DD2673B28
Img_035_0997.jpg,http://cfile29.uf.tistory.com/image/172605454D62EB3714E04F
Img_035_0998.jpg,http://cfile240.uf.daum.net/image/174804204BEB71E5501CE5
Img_035_0999.jpg,http://cfile224.uf.daum.net/image/18165E214AA72DD36A3B76
