Img_038_0000.jpg,http://img.dongwonmall.com/dwmall/static_root/product_img/main/0005781/000578182_1_b.jpg
Img_038_0001.JPG,http://blogfiles.naver.net/20151116_183/julie7000_1447646107083uvPO4_JPEG/009.JPG
Img_038_0002.JPG,http://blogfiles.naver.net/20151116_44/julie7000_1447646102739atGRm_JPEG/017.JPG
Img_038_0003.jpg,http://thumbnail.image.rakuten.co.jp/@0_mall/kangurume/cabinet/01457449/0215-300-01.jpg
Img_038_0004.JPG,http://blogthumb2.naver.net/20151116_279/julie7000_1447646096847RRWBt_JPEG/025.JPG?type=w2
Img_038_0006.gif,http://img.ezmember.co.kr/cache/board/2013/04/16/044cb4fd772832f359724609d8c36629.gif
Img_038_0008.JPG,http://blogfiles.naver.net/20151116_84/julie7000_14476461053089uYvw_JPEG/059.JPG
Img_038_0009.jpg,http://www.yuraefood.co.kr/upload/goods/13576997381.jpg
Img_038_0010.JPG,http://nucmall.com/web/upload/NNEditor/20151216/14.jpg
Img_038_0010.JPG,http://postfiles12.naver.net/20150723_267/iam2320_14375779996721iBO2_JPEG/14.JPG?type=w3
Img_038_0011.jpg,http://www.kimchifam.com/shop/data/goods/1429851294338m0.jpg
Img_038_0012.jpg,http://cfile5.uf.tistory.com/image/1622E5174CBA4C8064B02D
Img_038_0013.JPG,http://blogfiles.naver.net/20150723_154/iam2320_1437577630733a6hT7_JPEG/2.JPG
Img_038_0013.JPG,http://nucmall.com/web/upload/NNEditor/20151216/2.jpg
Img_038_0014.jpg,http://woman.chosun.com/ImageFiles/Image/2011/201110_352_09.jpg
Img_038_0016.jpg,http://cfile216.uf.daum.net/image/2121AF3F5651E46303981E
Img_038_0017.jpg,http://cfile214.uf.daum.net/image/2646433A525FB62C374DD9
Img_038_0018.jpg,http://img.dongwonmall.com/dwmall/static_root/model_img/main/590/59088_1_a.jpg
Img_038_0019.jpg,http://www.arumchan.com/arumchan/upfile/product/803658276.jpg
Img_038_0020.JPG,http://postfiles9.naver.net/20160404_40/sda2017_1459749475567W2EgW_JPEG/SAM_8563.JPG?type=w966
Img_038_0021.jpg,http://blogthumb2.naver.net/20120506_90/king940_13362302587863tK1e_JPEG/_DSC8450-1.jpg?type=w2
Img_038_0022.JPG,http://postfiles11.naver.net/20111103_186/king940_1320325755371LRjvL_JPEG/_DSC9480.JPG?type=w2
Img_038_0023.JPG,http://blogfiles.naver.net/20151116_122/julie7000_1447646104085JiQFQ_JPEG/035.JPG
Img_038_0024.jpg,http://uokmercearia.com.br/wp-content/uploads/2014/06/20150811_101511-e1447790443184-350x300.jpg
Img_038_0025.JPG,http://postfiles14.naver.net/20150723_45/iam2320_1437577630919dEztH_JPEG/3.JPG?type=w3
Img_038_0026.jpg,http://nhkimchi.com/web/product/extra/big/breed74_12_1.jpg
Img_038_0027.jpg,http://dasomifood.cafe24.com/web/product/medium/dasomifood_25.jpg
Img_038_0028.jpg,http://nucmall.com/file_data/nucgalaxy/2015/12/16/e2388c4161f4a559c502d745760451f4.jpg
Img_038_0029.jpg,https://farm8.staticflickr.com/7166/6790395833_60a2e089ab.jpg
Img_038_0030.jpg,https://farm8.staticflickr.com/7165/6755962141_d2fffc7a95.jpg
Img_038_0031.jpg,https://farm6.staticflickr.com/5120/6919210608_bbbfda8cb8.jpg
Img_038_0032.jpg,https://farm6.staticflickr.com/5088/5208986576_82b63a069a.jpg
Img_038_0033.jpg,https://farm5.staticflickr.com/4313/35865315126_e753e3a176.jpg
Img_038_0034.jpg,https://farm1.staticflickr.com/669/32855107486_afd58b6148.jpg
Img_038_0035.jpg,https://farm4.staticflickr.com/3538/3327717191_b9574112d0.jpg
Img_038_0036.jpg,https://farm4.staticflickr.com/3312/3328552968_0e3cf39737.jpg
Img_038_0037.jpg,https://farm9.staticflickr.com/8123/8614672619_9f365cc20e.jpg
Img_038_0038.jpg,https://farm8.staticflickr.com/7428/12763877174_0b5ed5888a.jpg
Img_038_0039.jpg,https://farm3.staticflickr.com/2826/12333958883_8b66025f6e.jpg
Img_038_0040.jpg,https://farm4.staticflickr.com/3690/12895487764_3c5350fbe6.jpg
Img_038_0041.jpg,https://farm8.staticflickr.com/7359/15747532464_20ecf1aaec.jpg
Img_038_0042.jpg,https://farm4.staticflickr.com/3791/13407719074_857aabdc06.jpg
Img_038_0043.jpg,https://farm5.staticflickr.com/4129/5223441309_f025a2b50e.jpg
Img_038_0044.jpg,http://postfiles9.naver.net/MjAxNzA0MjhfMjE0/MDAxNDkzMzUwNjI4NjQy.fFhnag4FDjKMoHxRy01FLbmka4jRNr6FApIwYmrUTK0g.OGfKBZ0BbD13ZdFvvHRGGgLorrh4Jqk_gbvVxvCG8Ugg.JPEG.kci_kci/%EA%B3%A0%EC%B6%94%EC%B4%9D%EA%B0%81%EA%B9%80%EC%B9%980014.JPG?type=w966
Img_038_0049.jpg,http://recipe.ezmember.co.kr/cache/recipe/2015/06/08/62d79ac74f1d143d655074bff9e9565c.jpg
Img_038_0050.jpg,http://img.dongwonmall.com/dwmall/static_root/model_img/main/590/59088_1_a.jpg
Img_038_0051.jpg,http://timg.danawa.com/prod_img/500000/169/533/img/1533169_1.jpg
Img_038_0052.jpg,http://img.ezmember.co.kr/cache/board/2013/06/05/a33a33c7dc2da66131df748fee410b55.jpg
Img_038_0053.jpg,http://www.kimchifam.com/shop/data/goods/1429851294338m0.jpg
Img_038_0054.jpg,http://postfiles3.naver.net/20121115_146/heeju001_13529769340578aTCF_JPEG/IMG_3482.JPG?type=w1
Img_038_0055.jpg,http://t1.daumcdn.net/thumb/R600x0/?fname=http://www.miz.co.kr/shopmall/prod_img/10/00031230.jpg
Img_038_0056.jpg,http://postfiles6.naver.net/20140423_69/dew36_1398179857027UgLt7_JPEG/1.jpg?type=w1
Img_038_0057.jpg,http://cfile5.uf.tistory.com/image/1622E5174CBA4C8064B02D
Img_038_0060.jpg,http://cfile6.uf.tistory.com/image/173BD43850A0C0D215ACF7
Img_038_0061.jpg,http://postfiles9.naver.net/20160404_40/sda2017_1459749475567W2EgW_JPEG/SAM_8563.JPG?type=w966
Img_038_0062.jpg,http://cfile211.uf.daum.net/image/2570F74852C14BDC2FC3F1
Img_038_0065.jpg,http://cfile7.uf.tistory.com/image/19259E384EA4FB4228E4BC
Img_038_0066.jpg,http://image.ec21.com/image/osewoo/oimg_GC04854545_CA04854561/Chonggak_Kimchi.jpg
Img_038_0067.jpg,http://postfiles14.naver.net/20141128_93/chaihyoun_1417135531555WpMeL_JPEG/1.%C0%CC%BD%C2%C3%B6_119.jpg?type=w1
Img_038_0068.jpg,http://cfile214.uf.daum.net/image/2646433A525FB62C374DD9
Img_038_0069.jpg,http://gohyangfood.com/data/item/1373612514_m
Img_038_0070.jpg,http://www.wellbeingchon.co.kr/upload/goods/b62042_choonggag03.jpg
Img_038_0071.jpg,http://recipe.ezmember.co.kr/cache/recipe/2015/04/23/c34769b589b0096c17b54233e2a6671c1_m.jpg
Img_038_0072.jpg,http://www.organicbigmart.com/shopimages/encore52/0190000000232.jpg
Img_038_0073.jpg,http://mblogthumb1.phinf.naver.net/20111011_144/piedream_1318295939364xiQ9s_JPEG/DSC07983.JPG?type=w2
Img_038_0074.jpg,http://cfile29.uf.tistory.com/image/216D4E3E581FC1122D1622
Img_038_0075.jpg,http://recipe.ezmember.co.kr/cache/recipe/2016/12/01/1cbce341e2ff61637724d55e991bd9371.jpg
Img_038_0076.jpg,http://img.ezday.co.kr/cache/board/2010/11/12/e9b9b2d3ae4e959edd72c1f9b5f34de4.jpg
Img_038_0078.jpg,https://i.ytimg.com/vi/oYawbRE3ChU/maxresdefault.jpg
Img_038_0079.jpg,http://allbanchan.com/wordpress/wp-content/uploads/2015/07/%EC%B4%9D%EA%B0%81%EA%B9%80%EC%B9%98_%EB%A9%94%EC%9D%B8%EC%8A%AC%EB%9D%BC%EC%9D%B4.jpg
Img_038_0080.jpg,http://www.luchiafood.com/web/product/big/luchiafood_33.jpg
Img_038_0081.jpg,http://blogthumb2.naver.net/20150413_273/whwndud7_1428916556457a7ITA_JPEG/%C3%D1%B0%A2%B1%E8%C4%A1_01.jpg?type=w2
Img_038_0082.jpg,http://postfiles8.naver.net/MjAxNzA1MThfMjk3/MDAxNDk1MDc2ODkwNDE1.4bmxY-I2YXcu-1RzuxOe9_qvrFWgyF__Rmb6gvZB4K8g.7Gm_yKLcgXwS9YKCOKms7Uhvaq18ak_PhmR54CI7_3Ug.JPEG.lemonjin7088/%EC%B4%9D%EA%B0%81%EA%B9%80%EC%B9%9831.JPG?type=w966
Img_038_0083.jpg,http://cfile4.uf.tistory.com/image/24411433546D92151DF622
Img_038_0084.jpg,http://www.ssik.co.kr/wp-content/uploads/2016/06/%EC%B4%9D%EA%B0%81%EA%B9%80%EC%B9%98.jpg
Img_038_0085.jpg,http://cfile231.uf.daum.net/image/245A0C4B54562A4A267D3B
Img_038_0086.jpg,http://www.arumchan.com/arumchan/upfile/product/1454724931.jpg
Img_038_0087.jpg,http://recipe.ezmember.co.kr/cache/recipe/2016/06/11/b58a7266ce2c16908ef2cc3bc5b996fc1.jpg
Img_038_0088.jpg,http://www.bobaekimchi.com/shopimages/dudwn0405/002005000001.jpg?1429521412
Img_038_0089.jpg,http://cfile2.uf.tistory.com/image/195AAB0B4CD0229649C11C
Img_038_0090.jpg,http://cfile239.uf.daum.net/image/251CF846528A113232E3B0
Img_038_0091.jpg,http://image.lottemart.com/lim/static_root/images/prodimg/L0000/L000002295788_1_640.jpg
Img_038_0092.jpg,http://yswellbeingfood.com/wp-content/uploads/2017/04/%EC%B4%9D%EA%B0%81%EA%B9%80%EC%B9%98.jpg
Img_038_0093.jpg,http://cfile4.uf.tistory.com/image/225A19385750AC72121865
Img_038_0094.jpg,http://www.gajumarketplace.com/Gjmp36/wp-content/uploads/2012/11/321938e.jpg
Img_038_0095.jpg,http://postfiles13.naver.net/MjAxNzAzMTZfOTYg/MDAxNDg5NjI2NzY0MzE5.1Zg9rwrSE_4b-nrKtiaFpoKLexq9mgTvad1zFvQIwMgg.eqjbyQz34czeiBEdUiwgqEwUGnVPFsL56EqlKSvLOkog.JPEG.lucia_1010/%EA%B3%A0%EC%B6%94%EC%B4%9D%EA%B0%81_%EA%B9%80%EC%B9%98%EC%87%BC%ED%95%91%EB%AA%B0_%EC%95%8C%ED%83%80%EB%A6%AC%EA%B9%80%EC%B9%98_%EC%B4%9D%EA%B0%81%EA%B9%80%EC%B9%98_%285%29.JPG?type=w966
Img_038_0096.jpg,https://pbs.twimg.com/profile_images/757976335067197441/9C5epAlW.jpg
Img_038_0097.jpg,http://www.hyfresh.co.kr/prdimg/20170707/008/0004/00010/000030/33642/33642_F_025.jpg
Img_038_0098.jpg,http://mblogthumb1.phinf.naver.net/20150509_288/real5030_1431169412614BdK0i_JPEG/IMG_7525.JPG?type=w2
Img_038_0100.jpg,http://gdimg.gmarket.co.kr/326352419/still/600?ver=0
Img_038_0101.jpg,http://www.realkimchi.com/shopimages/realkimchi/001001000003.jpg?1489559917
Img_038_0103.jpg,http://www.wellbeingchon.co.kr/upload/goods/a62011_choonggag01.jpg
Img_038_0105.jpg,http://recipe.ezmember.co.kr/cache/recipe/2017/06/15/d8bc7e2eadf879772c1d9636a361e37c1.jpg
Img_038_0108.jpg,http://kimchiholic.com/web/product/medium/kimchiholic_156.jpg
Img_038_0111.jpg,http://www.8kimchi.co.kr/web/product/big/201611/19_shop1_851194.jpg
Img_038_0112.jpg,http://isckimchi.com/web/product/big/201701/33_shop1_274089.jpg
Img_038_0113.jpg,http://recipe.ezmember.co.kr/cache/recipe/2015/10/30/ca9964db85ce36a80932c57897b0f2df1.jpg
Img_038_0114.jpg,http://shop.biumfood.com/upload/1485939378image_product%EC%B4%9D%EA%B0%81%EA%B9%80%EC%B9%981.JPG
Img_038_0115.jpg,http://8kimchi.co.kr/web/product/big/201611/54_shop1_863996.jpg
Img_038_0116.jpg,http://image.lottemart.com/lim/static_root/images/prodimg/L0000/L000002329056_1_640.jpg
Img_038_0118.jpg,http://blogthumb2.naver.net/20161012_264/iam2320_1476235809192MdFb4_JPEG/3.JPG?type=w2
Img_038_0120.jpg,http://www.c1544.com/shop/data/goods/148696884871m0.jpg
Img_038_0122.jpg,http://img.ezmember.co.kr/cache/board/2012/01/31/7d9fdb56c47ec0c57a12cf9080d30c3a.jpg
Img_038_0123.jpg,http://recipe.ezmember.co.kr/cache/recipe/2015/04/04/ceb1474ed43605bb67ca01eff5fd98ab1.jpg
Img_038_0124.jpg,http://www.sekwangfood.com/cgi/upload/product/20170105124111_s.jpg
Img_038_0125.jpg,http://image.ec21.com/image/ogikimchi/koimg_GC00131806_CA00131809/CA00131809.jpg
Img_038_0126.jpg,http://cfile24.uf.tistory.com/image/2717404D5828562F3946BB
Img_038_0127.jpg,http://blogthumb2.naver.net/20121115_14/heeju001_1352976931321AEdww_JPEG/IMG_3478.JPG?type=w2
Img_038_0129.jpg,http://blogthumb2.naver.net/20150723_285/iam2320_1437577611059okGlk_JPEG/1.JPG?type=w2
Img_038_0129.jpg,http://image.newstomato.com/newsimg/2012/4/6/239620/1.jpg
Img_038_0131.jpg,http://mblogthumb4.phinf.naver.net/20140129_19/ssagajee79_1390921781312RykDD_JPEG/DSC00538.JPG?type=w2
Img_038_0132.jpg,http://kimchivillage.kr/shop/data/goods/1431582120489m0.jpg
Img_038_0133.jpg,http://cfile207.uf.daum.net/image/147573184CF42B3D2D10D3
Img_038_0134.jpg,http://imgs.kshop.co.kr/goods/543/333543_g_20170221144925.jpg
Img_038_0135.jpg,http://recipe.ezmember.co.kr/cache/recipe/2016/04/06/a569dfacbad6e2f9acb7f9940f6bd14c1.jpg
Img_038_0136.jpg,http://cfile8.uf.tistory.com/image/24100333581E05830773B3
Img_038_0137.jpg,http://haedogi.net/goods_images/%EC%B4%9D%EA%B0%81%EA%B9%80%EC%B9%98(2).jpg
Img_038_0138.jpg,https://i.ytimg.com/vi/Ff32FBn4DTQ/maxresdefault.jpg
Img_038_0140.jpg,http://www.hgskimchi.co.kr/data/item/1474956729/thumb-1287019385_l1_500x500.jpg
Img_038_0142.jpg,http://ai.esmplus.com/btmyh/home/001002002/131_139_tn_1.jpg
Img_038_0144.jpg,http://mblogthumb3.phinf.naver.net/MjAxNzAzMDFfMTA1/MDAxNDg4MzI4MTUzMDc2.dHpio_iDWVjhsnu6R5GBDB6pacc0pY-ICaZM4_8dyWMg.stZZPbHXOO7gVzCIxJlR-0YdCTiXppJ5SJ-H9xgjSUIg.JPEG.zadoz/P20170301_092310812_D63A5554-25CD-4DCC-9844-264336FA4362.JPG?type=w800
Img_038_0146.jpg,http://blogthumb2.naver.net/MjAxNjExMTNfMjgz/MDAxNDc5MDE4ODcyMDkz.aotX2RTd5AdONWcDw7GjClsuQTNc04H0svW-XYopoHkg.kafFhGZo3bJf_xnmBjJkf9Mp0kYGwgme9uAoNwtFu48g.JPEG.0505ej/111203_%28110%29.JPG?type=w2
Img_038_0148.jpg,http://blogfiles.naver.net/20151116_39/julie7000_1447646099457Qm5ad_JPEG/1.jpg
Img_038_0148.jpg,http://postfiles4.naver.net/20151024_115/iam2320_1445672095304LE6ga_JPEG/1.JPG?type=w3
Img_038_0149.jpg,http://image.hnsmall.com/images/goods/690/10032690_h.jpg
Img_038_0150.jpg,http://postfiles11.naver.net/MjAxNzA0MjlfMTYg/MDAxNDkzNDYyOTM4Nzc3.Wj6j5FvY0KyG3Zbo4dPdTYlS_ly3EQRwQ-F7K-IEMGkg.i842qYqcn3VzqJUZ4MWH84WfrK0tOqsONPeOt-n6CJQg.JPEG.chechey3/DSC05754.JPG?type=w966
Img_038_0151.jpg,http://cfile10.uf.tistory.com/image/14123839506E52F91CEF43
Img_038_0152.jpg,http://cfile21.uf.tistory.com/image/273B1749581B2F4524A7F0
Img_038_0153.jpg,http://cfile29.uf.tistory.com/image/233C434958072F02161133
Img_038_0154.jpg,http://image.lottesuper.co.kr/static-root/fileupload/recipe/201310/05_457(1).jpg
Img_038_0157.jpg,http://cfile25.uf.tistory.com/image/122009374FF793D401F32B
Img_038_0159.jpg,http://leesungja.com/web/product/big/201608/18_shop1_733517.jpg
Img_038_0160.jpg,http://img.dongwonmall.com/dwmall/static_root/model_img/detail/592/0bb5da21-50c1-4587-817c-29f1714d7e43.jpg93,/김치/총각김치/google_20171123_092358_000092.jpg
Img_038_0161.jpg,http://suragankimchi.co.kr/data/item/1449411758/thumb-003a_550x500.jpg
Img_038_0162.jpg,http://img.dongwonmall.com/dwmall/static_root/product_img/main/0006622/000662298_1_b.jpg
Img_038_0163.jpg,http://hbsfood.com/shop/data/goods/1499840807695m0.jpg
Img_038_0164.jpg,http://www.roundkitchen7.co.kr/web/upload/NNEditor/20150725/001.%EA%B9%80%EC%B9%98%EB%A5%98-%EC%B4%9D%EA%B0%81%EA%B9%80%EC%B9%982_shop1_144203.jpg
Img_038_0165.jpg,http://blogthumb2.naver.net/MjAxNzA0MDZfMTUx/MDAxNDkxNDc3NzYzMDcw.FHF6Tht0UX5V1oL92362AZBE6GVNHSqAHU6aetA9nmcg.HpuIyPkRFF82h0lDe_TT03eUQpYy33azJHy0U139bJwg.JPEG.whwndud7/%BE%CB%C5%B8%B8%AE%B1%E8%C4%A1_01.jpg?type=w2
Img_038_0170.jpg,http://cfile2.uf.tistory.com/image/213A5D4A54C5DE2905D0D5
Img_038_0172.jpg,http://mblogthumb1.phinf.naver.net/20161014_244/real5030_1476430022291PP2TV_JPEG/IMG_9735.JPG?type=w800
Img_038_0173.jpg,http://cfile219.uf.daum.net/image/167639264AC51B020BDCC5
Img_038_0175.jpg,http://yunanfood.com/app/dubu_shop/docs/imgs/product/21327/xs_%EC%B4%9D%EA%B0%81%EA%B9%80%EC%B9%98.jpg
Img_038_0177.jpg,http://kimleepak.co.kr/data/item/thumb-88_Lens_320x320.jpg
Img_038_0178.jpg,http://cfile221.uf.daum.net/image/207BDE1F4C94B9F46A9E25
Img_038_0180.jpg,http://www.treeshore.co.kr/shopimages/treeshore/0030010000172.jpg
Img_038_0182.jpg,http://postfiles14.naver.net/20160602_285/hh265587_1464844634065uQtKT_JPEG/DSC09777.JPG?type=w966
Img_038_0183.jpg,http://www.jmf4121.co.kr/data/item/1494920472/thumb-SAM_6001_450x450.jpg
Img_038_0184.jpg,http://blogthumb2.naver.net/20151020_216/whwndud7_14453379910901SyaL_JPEG/%BE%CB%C5%B8%B8%AE%B1%E8%C4%A1_01.jpg?type=w2
Img_038_0186.jpg,http://www.hansungmall.co.kr/shop/data/editor/1276410531.jpg
Img_038_0188.jpg,http://cfile6.uf.tistory.com/image/2176254C573A4829118319
Img_038_0189.jpg,http://postfiles4.naver.net/20110413_291/wefhpop_1302677155594wDwGS_JPEG/2011-04-13_15%3B44%3B56.jpg?type=w3
Img_038_0190.jpg,http://thumbnail.image.rakuten.co.jp/@0_mall/kangurume/cabinet/01457449/0215-300-01.jpg
Img_038_0191.jpg,http://hanafood.kr/web/product/big/201612/39_shop1_886174.jpg
Img_038_0192.jpg,http://img.dongwonmall.com/dwmall/static_root/product_img/main/0007769/000776985_1_b.jpg
Img_038_0193.jpg,http://cfile220.uf.daum.net/image/2705E842524AD4F616FB6D
Img_038_0196.jpg,http://sidedish.kr/sidedish/data/item/1480560137/thumb-7LSd6rCB6rmA7LmY_320x320.jpg
Img_038_0197.jpg,http://3.bp.blogspot.com/-aJxJlzmoqlw/Tr2Ti3ERTPI/AAAAAAAAADM/9uSLk8AxICA/s1600/2011-10-17_19-54-10_931.jpg
Img_038_0201.jpg,http://abbakimchi.co.kr/web/product/big/abbakimchi_17.jpg
Img_038_0203.jpg,http://postfiles6.naver.net/data43/2008/12/11/229/88-yja305.jpg?type=w2
Img_038_0206.jpg,http://postfiles6.naver.net/20140423_101/dew36_1398179860376RuXT6_JPEG/19.jpg?type=w1
Img_038_0208.jpg,http://image.hnsmall.com/images/goods/481/12310481_h.jpg
Img_038_0211.jpg,http://dasomifood.cafe24.com/web/product/medium/dasomifood_25.jpg
Img_038_0214.jpg,http://blogthumb2.naver.net/20131118_86/eai124_13847458989712cwYn_JPEG/%BB%E7%C1%F8_121.jpg?type=w2
Img_038_0215.jpg,http://www.m-sun.co.kr/image/goods_img1/1001030000001041.jpg
Img_038_0217.jpg,http://mblogthumb3.phinf.naver.net/20160404_58/sda2017_1459749370552VrpLg_JPEG/SAM_8570.JPG?type=w800
Img_038_0220.jpg,http://cfile27.uf.tistory.com/image/183EB7244CDA3A770D90A6
Img_038_0222.jpg,http://blog.koreadaily.com/_data/user/y/e/s/yeseun/image/2012/5/07161904_9.jpg
Img_038_0223.jpg,http://www.matherkimchi.com/web/product/medium/matherkimchi_13.jpg
Img_038_0224.jpg,http://image.auction.co.kr/itemimage/c8/04/2b/c8042b706.jpg
Img_038_0225.jpg,http://postfiles3.naver.net/20140726_66/sseryuni_1406357496430TCTOq_JPEG/IMG_2537.JPG?type=w1
Img_038_0227.jpg,http://cfile7.uf.tistory.com/image/22614E50571969320FEE0F
Img_038_0230.jpg,http://www.ssik.co.kr/wp-content/uploads/2016/06/%EC%B4%9D%EA%B0%81%EA%B9%80%EC%B9%98%ED%8A%B9%EC%84%B1-400x532.jpg
Img_038_0231.jpg,http://yesodamkimchi.com/web/product/big/201608/34_shop1_541187.png
Img_038_0232.jpg,http://cfile4.uf.tistory.com/image/215E484D5464947634F8FB
Img_038_0233.jpg,http://blog.bethe1.co.kr/Up/LLSP/blog/editor/kkj4343/kkj4343_20161115103443_view.jpg
Img_038_0234.jpg,http://www.kimchikorean.com/shopimages/skyblue806/0030000000012.jpg
Img_038_0235.jpg,http://www.jalmandeun.com/shopimages/jalmandeun/0020000000042.jpg
Img_038_0242.jpg,http://hanafood.kr/web/product/big/201707/50_shop1_726246.jpg
Img_038_0244.jpg,http://postfiles16.naver.net/MjAxNzAyMjhfMjI1/MDAxNDg4MjQ1NjMzODI0.ax3ntgz5lSPmhIQ-VUXSOO7c73hZOLZA2LqtaSTvhzUg.rAkfFV1x5gHKJRp0V7NHZX2jAeWa1RRHe6H216V_8hkg.PNG.hyuky1214/%EC%B4%9D%EA%B0%81%EA%B9%80%EC%B9%98%EB%A8%B9%EB%8A%94%EA%BF%88.png?type=w966
Img_038_0247.jpg,http://postfiles1.naver.net/MjAxNzA2MDdfMTMw/MDAxNDk2ODIxMzY5MTYz.hvWsKjVZRs-EkleGnT5TnQ8i6yORDY4VjjQubTjMaPsg.tXBm47dJOAsNBzwdx7tNmgFdK4FVOtZPLYdwy-M1y2Yg.JPEG.lemonjin7088/%EC%B4%9D%EA%B0%81%EA%B9%80%EC%B9%982.jpg?type=w966
Img_038_0248.jpg,http://mblogthumb2.phinf.naver.net/20141226_5/489645_1419569088906phUXm_JPEG/%B1%E8%C4%A1%C0%C7_%C8%BF%B4%C9_%C3%D1%B0%A2%B1%E8%C4%A1_%B4%E3%B1%D7%B4%C2%B9%FD_%287%29.jpg?type=w2
Img_038_0249.jpg,http://item.ssgcdn.com/83/21/30/item/1000022302183_i1_500.jpg
Img_038_0252.jpg,http://www.hatnimmall.co.kr/shopimages/hatnim/0040030000132.jpg
Img_038_0254.jpg,http://image.lottemart.com/lim/static_root/images/files/boardfile/productreview/2017/04/03/201704030713534621.jpg
Img_038_0256.jpg,http://cfile222.uf.daum.net/image/134DD3414FE0741913C3A0
Img_038_0259.jpg,http://cfile223.uf.daum.net/image/115F0B3D4EA4CF0F328606
Img_038_0260.jpg,http://www.bitchaeul.co.kr/data/item/1417731723/thumb-500_320x320.jpg
Img_038_0263.jpg,http://cfile2.uf.tistory.com/image/252D305057C5F4831E356A
Img_038_0264.jpg,http://www.ihaenam.com/data/item/1322011301_s
Img_038_0265.jpg,https://premium120.makeshop.co.kr/design/ejangdok/detail/%C3%D1%B0%A2%B1%E8%C4%A1231.jpg
Img_038_0266.jpg,http://www.halmaeson.com/shop/data/goods/1421310330518m0.jpg
Img_038_0268.jpg,http://image.auction.co.kr/itemimage/e1/28/ef/e128efc25.jpg
Img_038_0269.jpg,http://cfile22.uf.tistory.com/image/213C7243536DB58E04B43C
Img_038_0271.jpg,http://www.dafood.co.kr/data/directory/%EC%B4%9D%EA%B0%81%EA%B9%80%EC%B9%98(3).jpg
Img_038_0272.jpg,http://mblogthumb3.phinf.naver.net/MjAxNzAzMDFfMjk0/MDAxNDg4MzI4MTUzMDk0.NYHg8jOYceoKIbHV86-OYFgiay5H56R-7DZ-BEvITgEg.RbtTzuZO5zRb506SyYB7zuUuu1Vpbfo4r0Ntm2x86rwg.JPEG.zadoz/P20170301_092346478_EDADF0F0-4B0D-4052-9D64-4502DAEAE08F.JPG?type=w800
Img_038_0273.jpg,http://blog.koreadaily.com/_data/user/c/h/o/cho4890kr/image/2012/7/27091433_1.jpg
Img_038_0275.jpg,http://cfile208.uf.daum.net/image/222A004254369C2E16C4D8
Img_038_0278.jpg,http://blog.koreadaily.com/_data/user/y/e/s/yeseun/image/2012/5/07161904_10.jpg
Img_038_0279.jpg,http://cfile1.uf.tistory.com/image/2604B33A5442EA652F5F21
Img_038_0281.jpg,http://freshgreen.co.kr/web/product/big/201609/105_shop1_988389.jpg
Img_038_0282.jpg,http://ws.cconma.com/Upload/Product/400x350/2016/5817a16ea9173.jpg
Img_038_0285.jpg,http://www.kb80kimchi.com/upload/demo/shopimage/01300000000000000007BN.JPG
Img_038_0287.jpg,http://ipds.co.kr/web/product/big/201707/49_shop1_847193.jpg
Img_038_0288.jpg,http://blog.koreadaily.com/_data/user/y/e/s/yeseun/image/2012/5/07161904_8.jpg
Img_038_0290.jpg,http://postfiles8.naver.net/MjAxNjExMDlfMTYz/MDAxNDc4Njk0NjU4MzYx.lzt_SxCCmcClriEpp7lQI3sKBaf3C_JMDQwu-Oj5CHAg.fY_KlVs7SXUi4oD050bs1t-ndVLu3ACTT3DWUs4p6fUg.JPEG.eye4y/IMG_0115.JPG?type=w773
Img_038_0291.jpg,http://postfiles14.naver.net/MjAxNzA0MDZfMjUz/MDAxNDkxNDc3NzY2ODcy.NGg1HYdIPrV0yA3SgdNllnRjEQyx5F7Kz68PhimIMA8g.QK6ynuEIx_81cpqQhUaMxirzvNz_xvYjVR_8nB3laW4g.JPEG.whwndud7/%EC%95%8C%ED%83%80%EB%A6%AC%EA%B9%80%EC%B9%98_24.jpg?type=w1
Img_038_0292.jpg,http://cfile8.uf.tistory.com/image/24042D49587F5388230FF6
Img_038_0294.jpg,http://www.ukimchi.kr/data/admin/board_upload/1/images/f783e77fd883470ce6a45e056ebe073e.png
Img_038_0296.jpg,http://postfiles10.naver.net/MjAxNzAzMTNfMTg5/MDAxNDg5MzQ2MTk1MTEw.lwVGAgP_pKJIEXF5yiT4FL4l4aD0nMBJowZ6Zd-9WW0g.mJi_w8p1qjYagXv0TyRWp9zibmkJLx2lUkohBMI36uwg.JPEG.airforcer/image_1032477991489338728781.jpg?type=w773
Img_038_0297.jpg,https://www.goods.go.kr/file/preview.do?fileId=PPMS_201512210453503520&thumbYn=Y&noimg=75
Img_038_0298.jpg,http://jungsunkimchi.com/data/file/gallery/1889484541_p6OvFoAk_10025B1B9B3BBBBEAC3D1B0A2B1E8C4A1.jpg
Img_038_0301.jpg,http://cfile5.uf.tistory.com/image/13052E4C4FF422501E61F5
Img_038_0302.jpg,http://cfile3.uf.tistory.com/image/19150D574E041D70324019
Img_038_0303.jpg,http://seoul-p-studio.bunjang.net/product/71987822_1_1500717919_w320.jpg
Img_038_0304.jpg,http://mgfoodmall.com/mall/shop_image/201405/%C3%D1%B0%A2500%282%29.jpg
Img_038_0307.jpg,http://lohasyc.yeoncheon.go.kr/product_image/2048600007l.jpg
Img_038_0309.jpg,http://www.nhkimchi.co.kr/pds_img/img7/F145861329627461.jpg
Img_038_0310.jpg,https://www.menupan.com/common/service/img_proxy.asp?src=http%3A%2F%2Fpostfiles5.naver.net%2F20140514_100%2Fvioletclara_1400069573915TCjGJ_JPEG%2FIMG_0609.JPG%3Ftype%3Dw2
Img_038_0311.jpg,http://www.potk.kr/shop/data/review/RV0000000100
Img_038_0312.jpg,http://www.soonee.kr/data/item/1395296496/thumb-Untitled1_570x380.jpg
Img_038_0313.jpg,http://cfile24.uf.tistory.com/image/15018D024BDF8353025C07
Img_038_0314.jpg,http://cfile221.uf.daum.net/image/257EB73E53376BAB1C0BDB
Img_038_0315.jpg,https://i.ytimg.com/vi/K8wjBfT7lCY/hqdefault.jpg
Img_038_0316.jpg,http://img.ezmember.co.kr/cache/board/2015/05/28/af765f1f22d180074bfff910f719b6fe.jpg
Img_038_0317.jpg,http://www.wellbeingchon.co.kr/upload/goods/b62074_choonggag04.jpg
Img_038_0318.jpg,http://cfile226.uf.daum.net/image/24576D4952655A3817DD7C
Img_038_0319.jpg,http://www.kimchiblog.com/attach/1/480d338a4f7d23I.jpg
Img_038_0320.jpg,http://www.sansae.co.kr/shopimages/btnmall/035019000032.jpg
Img_038_0321.jpg,http://postfiles8.naver.net/20160307_295/wngml0925_1457334908630dUbM1_JPEG/IMG_5511.JPG?type=w966
Img_038_0322.jpg,http://haveagreen.com/web/product/medium/yymm61_394.jpg
Img_038_0326.jpg,http://m.ogammanjok.com/web/product/big/201610/223_shop1_413751.jpg
Img_038_0331.jpg,http://minamkimchi.com/web/product/big/201606/17_shop1_692777.jpg
Img_038_0332.jpg,http://tutbat.biz/web/product/big/20_shop1_927866.jpg
Img_038_0339.jpg,http://misicga.com/web/product/medium/201703/90_shop1_477766.jpg
Img_038_0344.jpg,http://mosanfs.co.kr/web/product/big/201608/33_shop1_549805.jpg
Img_038_0345.jpg,http://itaid.com/bbs/data/gallery/KSD_022.jpg
Img_038_0348.jpg,http://cfile2.uf.tistory.com/image/121FFD0E4CD01FBA60755B
Img_038_0409.jpg,http://matsarang.redbrush.co.kr/upload/images/product/Product_1361503829074.jpg
Img_038_0468.jpg,http://mblogthumb1.phinf.naver.net/20111011_144/piedream_1318295939364xiQ9s_JPEG/DSC07983.JPG?type=w2
Img_038_0492.jpg,http://postfiles1.naver.net/MjAxNjExMDlfNjEg/MDAxNDc4NjM0Mzg1ODU4.Ya96m33DJbPO0EQmXEN9nvVYX32z2W1IN6GeuofLOu0g.neRfzLVAUbbJoLWmQRHisnd7-sycJ8qCztlLbZDBO_Ug.PNG.beautyhalin/%ED%99%A9%EA%B8%88%EB%A0%88%EC%8B%9C%ED%94%BC%EC%B4%9D%EA%B0%81%EA%B9%80%EC%B9%98%ED%8C%8C%EA%B9%80%EC%B9%983.png?type=w966
Img_038_0543.jpg,http://nucmall.com/web/upload/NNEditor/20151216/14.jpg
Img_038_0543.jpg,http://postfiles12.naver.net/20150723_267/iam2320_14375779996721iBO2_JPEG/14.JPG?type=w3
Img_038_0572.jpg,http://blogthumb2.naver.net/20141110_250/jae9551_1415547924186F4Eag_JPEG/29-2.JPG?type=w2
Img_038_0629.jpg,http://image.auction.co.kr/itemimage/9c/63/80/9c63802c5.jpg
Img_038_0671.jpg,http://blog.bethe1.co.kr/up/LLSP/blog/editor/bessgo/bessgo_20161118093457.jpg
Img_038_0772.jpg,http://postfiles9.naver.net/MjAxNzA0MjhfMjE0/MDAxNDkzMzUwNjI4NjQy.fFhnag4FDjKMoHxRy01FLbmka4jRNr6FApIwYmrUTK0g.OGfKBZ0BbD13ZdFvvHRGGgLorrh4Jqk_gbvVxvCG8Ugg.JPEG.kci_kci/%EA%B3%A0%EC%B6%94%EC%B4%9D%EA%B0%81%EA%B9%80%EC%B9%980014.JPG?type=w966
Img_038_0816.jpg,http://img.ezmember.co.kr/cache/board/2012/01/31/7d9fdb56c47ec0c57a12cf9080d30c3a.jpg
Img_038_0847.jpg,http://blogthumb2.naver.net/20110113_252/cshee32_1294887541639ftvTn_JPEG/modify2011-01-11-001.jpg?type=w2
Img_038_0873.jpg,http://cfile226.uf.daum.net/image/154769354F293274181415
Img_038_0910.jpg,http://blogfiles.naver.net/20151116_44/julie7000_1447646102739atGRm_JPEG/017.JPG
Img_038_0927.jpg,http://www.sandeulraefood.co.kr/web/product/medium/sandeulrae1_3.jpg
Img_038_0928.jpg,http://img.dongwonmall.com/dwmall/static_root/product_img/main/0005781/000578182_1_b.jpg
Img_038_0929.JPG,http://blogfiles.naver.net/20151116_183/julie7000_1447646107083uvPO4_JPEG/009.JPG
Img_038_0930.JPG,http://blogfiles.naver.net/20151116_44/julie7000_1447646102739atGRm_JPEG/017.JPG
Img_038_0931.jpg,http://thumbnail.image.rakuten.co.jp/@0_mall/kangurume/cabinet/01457449/0215-300-01.jpg
Img_038_0932.JPG,http://blogthumb2.naver.net/20151116_279/julie7000_1447646096847RRWBt_JPEG/025.JPG?type=w2
Img_038_0934.gif,http://img.ezmember.co.kr/cache/board/2013/04/16/044cb4fd772832f359724609d8c36629.gif
Img_038_0936.JPG,http://blogfiles.naver.net/20151116_84/julie7000_14476461053089uYvw_JPEG/059.JPG
Img_038_0937.jpg,http://www.yuraefood.co.kr/upload/goods/13576997381.jpg
Img_038_0938.JPG,http://nucmall.com/web/upload/NNEditor/20151216/14.jpg
Img_038_0938.JPG,http://postfiles12.naver.net/20150723_267/iam2320_14375779996721iBO2_JPEG/14.JPG?type=w3
Img_038_0939.jpg,http://www.kimchifam.com/shop/data/goods/1429851294338m0.jpg
Img_038_0940.jpg,http://cfile5.uf.tistory.com/image/1622E5174CBA4C8064B02D
Img_038_0941.JPG,http://blogfiles.naver.net/20150723_154/iam2320_1437577630733a6hT7_JPEG/2.JPG
Img_038_0941.JPG,http://nucmall.com/web/upload/NNEditor/20151216/2.jpg
Img_038_0942.jpg,http://woman.chosun.com/ImageFiles/Image/2011/201110_352_09.jpg
Img_038_0944.jpg,http://cfile216.uf.daum.net/image/2121AF3F5651E46303981E
Img_038_0945.jpg,http://cfile214.uf.daum.net/image/2646433A525FB62C374DD9
Img_038_0946.jpg,http://img.dongwonmall.com/dwmall/static_root/model_img/main/590/59088_1_a.jpg
Img_038_0947.jpg,http://www.arumchan.com/arumchan/upfile/product/803658276.jpg
Img_038_0948.JPG,http://postfiles9.naver.net/20160404_40/sda2017_1459749475567W2EgW_JPEG/SAM_8563.JPG?type=w966
Img_038_0949.jpg,http://blogthumb2.naver.net/20120506_90/king940_13362302587863tK1e_JPEG/_DSC8450-1.jpg?type=w2
Img_038_0950.JPG,http://postfiles11.naver.net/20111103_186/king940_1320325755371LRjvL_JPEG/_DSC9480.JPG?type=w2
Img_038_0951.JPG,http://blogfiles.naver.net/20151116_122/julie7000_1447646104085JiQFQ_JPEG/035.JPG
Img_038_0952.jpg,http://uokmercearia.com.br/wp-content/uploads/2014/06/20150811_101511-e1447790443184-350x300.jpg
Img_038_0953.JPG,http://postfiles14.naver.net/20150723_45/iam2320_1437577630919dEztH_JPEG/3.JPG?type=w3
Img_038_0954.jpg,http://nhkimchi.com/web/product/extra/big/breed74_12_1.jpg
Img_038_0955.jpg,http://dasomifood.cafe24.com/web/product/medium/dasomifood_25.jpg
Img_038_0956.jpg,http://nucmall.com/file_data/nucgalaxy/2015/12/16/e2388c4161f4a559c502d745760451f4.jpg
Img_038_0957.jpg,https://farm8.staticflickr.com/7166/6790395833_60a2e089ab.jpg
Img_038_0958.jpg,https://farm8.staticflickr.com/7165/6755962141_d2fffc7a95.jpg
Img_038_0959.jpg,https://farm6.staticflickr.com/5120/6919210608_bbbfda8cb8.jpg
Img_038_0960.jpg,https://farm6.staticflickr.com/5088/5208986576_82b63a069a.jpg
Img_038_0961.jpg,https://farm5.staticflickr.com/4313/35865315126_e753e3a176.jpg
Img_038_0962.jpg,https://farm1.staticflickr.com/669/32855107486_afd58b6148.jpg
Img_038_0963.jpg,https://farm4.staticflickr.com/3538/3327717191_b9574112d0.jpg
Img_038_0964.jpg,https://farm4.staticflickr.com/3312/3328552968_0e3cf39737.jpg
Img_038_0965.jpg,https://farm9.staticflickr.com/8123/8614672619_9f365cc20e.jpg
Img_038_0966.jpg,https://farm8.staticflickr.com/7428/12763877174_0b5ed5888a.jpg
Img_038_0967.jpg,https://farm3.staticflickr.com/2826/12333958883_8b66025f6e.jpg
Img_038_0968.jpg,https://farm4.staticflickr.com/3690/12895487764_3c5350fbe6.jpg
Img_038_0969.jpg,https://farm8.staticflickr.com/7359/15747532464_20ecf1aaec.jpg
Img_038_0970.jpg,https://farm4.staticflickr.com/3791/13407719074_857aabdc06.jpg
Img_038_0971.jpg,https://farm5.staticflickr.com/4129/5223441309_f025a2b50e.jpg
Img_038_0972.jpg,http://postfiles9.naver.net/MjAxNzA0MjhfMjE0/MDAxNDkzMzUwNjI4NjQy.fFhnag4FDjKMoHxRy01FLbmka4jRNr6FApIwYmrUTK0g.OGfKBZ0BbD13ZdFvvHRGGgLorrh4Jqk_gbvVxvCG8Ugg.JPEG.kci_kci/%EA%B3%A0%EC%B6%94%EC%B4%9D%EA%B0%81%EA%B9%80%EC%B9%980014.JPG?type=w966
Img_038_0977.jpg,http://recipe.ezmember.co.kr/cache/recipe/2015/06/08/62d79ac74f1d143d655074bff9e9565c.jpg
Img_038_0978.jpg,http://img.dongwonmall.com/dwmall/static_root/model_img/main/590/59088_1_a.jpg
Img_038_0979.jpg,http://timg.danawa.com/prod_img/500000/169/533/img/1533169_1.jpg
Img_038_0980.jpg,http://img.ezmember.co.kr/cache/board/2013/06/05/a33a33c7dc2da66131df748fee410b55.jpg
Img_038_0981.jpg,http://www.kimchifam.com/shop/data/goods/1429851294338m0.jpg
Img_038_0982.jpg,http://postfiles3.naver.net/20121115_146/heeju001_13529769340578aTCF_JPEG/IMG_3482.JPG?type=w1
Img_038_0983.jpg,http://t1.daumcdn.net/thumb/R600x0/?fname=http://www.miz.co.kr/shopmall/prod_img/10/00031230.jpg
Img_038_0984.jpg,http://postfiles6.naver.net/20140423_69/dew36_1398179857027UgLt7_JPEG/1.jpg?type=w1
Img_038_0985.jpg,http://cfile5.uf.tistory.com/image/1622E5174CBA4C8064B02D
Img_038_0988.jpg,http://cfile6.uf.tistory.com/image/173BD43850A0C0D215ACF7
Img_038_0989.jpg,http://postfiles9.naver.net/20160404_40/sda2017_1459749475567W2EgW_JPEG/SAM_8563.JPG?type=w966
Img_038_0990.jpg,http://cfile211.uf.daum.net/image/2570F74852C14BDC2FC3F1
Img_038_0993.jpg,http://cfile7.uf.tistory.com/image/19259E384EA4FB4228E4BC
Img_038_0994.jpg,http://image.ec21.com/image/osewoo/oimg_GC04854545_CA04854561/Chonggak_Kimchi.jpg
Img_038_0995.jpg,http://postfiles14.naver.net/20141128_93/chaihyoun_1417135531555WpMeL_JPEG/1.%C0%CC%BD%C2%C3%B6_119.jpg?type=w1
Img_038_0996.jpg,http://cfile214.uf.daum.net/image/2646433A525FB62C374DD9
Img_038_0997.jpg,http://gohyangfood.com/data/item/1373612514_m
Img_038_0998.jpg,http://www.wellbeingchon.co.kr/upload/goods/b62042_choonggag03.jpg
Img_038_0999.jpg,http://recipe.ezmember.co.kr/cache/recipe/2015/04/23/c34769b589b0096c17b54233e2a6671c1_m.jpg
