Img_032_0001.JPG,http://blogthumb2.naver.net/20151023_180/julie7000_1445558467503cAqwr_JPEG/031.JPG?type=w2
Img_032_0003.jpg,http://postfiles2.naver.net/20110713_257/chaihyoun_1310549025258fOOS6_JPEG/0710_002.jpg?type=w1
Img_032_0004.jpg,http://postfiles10.naver.net/20110713_9/chaihyoun_1310549118242lE3Gu_JPEG/0710_003.jpg?type=w1
Img_032_0005.jpg,http://postfiles12.naver.net/20110713_235/chaihyoun_13105475955496mafh_JPEG/0710_060.jpg?type=w1
Img_032_0006.jpg,http://www.menupan.com/cook/cookimg/088000.jpg
Img_032_0008.jpg,http://cfile25.uf.tistory.com/image/12255D274C60E9D337A63B
Img_032_0009.jpg,http://cfile23.uf.tistory.com/image/1225D5494D6610571BDC74
Img_032_0010.jpg,http://cfile3.uf.tistory.com/image/124154334ED3785C15DF9F
Img_032_0011.jpg,http://recipe.ezmember.co.kr/cache/recipe/2016/10/24/1268469aa78cabc95597f383732f27801.jpg
Img_032_0013.jpg,http://cfile6.uf.tistory.com/original/150147434EA7469928AB45
Img_032_0015.jpg,http://cfile229.uf.daum.net/image/15717F50512C035F0D3AD0
Img_032_0016.jpg,http://recipe.ezmember.co.kr/cache/recipe/2015/06/19/160a0c6426a44b679942f582dc3fdb64_m.jpg
Img_032_0017.jpg,http://cfile221.uf.daum.net/image/164132494E8CD1BB14E10D
Img_032_0018.jpg,http://cfile236.uf.daum.net/image/184C4A474F82CDC10CECC3
Img_032_0020.jpg,http://cfile226.uf.daum.net/image/195DEC0F4A08CEE68947B2
Img_032_0022.jpg,http://blogthumb2.naver.net/20160206_225/kanggadin11_14547518015654nzp9_JPEG/20141012_085134.jpg?type=w2
Img_032_0025.jpg,http://postfiles13.naver.net/20160105_300/mijinkim80_1451920183869YLnbh_JPEG/2016-01-03_13.35.13-038.jpg?type=w2
Img_032_0026.png,http://postfiles7.naver.net/20160316_262/cjstktdbs_1458108366257u2VzT_PNG/20160316_112932.png?type=w966
Img_032_0029.jpg,http://cfile240.uf.daum.net/image/2121813F5390783905F13C
Img_032_0030.jpg,http://cfile230.uf.daum.net/image/213E084355EEDF033332E5
Img_032_0031.jpg,http://cfile224.uf.daum.net/image/2159383D55EEDD470C6957
Img_032_0032.jpg,http://cfile226.uf.daum.net/image/2101EC4155FACB4C17F681
Img_032_0033.jpg,http://cfile210.uf.daum.net/image/23171D4255EEDEBF1AD6B1
Img_032_0034.jpg,http://cfile238.uf.daum.net/image/2318A64655EEDD6927D4FC
Img_032_0035.jpg,http://cfile210.uf.daum.net/image/2319863F5390783B1679C6
Img_032_0037.jpg,http://cfile214.uf.daum.net/image/231E714555EEDEE5072A61
Img_032_0038.jpg,http://cfile201.uf.daum.net/image/24020E3F541E96D41CB5A9
Img_032_0039.jpg,http://cfile201.uf.daum.net/image/244E4A4155EEDF322E1640
Img_032_0041.jpg,http://cfile233.uf.daum.net/image/2570E34155FACB48232576
Img_032_0044.jpg,http://cfile218.uf.daum.net/image/267C9141539078FF1113FD
Img_032_0045.jpg,http://cfile211.uf.daum.net/image/271C5E3D5247EAC41DA14A
Img_032_0046.jpg,http://cfile2.uf.tistory.com/image/273468415278EA870CC347
Img_032_0047.jpg,http://cfile4.uf.tistory.com/image/27388935530B18CC04BBC9
Img_032_0048.jpg,http://cfile222.uf.daum.net/image/273BEB44521B07991E5813
Img_032_0049.jpg,http://img.ezmember.co.kr/cache/board/2011/10/31/3208a9c0aaa513c9d64c08917859b1bc.jpg
Img_032_0051.jpg,http://recipe.ezmember.co.kr/cache/recipe/2015/07/16/39729e7aa82f564e649e1445c2d30ca2.jpg
Img_032_0052.jpg,http://img.ezday.co.kr/cache/board/2008/07/02/4160e24f492721a226747bfc5fdf239d.jpg
Img_032_0053.jpg,http://recipe.ezmember.co.kr/cache/recipe/2015/11/09/478d1f679cfc86df2cc0aa3a80fbe5b01.jpg
Img_032_0055.jpg,http://cfs11.blog.daum.net/image/6/blog/2008/11/06/17/40/4912ad46baa9b
Img_032_0056.jpg,http://recipe.ezmember.co.kr/cache/recipe/2015/10/22/501a03626494cfb0fc2ef0e7d6fed347.jpg
Img_032_0060.jpg,http://recipe.ezmember.co.kr/cache/recipe/2015/07/06/5eed786ea917622f58f3a438eaa72b4b.jpg
Img_032_0061.jpg,http://img.ezmember.co.kr/cache/board/2015/01/29/5f317c11a21bbbb66cceb5274b4efdd0.jpg
Img_032_0062.jpg,http://img.ezday.co.kr/cache/board/2008/07/02/5fd15a6e8e314eed082e464837946687.jpg
Img_032_0064.jpg,http://img.ezday.co.kr/cache/board/2008/07/02/64b61b573403025375417961205f0103.jpg
Img_032_0065.jpg,http://recipe.ezmember.co.kr/cache/recipe/2015/11/09/69cc38c1358898c28533584a05fbad2e1.jpg
Img_032_0066.jpg,http://recipe.ezmember.co.kr/cache/recipe/2015/06/02/7177afdb59df51fae033e2e3c68fe15c1_m.jpg
Img_032_0067.jpg,http://img.ezmember.co.kr/cache/board/2011/12/07/836a7e0a5b85a04f00012449c847e37f.jpg
Img_032_0069.jpg,http://recipe.ezmember.co.kr/cache/recipe/2015/05/30/9665efcc51ae931b1ce1e421fe8795171.jpg
Img_032_0070.jpg,http://img.ezday.co.kr/cache/board/2008/07/02/96e732cf5e5415881fe1fe8b87961a46.jpg
Img_032_0071.jpg,http://4.bp.blogspot.com/-zqlTskCbZJ0/UKjL8kfzYRI/AAAAAAAA6Tc/ddmfZ9Ycnzg/s1600/C360_2012-11-18-12-54-10.jpg
Img_032_0072.jpg,http://img.mimint.co.kr/food/bbs/2014/11/14/DECUZMU6Y450GVGLDF8C.jpg
Img_032_0074.JPG,http://postfiles4.naver.net/20120110_211/sukha83_1326153221863HAFMR_JPEG/DSC02680.JPG?type=w2
Img_032_0075.JPG,http://3.bp.blogspot.com/-iDuINM5kWME/VSEBZWAR_YI/AAAAAAAACQk/ZcF-QezHdAo/s1600/DSC04351.JPG
Img_032_0076.JPG,http://postfiles14.naver.net/20120219_157/kneuf_1329657652037kCAQO_JPEG/DSCN1050.JPG?type=w2
Img_032_0077.jpg,http://postfiles7.naver.net/20121012_294/aldudcldud_1350006591925TwjNX_JPEG/IMGP1977_copy.jpg?type=w1
Img_032_0078.jpg,http://postfiles13.naver.net/20141015_252/mimi030630_1413362992076EH0Q8_JPEG/IMG_5646.jpg?type=w2
Img_032_0079.JPG,http://postfiles2.naver.net/20110914_161/heeju001_1315988218122HPlBV_JPEG/IMG_7931.JPG?type=w1
Img_032_0080.JPG,http://postfiles9.naver.net/20110914_24/heeju001_1315988245942xnuYc_JPEG/IMG_7936.JPG?type=w1
Img_032_0081.JPG,http://postfiles5.naver.net/20140923_212/aristata73_1411433764574k4noJ_JPEG/IMG_8924.JPG?type=w2
Img_032_0083.JPG,http://postfiles3.naver.net/20140923_258/aristata73_14114337779501NyPI_JPEG/IMG_8934.JPG?type=w2
Img_032_0084.jpg,http://postfiles5.naver.net/20150205_100/molly617_1423121200600zicH1_JPEG/KakaoTalk_20150125_191636862.jpg?type=w2
Img_032_0085.jpg,http://postfiles14.naver.net/20150205_125/molly617_1423121179206BPHoo_JPEG/KakaoTalk_20150125_191641213.jpg?type=w2
Img_032_0086.jpg,http://pds11.egloos.com/pds/200901/22/05/a0102805_4977dbace6b9d.jpg
Img_032_0089.jpg,http://recipe.ezmember.co.kr/cache/recipe/2015/03/12/a0d2f13fde6d7314237eff526d7ca9101_m.jpg
Img_032_0090.jpg,http://krcdn.ar-cdn.com/recipes/xlarge/a3245b60-dbe3-4a83-8438-f179b62a6b90.jpg
Img_032_0091.jpg,http://recipe.ezmember.co.kr/cache/recipe/2017/02/25/a35df9c1728a1e2938ff97fada5893421.jpg
Img_032_0092.jpg,http://recipe.ezmember.co.kr/cache/recipe/2016/07/14/a3635739962bc7c16c4104a8d163966f1_m.jpg
Img_032_0093.jpg,http://recipe.ezmember.co.kr/cache/recipe/2015/12/31/a988b5474ae7f5b9ce2f6f8ca3a3d83c1_m.jpg
Img_032_0094.jpg,http://recipe.ezmember.co.kr/cache/recipe/2015/05/31/a9f6d5b91a3bb1239ff41db110afd8ff1.jpg
Img_032_0095.jpg,http://img.ezmember.co.kr/cache/board/2014/10/29/b02a16843dc3aa8d454318fe1c4767a1.jpg
Img_032_0097.jpg,http://recipe.ezmember.co.kr/cache/recipe/2015/10/17/b4a746f44f496d1caf81c6e535a7d0c11_m.jpg
Img_032_0098.jpg,http://recipe.ezmember.co.kr/cache/recipe/2015/06/19/bddf41c090aeb1e8a9c5a3321a1ed226_m.jpg
Img_032_0099.jpg,http://recipe.ezmember.co.kr/cache/recipe/2015/06/03/bed48b72f7f8ec413eb77d2bb5903f741_m.jpg
Img_032_0101.JPG,http://postfiles9.naver.net/20151108_40/lhm624_1446993735462PMXc9_JPEG/20151107191532_IMG_4223_edit.JPG?type=w2
Img_032_0102.jpg,http://www.kccro.ro/sites/default/files/styles/large/public/field/image/IMG_6051.jpg
Img_032_0103.jpg,https://i.ytimg.com/vi/WCDYdjELVgQ/hqdefault.jpg
Img_032_0104.jpg,https://i.ytimg.com/vi/qTE4F70i8Ks/hqdefault.jpg
Img_032_0105.jpg,http://img.ezmember.co.kr/cache/board/2014/10/29/c23059abf83b7efe29869f4abeff921b.jpg
Img_032_0106.jpg,http://recipe.ezmember.co.kr/cache/recipe/2015/05/10/c5630f6154fe15bfd4227feb14d06b4a1.jpg
Img_032_0107.jpg,http://img.ezmember.co.kr/cache/board/2011/12/07/d17875c25ad298dc947cec0422501b3c.jpg
Img_032_0108.jpg,http://recipe.ezmember.co.kr/cache/recipe/2017/04/19/de927adb3efe18b51a673bf2c519e2a81.jpg
Img_032_0109.jpg,http://kimchimari.com/wp-content/uploads/2011/05/dsc_2168_386.jpg
Img_032_0110.jpg,http://recipe.ezmember.co.kr/cache/recipe/2015/06/03/e255c3c4409ba4f68600a9328c0ddc2e1_m.jpg
Img_032_0111.jpg,http://recipe.ezmember.co.kr/cache/recipe/2015/09/09/e4c95ef311344bf7fd85b0c29d3766811.jpg
Img_032_0112.jpg,http://recipe.ezmember.co.kr/cache/recipe/2015/09/09/e4c95ef311344bf7fd85b0c29d3766811_m.jpg
Img_032_0113.jpg,http://recipe.ezmember.co.kr/cache/recipe/2015/09/09/eab3a7f47f66307f2ccffd04508317001.jpg
Img_032_0114.jpg,http://blog.bethe1.co.kr/Up/LLSP/blog/editor/eunhwahaha/eunhwahaha_20120221160229_view.jpg
Img_032_0115.jpg,http://blog.bethe1.co.kr/Up/LLSP/blog/editor/eunhwahaha/eunhwahaha_20120221160238_view.jpg
Img_032_0116.jpg,http://blog.bethe1.co.kr/Up/LLSP/blog/editor/eunhwahaha/eunhwahaha_20120221160332_view.jpg
Img_032_0117.jpg,http://blog.bethe1.co.kr/Up/LLSP/blog/editor/eunhwahaha/eunhwahaha_20120221160352_view.jpg
Img_032_0118.jpg,http://blog.bethe1.co.kr/Up/LLSP/blog/editor/eunhwahaha/eunhwahaha_20120221160425_view.jpg
Img_032_0119.jpg,http://recipe.ezmember.co.kr/cache/recipe/2016/02/22/f5b2e25ac03bc60788e1467521901dea1_m.jpg
Img_032_0121.jpg,http://cfile5.uf.tistory.com/image/275AF84957E9441F28B3B5
Img_032_0122.jpg,http://img.ezday.co.kr/cache/board/blogex/2010/08/02/9fa446b3e50af409fab33d3b7e756a67.jpg
Img_032_0124.jpg,http://cfile25.uf.tistory.com/image/11079A4A4EE7D3922CACBD
Img_032_0125.jpg,http://cfile9.uf.tistory.com/image/1350324E4FD72CA21541AF
Img_032_0127.jpg,http://cfile22.uf.tistory.com/image/27471C3D580373371187B1
Img_032_0129.jpg,http://mblogthumb3.phinf.naver.net/20111108_26/uemjoa_1320688982482qJNp7_JPEG/071-1.jpg?type=w2
Img_032_0131.jpg,http://blogthumb2.naver.net/20160126_151/hnn888_14537813159291Fozb_JPEG/_MG_9326.JPG?type=w2
Img_032_0133.jpg,http://postfiles3.naver.net/20160606_242/sairapina63_14651930614588geGO_JPEG/016.JPG?type=w2
Img_032_0136.jpg,http://cfile26.uf.tistory.com/image/277DEF45584F917C17AE91
Img_032_0137.jpg,http://cfile3.uf.tistory.com/image/21477C4D546BB26A32BD45
Img_032_0138.jpg,http://cfile9.uf.tistory.com/image/266C893E591A4774065374
Img_032_0142.jpg,http://img.ezmember.co.kr/cache/board/2012/12/05/a6acb9d3ef5d494c4566ff6ff563d340.jpg
Img_032_0143.jpg,http://cfile25.uf.tistory.com/image/274AFE365863522529BCBB
Img_032_0144.jpg,http://mblogthumb1.phinf.naver.net/MjAxNzA1MjZfMjQ1/MDAxNDk1NzkzMTY1MjE4.Ug_0SY-04aZrqVKljTOjv4Hy7sY4nZZfcthtWzZ7l-4g.VQ0tGv9Wq4vLJFs1OJT7S5tk5oGT1JepsmZyLgOX3g0g.JPEG.damin0533/20170526_190248.jpg?type=w800
Img_032_0145.jpg,http://blogthumb2.naver.net/MjAxNjExMDRfODcg/MDAxNDc4MTg1MzQyNTkx._Uja6XQiqiFw4Z6Kx2UD2teCB1wKO7r4hvekbPPZWWEg.HO4lp8DKf8vSy5jtBwPlSlWsBo8ssbamKcVq7DslLBAg.JPEG.simsimehae11/%BF%E4%B8%AEP2720525.JPG?type=w2
Img_032_0149.jpg,http://postfiles16.naver.net/20101104_175/jykim575_1288868986805_ApJ9Mm_jpg/IMG_5185.jpg?type=w2
Img_032_0150.jpg,http://postfiles15.naver.net/MjAxNzA1MTdfMTcw/MDAxNDk0OTgwNTUwMjM1.LPYSBUPwpF7cremxdeFWMUAFcXXk0LB1JqM5AAc60h4g.54GZtsBYPknr4P1UWhJcf_Pgw08OBHpnGnhosAVNdrsg.JPEG.4320486/%EB%B0%B1%EC%A2%85%EC%9B%90_%EB%AC%B4%EC%83%9D%EC%B1%84_%2815%29.JPG?type=w1
Img_032_0151.jpg,http://cfile229.uf.daum.net/image/114F9E0C4B73562F64B865
Img_032_0152.jpg,http://cfile2.uf.tistory.com/image/2210E2475802E81C203F01
Img_032_0153.jpg,http://mblogthumb1.phinf.naver.net/20160504_76/missqt0909_1462370327418QEIcv_JPEG/10.jpg?type=w800
Img_032_0154.jpg,http://cfile239.uf.daum.net/image/152DBC45509847661F6537
Img_032_0155.jpg,http://recipe.ezmember.co.kr/cache/recipe/2015/06/18/3c3b03baa31b06a01e3feccd616cf7d2.jpg
Img_032_0156.jpg,http://postfiles7.naver.net/20130126_134/yaggo_21_1359160138930vRTvK_JPEG/%C5%EADSC_1.JPG?type=w2
Img_032_0157.jpg,http://img.ezday.co.kr/cache/board/2008/07/02/96e732cf5e5415881fe1fe8b87961a46.jpg
Img_032_0159.jpg,http://postfiles14.naver.net/MjAxNzA0MTFfNDcg/MDAxNDkxOTE2NTA5NzY3.knTBNfwhTHLf0AhMpsP4VJX26s_MxvMe-OJRQ8-AA6kg.dPKQu3iDnRTXEnX-Lidf7NXlHBZh-gb5nu4XphPdJiog.JPEG.crispynote/%EC%A0%9C%EB%AA%A9_%EC%97%86%EC%9D%8C-1.jpg?type=w966
Img_032_0160.jpg,http://cfile9.uf.tistory.com/image/261C8E4255E68EE81AA0F1
Img_032_0162.jpg,http://cfile21.uf.tistory.com/image/253CD43A56488B48147B37
Img_032_0163.jpg,http://postfiles2.naver.net/20151213_49/moonra84_1449994421488fcPCb_JPEG/DSC_0623.JPG?type=w966
Img_032_0164.jpg,http://recipe.ezmember.co.kr/cache/recipe/2015/06/08/08c718cca94d99f785a5b59fb409334f_m.jpg
Img_032_0165.jpg,http://recipe.ezmember.co.kr/cache/recipe/2015/05/10/c5630f6154fe15bfd4227feb14d06b4a1.jpg
Img_032_0166.jpg,http://recipe.ezmember.co.kr/cache/recipe/2016/08/03/5159f57c3c2158d4920c9d9961da9e8a1.jpg
Img_032_0167.jpg,http://recipe.ezmember.co.kr/cache/recipe/2015/05/30/9665efcc51ae931b1ce1e421fe8795171.jpg
Img_032_0168.jpg,http://mblogthumb4.phinf.naver.net/20151013_95/yja305_1444714564864IrWHi_JPEG/209.jpg?type=w2
Img_032_0169.jpg,http://cfile6.uf.tistory.com/original/150147434EA7469928AB45
Img_032_0170.jpg,http://recipe.ezmember.co.kr/cache/recipe/2015/06/19/160a0c6426a44b679942f582dc3fdb64.jpg
Img_032_0171.jpg,http://cfile2.uf.tistory.com/image/220FD946583AF2DD1CDE3D
Img_032_0172.jpg,http://www.82cook.com/imagedb/orig/2011/1012/145c5800879a489e.JPG
Img_032_0174.jpg,http://postfiles16.naver.net/MjAxNjExMjRfODIg/MDAxNDc5OTk2NDEyMTg4.RGFCxP5JeAZT__-N-K7WheTcdHaBURTASr1TB_Sge08g.bcx2CguWRLjMMbICW8HiKf6v_KF8L8zGrvWdHl1LPWAg.JPEG.nanumi_/%EB%B0%B1%EC%A2%85%EC%9B%90_%EB%AC%B4%EC%83%9D%EC%B1%841000.jpg?type=w966
Img_032_0175.jpg,http://cfile234.uf.daum.net/image/0277303851E8AB9E05A600
Img_032_0177.jpg,https://i.ytimg.com/vi/j7mAsecp3Zo/hqdefault.jpg
Img_032_0178.jpg,http://post.phinf.naver.net/MjAxNzA0MTRfMjU5/MDAxNDkyMTM0NDE3MDE3.feiThGefBCQzXovVKUVvzu0cwJ7KLJ3OuOSj_-nLOM8g.NGwUJ7tDwU7D5yO-TXSKU6OBcnX8h-kx7rJ8S-dcXdQg.JPEG/%EB%AC%B4%EC%83%9D%EC%B1%84_%EB%A0%88%EC%8B%9C%ED%94%BC_%281%29.jpg?type=w1200
Img_032_0179.jpg,http://cfile210.uf.daum.net/image/23171D4255EEDEBF1AD6B1
Img_032_0181.jpg,http://cfile30.uf.tistory.com/image/2221294F58FF434C209E54
Img_032_0182.jpg,http://img.ezmember.co.kr/cache/board/2015/02/26/77834f67d0fd52aa2c86bbcdc0be0ba7.jpg
Img_032_0184.jpg,https://i.ytimg.com/vi/A-g4PvztrFU/maxresdefault.jpg
Img_032_0185.jpg,http://blogthumb2.naver.net/20160310_36/dksmf2626_1457571385577XUgXr_JPEG/10%BA%D0%C0%CC%B8%E9_%B6%D2%B5%FC%C0%FD%C0%CF%C7%CA%BF%E4%BE%F8%C0%CC_%B9%AB%BB%FD%C3%A4_%B8%B8%B5%E5%B4%C2%B9%FD_%281%29.jpg?type=w2
Img_032_0186.jpg,http://cfile205.uf.daum.net/image/256EED44547528B223217F
Img_032_0187.jpg,http://recipe.ezmember.co.kr/cache/recipe/2016/10/24/04ec5044412077caafd127da131758931.jpg
Img_032_0188.jpg,http://gohyangfood.com/data/item/1381920461_l1
Img_032_0189.jpg,http://blog.haeorum.com/file_server/blog/postimg/upload2/201012031337265185.jpg
Img_032_0191.jpg,http://cfile214.uf.daum.net/image/144D43434EA427D21CDAA3
Img_032_0192.jpg,http://cfile236.uf.daum.net/image/184C4A474F82CDC10CECC3
Img_032_0196.jpg,http://cfile239.uf.daum.net/image/175B7D344E1C28852E930B
Img_032_0197.jpg,http://postfiles9.naver.net/MjAxNjEwMjRfOTYg/MDAxNDc3MjY4Mjc4ODEz.F31JKiTu9QwQH9hzd9v7AZ-L2sq8ZHOx_UcUrinNJBIg.FZ0E-5z4W1XkDGbAw31mpGYrYv7vkC6q6swlwL8F5IQg.JPEG.yja305/%EB%AC%B4%EC%83%9D%EC%B1%8414.jpg?type=w2
Img_032_0199.jpg,http://cfile30.uf.tistory.com/image/265B444F55E66F78219DF9
Img_032_0201.jpg,http://postfiles16.naver.net/MjAxNzA1MDVfMTI4/MDAxNDkzOTE2NTU0OTIy.iEFAXURKM-Mx45SGbIVPYwSifx9TbK-qteN710gkyGwg.O2FxNfI4MH9gKffjEWm9LrtxuRq19zUrxw7x7sx5O4Ig.JPEG.witchyoli/%EC%98%A4%EC%9D%B4%EB%AC%B4%EC%83%9D%EC%B1%84_%288%29.JPG?type=w1
Img_032_0202.jpg,https://i.ytimg.com/vi/9ojqBtnpn9k/maxresdefault.jpg
Img_032_0205.jpg,http://postfiles8.naver.net/MjAxNzA1MjNfMTc5/MDAxNDk1NDgyMDA5NzM3.iyp6zDB_ymrbARqZbnEJPN1GNmm6UAetONQkcAASAxMg.s6V0OdHU53LtRHQDPNcjZLsWXoOX1z9TUq9I-tNfOVkg.JPEG.jh2y3/%EB%AC%B4%EC%83%9D%EC%B1%84%EB%A7%8C%EB%93%A4%EA%B8%B0_%ED%8C%AC%EC%9D%B4%EB%A7%98_%2820%29.JPG?type=w1
Img_032_0207.jpg,http://cfile224.uf.daum.net/image/2159383D55EEDD470C6957
Img_032_0208.jpg,http://cfile6.uf.tistory.com/image/22033E4F57A9987232E189
Img_032_0209.jpg,http://postfiles3.naver.net/20160905_162/smartjisoo_1473030994025pqo8s_JPEG/20160905-000922-013.JPG?type=w966
Img_032_0210.jpg,http://mblogthumb3.phinf.naver.net/MjAxNjEyMjZfNTMg/MDAxNDgyNzE2NjA0NDg1.PA0jBMQxdwQMKw9ifVkrI7CslUFzGxpjWIcSNctQheMg.0DwAfDClmKmf39JtT9Hvdz2DPgBp2jot4VFL76rh1jMg.JPEG.dksmf2626/%EB%B0%91%EB%B0%98%EC%B0%AC%EB%A7%8C%EB%93%A4%EA%B8%B0%EB%AC%B4%EC%83%9D%EC%B1%84_%ED%99%A9%EA%B8%88%EB%A0%88%EC%8B%9C%ED%94%BC%2C%EB%AC%B4%EC%83%9D%EC%B1%84%EB%B9%84%EB%B9%94%EB%B0%A5%EA%B9%8C%EC%A7%80_%2823%29.jpg?type=w2
Img_032_0211.jpg,https://i.ytimg.com/vi/_CzEnPlPvk4/hqdefault.jpg
Img_032_0213.jpg,http://recipe.ezmember.co.kr/cache/recipe/2015/09/09/e4c95ef311344bf7fd85b0c29d3766811_m.jpg
Img_032_0214.jpg,http://mblogthumb4.phinf.naver.net/20150922_51/bdan9333_14428861141901HzXu_JPEG/IMG_5778.JPG?type=w2
Img_032_0215.jpg,http://img.ezmember.co.kr/cache/board/2014/12/12/3dc101166bbd1a1c906493e0b5aa1a87.jpg71,/김치/무생채/google_20171123_092119_000072.jpg
Img_032_0216.jpg,https://i.ytimg.com/vi/L0JIa54uqpY/hqdefault.jpg
Img_032_0217.jpg,http://cfile10.uf.tistory.com/image/113328334F647EDC16E4AE
Img_032_0218.jpg,https://i.ytimg.com/vi/YD0aqWRqF1M/maxresdefault.jpg
Img_032_0220.jpg,https://i.ytimg.com/vi/mNfO_O_XPAM/hqdefault.jpg
Img_032_0221.jpg,http://mblogthumb4.phinf.naver.net/20111112_275/uemjoa_1321093795100BsaQj_JPEG/423-1.jpg?type=w2
Img_032_0222.jpg,http://blogthumb2.naver.net/20140315_60/anny0332_139481156747739SHj_JPEG/iPhone_0.jpg?type=w2
Img_032_0225.jpg,http://blogthumb2.naver.net/20150202_13/soopia000_142287808840667cIY_JPEG/%B9%AB%BB%FD%C3%A4_copy.jpg?type=w2
Img_032_0226.jpg,http://post.phinf.naver.net/MjAxNzA1MTRfMjgy/MDAxNDk0NzYwNTI0MjI3.tomFFb0imJ5ldpWIjhH1IuKqBz7W61-BNomiI6lbwTAg.Hx7A-gluaBmRqAyM-55ibNoFdg13xFasxYYDmzXkfowg.JPEG/%EB%AC%B4%EC%83%9D%EC%B1%84-%EC%B1%84%EC%86%8C-%EA%B0%90%EC%9E%90%EC%A0%84_03.jpg?type=w1200
Img_032_0227.jpg,https://i.ytimg.com/vi/k157Bvs8apM/maxresdefault.jpg
Img_032_0228.jpg,http://cfile8.uf.tistory.com/image/1666213A4E801684195614
Img_032_0229.jpg,http://post.phinf.naver.net/MjAxNzA3MTlfNjEg/MDAxNTAwMzkxNjM4MjUw.2LIXUw8KtRW--p4XNk6E75lTIRN4MZl9IKmlsf0CIdcg.J7IzuV_0gSYLzMOLFm-7rN85sjwmCEbKX2NEDcd750kg.JPEG/%EB%AC%B4%EC%83%9D%EC%B1%84_%283%29.jpg?type=w1200
Img_032_0230.jpg,http://cfile207.uf.daum.net/image/2272CE3C5347A6F807029C
Img_032_0234.jpg,http://cfile4.uf.tistory.com/image/27444D37590878A0302ABC
Img_032_0235.jpg,http://blogthumb2.naver.net/20110315_257/fancycon_1300116555231pfYXz_JPEG/IMG_3252-20110309-050844_1.jpg?type=w2
Img_032_0236.jpg,http://mblogthumb2.phinf.naver.net/MjAxNjExMDNfMTIw/MDAxNDc4MTAzMTQ2MzY3.LgmLEbpNBEAE5F6-lI09gQeTD2MiOuPP4Qi3XMzUVssg.CN6Wwzw1_l3M76_MBaxkvlfz200JuSZ4awMKS6kZJ5cg.JPEG.jmn5026/%EB%AC%B4%EC%83%9D%EC%B1%84_%2818%29.JPG?type=w800
Img_032_0238.jpg,http://postfiles14.naver.net/MjAxNzA1MTdfMjIw/MDAxNDk0OTgwNTQ5ODA4.UwQeZtW1cGOhLFzrMA2yKivK7TVNwIKCRphQolXSq_Ug.vxy9V6ByqBjOZNQYwaleyrZRKNqhFTOB3n1FR6XczpQg.JPEG.4320486/%EB%B0%B1%EC%A2%85%EC%9B%90_%EB%AC%B4%EC%83%9D%EC%B1%84_%2812%29.JPG?type=w1
Img_032_0239.jpg,http://blogthumb2.naver.net/20151001_166/dlstj0430_1443676523799wcIcR_JPEG/DSC07683.JPG?type=w2
Img_032_0240.jpg,http://mblogthumb4.phinf.naver.net/20111104_279/haenamgoguma_1320371870932gEkuC_JPEG/PB010042.JPG?type=w2
Img_032_0241.jpg,http://cfile209.uf.daum.net/image/25476C3C52F0E8ED210FD0
Img_032_0243.jpg,http://postfiles12.naver.net/MjAxNzA1MTdfNjEg/MDAxNDk0OTgwNTQ2NzE0.NtRQSejOQCr-ZU2dONn_C6E3Lx_v8GGxzFaRRmyi2JYg.JTIsMlS6VuxRKZ1OfrgmpGaDau2FLl7lb0iacrSby2Ug.JPEG.4320486/%EB%B0%B1%EC%A2%85%EC%9B%90_%EB%AC%B4%EC%83%9D%EC%B1%84_%2819%29.JPG?type=w1
Img_032_0244.jpg,http://recipe.ezmember.co.kr/cache/recipe/2015/12/12/14b7f824b05437d420993427fbe0934c1.jpg
Img_032_0249.jpg,http://cfile202.uf.daum.net/image/200C3F3450AE4DB320981A
Img_032_0250.jpg,http://cfile25.uf.tistory.com/image/2160EF3F587C34DB2AD5B4
Img_032_0251.jpg,http://mblogthumb1.phinf.naver.net/MjAxNjEwMjhfMjg3/MDAxNDc3NjI0NTg2NTM4.69qpnIjICkIgiuO66uvx5RqMAJqbagiH9aqgc1ljZjwg.8YGs8hej4AB25LrkmLByx9sOsbtYx8hMp7KbFLqlvxcg.JPEG.amk109/20161005_173433.jpg?type=w800
Img_032_0254.jpg,http://cfile24.uf.tistory.com/image/2675AC3D539727DE119552
Img_032_0256.jpg,http://mblogthumb2.phinf.naver.net/20160930_245/onsaimiro111_1475166560890XCzLi_JPEG/%C3%A4%B1%EF%B5%CE%B1%E21.jpg?type=w2
Img_032_0258.jpg,http://postfiles12.naver.net/20151027_283/nightsho_1445875726074Navi4_JPEG/10.jpg?type=w1
Img_032_0259.jpg,http://img.ezday.co.kr/cache/board/2009/12/08/f15363b863abfd7c43a347084d420703.jpg
Img_032_0260.jpg,http://cfile219.uf.daum.net/image/1104BC444EAD50D60D25DB
Img_032_0261.jpg,http://mblogthumb3.phinf.naver.net/20140309_114/choikellya_1394370939074jYyXR_JPEG/%C0%DA%C3%EB%BB%FD_%B9%D8%B9%DD%C2%F9_%BB%F5%C4%DE%B4%DE%C4%DE_%B9%AB%BB%FD%C3%A4_%B8%C0%C0%D6%B0%D4_%B8%B8%B5%E5%B4%C2_%B9%E6%B9%FD_%2812%29.JPG?type=w2
Img_032_0265.jpg,http://postfiles9.naver.net/20110315_200/fancycon_1300120049969KNemM_JPEG/IMG_3251-20110309-050843.JPG?type=w1
Img_032_0266.jpg,http://cfile215.uf.daum.net/image/21147D3354692F7D104EA4
Img_032_0267.jpg,http://postfiles13.naver.net/20110713_140/chaihyoun_1310547280370Kf05p_JPEG/0710_047.jpg?type=w1
Img_032_0268.jpg,http://blog.bethe1.co.kr/Up/LLSP/blog/editor/eunhwahaha/eunhwahaha_20120221160229_view.jpg
Img_032_0271.jpg,http://img.momtalk.kr/info/2015/05/06/p01.jpg
Img_032_0273.jpg,https://img-global.cpcdn.com/013_recipes/44b0a910f8802193/751x532cq70/photo.jpg
Img_032_0274.jpg,http://blog.bethe1.co.kr/Up/LLSP/blog/editor/yja305/yja305_20121021201700_view.jpg
Img_032_0275.jpg,http://cfile1.uf.tistory.com/image/130B6D4B4F726B4D23A302
Img_032_0277.jpg,http://cfile4.uf.tistory.com/image/2155D936560387B516DC4E
Img_032_0278.jpg,http://postfiles8.naver.net/20121123_199/tomato2130_1353598973887mGWTr_JPEG/11.19-%B9%AB%BB%FD%C3%A4_%288%29.JPG?type=w1
Img_032_0279.jpg,http://cfile221.uf.daum.net/image/116B48354CDE84C80554E8
Img_032_0280.jpg,http://cfile227.uf.daum.net/R400x0/172CA31F4CCA019E228640
Img_032_0281.jpg,http://postfiles4.naver.net/20120211_195/totos1207_1328966910000A3sQ3_JPEG/%C2%EA%C0%AF%B4%DE%B0%BF%C1%B6%B8%B2-%C7%D6%C3%CA%C4%DA-%C7%F6%B9%CC%C2%FD%BD%D2%C6%CF%B6%B1_12.jpg?type=w1
Img_032_0282.jpg,http://t1.daumcdn.net/liveboard/wifetable/1eb1a162464a45d2914a89631ec65950.JPG
Img_032_0283.jpg,http://mblogthumb1.phinf.naver.net/20121116_268/cyancode_13530452976423fJkC_JPEG/1116039.JPG?type=w420
Img_032_0284.jpg,http://image.aafood.co.kr/image/upload/dz/x17k11va/13qu1441673432675.jpg
Img_032_0287.jpg,http://cfile238.uf.daum.net/R400x0/2174FB3A5496B0B91810B0
Img_032_0290.jpg,http://cfile9.uf.tistory.com/image/1316FA414D50681A1184F7
Img_032_0292.jpg,http://cfile221.uf.daum.net/image/164132494E8CD1BB14E10D
Img_032_0293.jpg,http://cfile214.uf.daum.net/image/162DB44B50A432C31A241F
Img_032_0295.jpg,http://mblogthumb2.phinf.naver.net/20150909_229/dntkdsla_1441758961550ihJ4t_JPEG/IMG_2232.JPG?type=w2
Img_032_0296.jpg,http://cfile10.uf.tistory.com/image/27028B4B50CE51C227C0C5
Img_032_0297.jpg,http://recipekorea.com/data/cheditor4/1606/aece496633cf0dd01c5de1d0eeb75afc_5pInE2DtDlOsGKzHF.jpg
Img_032_0298.jpg,http://cfs6.blog.daum.net/upload_control/download.blog?fhandle=MEVoTTJAZnM2LmJsb2cuZGF1bS5uZXQ6L0lNQUdFLzUvNTc4LmpwZy50aHVtYg==&filename=578.jpg
Img_032_0301.jpg,http://cfile229.uf.daum.net/image/15717F50512C035F0D3AD0
Img_032_0303.jpg,http://thumbnail.egloos.net/600x0/http://pds23.egloos.com/pds/201210/15/08/d0140808_507b888a9fe20.jpg
Img_032_0304.jpg,http://postfiles5.naver.net/20121226_4/elligi_1356495878920tiDBn_JPEG/%B9%AB%BB%FD%C3%A4%B8%B8%B5%E5%B4%C2%B9%FD__%BF%AC%BB%FD%B0%AD_%B3%D6%BE%EE_%B8%B8%B5%E7_%B9%AB%BB%FD%C3%A4%B3%AA%B9%B0_%283%29.JPG?type=w1
Img_032_0305.jpg,http://cfile214.uf.daum.net/image/1438E5144C6EE315215137
Img_032_0306.jpg,http://cfile27.uf.tistory.com/image/227BA04957FF2102158C16
Img_032_0307.jpg,http://cfile201.uf.daum.net/image/244E4A4155EEDF322E1640
Img_032_0309.jpg,http://www.kimchidalin.com/shop/data/goods/1437489939710m0.jpg
Img_032_0310.jpg,http://postfiles10.naver.net/20141015_105/mimi030630_1413362990239JV73r_JPEG/IMG_5638.jpg?type=w2
Img_032_0313.jpg,http://postfiles13.naver.net/20151226_76/jh660104_1451128392885bzewL_JPEG/IMG_4310.JPG?type=w1
Img_032_0314.jpg,http://postfiles12.naver.net/MjAxNzA0MjVfMjEz/MDAxNDkzMTEyNzA1Njc3.rQHKWlMM-YtCX2RbXJ00R0YprN6LzWaiHUg5RbywxmMg.Z7J48fCLRsQoBVbwwSXh6Bklo37h38bvLwdIx-SFvHEg.JPEG.xoxoqc/%EC%98%81%EB%9E%91%EB%8F%99%EC%86%8C%EC%98%81%EC%9D%B4%EB%84%A42711.JPG?type=w966
Img_032_0316.jpg,http://www.shinshine.com/.a/6a0120a58af6c6970c01a50ff34f13970c-450wi
Img_032_0317.jpg,https://scontent-iad3-1.cdninstagram.com/t51.2885-15/e35/c236.0.608.608/17818092_757437437750741_5344412923798224896_n.jpg
Img_032_0319.jpg,http://cfile227.uf.daum.net/image/19566C204BA089A153EC5E
Img_032_0320.jpg,http://recipekorea.com/data/cheditor4/1611/076d2070888a63dd6519479327839f62_KYwFYINVQt8S.jpg
Img_032_0346.jpg,http://postfiles8.naver.net/MjAxNzA1MjNfMTc5/MDAxNDk1NDgyMDA5NzM3.iyp6zDB_ymrbARqZbnEJPN1GNmm6UAetONQkcAASAxMg.s6V0OdHU53LtRHQDPNcjZLsWXoOX1z9TUq9I-tNfOVkg.JPEG.jh2y3/%EB%AC%B4%EC%83%9D%EC%B1%84%EB%A7%8C%EB%93%A4%EA%B8%B0_%ED%8C%AC%EC%9D%B4%EB%A7%98_%2820%29.JPG?type=w1
Img_032_0357.jpg,http://postfiles9.naver.net/20140401_40/fancycon_1396335399539hgWJL_JPEG/%B9%AB%BB%FD%C3%A4%B8%B8%B5%E5%B4%C2%B9%FD.JPG?type=w1
Img_032_0357.jpg,http://postfiles8.naver.net/20120626_87/woorim30_1340717820908Rhv5I_JPEG/%B9%AB%BB%FD%C3%A4%B8%B8%B5%E5%B4%C2%B9%FD1.jpg?type=w1
Img_032_0369.jpg,http://postfiles5.naver.net/20121226_4/elligi_1356495878920tiDBn_JPEG/%B9%AB%BB%FD%C3%A4%B8%B8%B5%E5%B4%C2%B9%FD__%BF%AC%BB%FD%B0%AD_%B3%D6%BE%EE_%B8%B8%B5%E7_%B9%AB%BB%FD%C3%A4%B3%AA%B9%B0_%283%29.JPG?type=w1
Img_032_0374.jpg,http://cphoto.asiae.co.kr/listimglink/6/2017101110492494062_1.jpg
Img_032_0378.jpg,http://cfile22.uf.tistory.com/image/15630F1049AE20D56DA9DE
Img_032_0383.jpg,http://blogfiles.naver.net/20151023_260/julie7000_1445558472092fwkw4_JPEG/027.JPG
Img_032_0384.jpg,http://postfiles4.naver.net/20151023_3/julie7000_1445558467958QWgCA_JPEG/052.JPG?type=w3
Img_032_0418.jpg,http://recipe.ezmember.co.kr/cache/recipe/2015/11/09/478d1f679cfc86df2cc0aa3a80fbe5b01.jpg
Img_032_0456.jpg,http://recipe.ezmember.co.kr/cache/recipe/2015/06/18/3c3b03baa31b06a01e3feccd616cf7d2.jpg
Img_032_0474.jpg,http://www.0433777.net/wp-content/uploads/2017/09/8cfbde159d4f8ddbb49036b36729f4eb1.jpg
Img_032_0509.jpg,http://postfiles12.naver.net/MjAxNjEwMjRfMTIg/MDAxNDc3MjY3ODEwNDc2.uKIAD9BfNcdBIc7MZ5Ryd2fqJLxksMOdIEbYdobmh4Yg.yP2lVkTUM3YJkJ1fh6M9ek4n3bAYgye_wPzmqkZcEh8g.JPEG.yja305/%EB%AC%B4%EC%83%9D%EC%B1%8411.jpg?type=w2
Img_032_0512.jpg,http://postfiles9.naver.net/MjAxNjEwMjRfOTYg/MDAxNDc3MjY4Mjc4ODEz.F31JKiTu9QwQH9hzd9v7AZ-L2sq8ZHOx_UcUrinNJBIg.FZ0E-5z4W1XkDGbAw31mpGYrYv7vkC6q6swlwL8F5IQg.JPEG.yja305/%EB%AC%B4%EC%83%9D%EC%B1%8414.jpg?type=w2
Img_032_0551.jpg,http://www.82cook.com/imagedb/orig/2012/0710/bb466b57a4092452.jpg
Img_032_0666.jpg,http://blog.bethe1.co.kr/Up/LLSP/blog/editor/eunhwahaha/eunhwahaha_20120221160425_view.jpg
Img_032_0750.jpg,http://postfiles13.naver.net/20160105_300/mijinkim80_1451920183869YLnbh_JPEG/2016-01-03_13.35.13-038.jpg?type=w2
Img_032_0763.jpg,http://cfile210.uf.daum.net/image/23171D4255EEDEBF1AD6B1
Img_032_0774.jpg,https://www.menupan.com/common/service/img_proxy.asp?src=http%3A%2F%2Fpostfiles4.naver.net%2F20130116_131%2Fbronnley79_1358317713063Adg8b_JPEG%2F124.jpg%3Ftype%3Dw1
Img_032_0783.jpg,http://blog.haeorum.com/file_server/blog/postimg/upload2/201012031337265185.jpg
Img_032_0793.jpg,http://blogthumb2.naver.net/MjAxNjEwMjFfMjQ0/MDAxNDc3MDEzOTI5NjU4.g-Cnt5rs0Uds0czv5-bcDoFm1lRsQzVwF-sy-yFHoiAg.qlFrXuLrShMtAwnJ2gKQNpB0I59cjA1GS6rdD1dMO7kg.JPEG.bluevirtue/DSC_0453.JPG?type=w2
Img_032_0795.jpg,http://postfiles2.naver.net/20160120_81/cio629_1453298610453QTwHM_JPEG/%B9%AB%BB%FD%C3%A4_%B3%AA%B9%B0%B9%DD%C2%F9_34.JPG?type=w966
Img_032_0803.jpg,http://postfiles1.naver.net/20121027_240/origan75_1351264648868Qerdp_JPEG/%B9%AB%BB%FD%C3%A4017.jpg?type=w1
Img_032_0880.jpg,http://postfiles8.naver.net/20140219_119/king940_1392807835723WKuxA_JPEG/%B9%AB%BB%FD%C3%A42.jpg?type=w2
Img_032_0884.jpg,http://blogfiles.naver.net/20151023_203/julie7000_1445558473338xwgaY_JPEG/065.JPG
Img_032_0896.jpg,http://blogthumb2.naver.net/20130102_17/cshee32_1357130485071dRQcT_JPEG/modify2012-12-18-002.jpg?type=w2
Img_032_0914.jpg,http://blog.bethe1.co.kr/Up/LLSP/blog/editor/eunhwahaha/eunhwahaha_20120221160238_view.jpg
Img_032_0945.jpg,http://postfiles13.naver.net/20140401_28/fancycon_1396363217518565Rg_JPEG/%B9%AB%BB%FD%C3%A4%B8%B8%B5%E5%B4%C2%B9%FDIMG_9626.JPG?type=w1
Img_032_0959.jpg,http://postfiles15.naver.net/20120326_174/abigail72_1332696037579r0wo8_JPEG/%C5%A9%B1%E2%BA%AF%C8%AF_P1460647.JPG?type=w1
Img_032_0968.jpg,http://postfiles2.naver.net/20110713_257/chaihyoun_1310549025258fOOS6_JPEG/0710_002.jpg?type=w1
Img_032_0992.JPG,http://blogthumb2.naver.net/20151023_180/julie7000_1445558467503cAqwr_JPEG/031.JPG?type=w2
Img_032_0994.jpg,http://postfiles2.naver.net/20110713_257/chaihyoun_1310549025258fOOS6_JPEG/0710_002.jpg?type=w1
Img_032_0995.jpg,http://postfiles10.naver.net/20110713_9/chaihyoun_1310549118242lE3Gu_JPEG/0710_003.jpg?type=w1
Img_032_0996.jpg,http://postfiles12.naver.net/20110713_235/chaihyoun_13105475955496mafh_JPEG/0710_060.jpg?type=w1
Img_032_0997.jpg,http://www.menupan.com/cook/cookimg/088000.jpg
Img_032_0999.jpg,http://cfile25.uf.tistory.com/image/12255D274C60E9D337A63B
