Img_037_0000.JPG,http://postfiles3.naver.net/20150604_178/ridiastory_1433362585127EYNPC_JPEG/003.JPG?type=w1
Img_037_0001.JPG,http://postfiles11.naver.net/20130702_90/chaihyoun_1372751327920fKBnu_JPEG/005.JPG?type=w1
Img_037_0002.JPG,http://postfiles7.naver.net/20150604_38/ridiastory_1433362585775wgncs_JPEG/006.JPG?type=w1
Img_037_0003.JPG,http://postfiles16.naver.net/20150604_95/ridiastory_1433362586321lRa1I_JPEG/008.JPG?type=w1
Img_037_0004.JPG,http://postfiles4.naver.net/20150604_259/ridiastory_1433362586564qjfwB_JPEG/009.JPG?type=w1
Img_037_0005.JPG,http://postfiles3.naver.net/20130702_242/chaihyoun_1372751329220GuQKb_JPEG/011.JPG?type=w1
Img_037_0006.jpg,http://postfiles11.naver.net/20130704_74/chaihyoun_1372922993012DpzvG_JPEG/012.jpg?type=w1
Img_037_0007.jpg,http://www.menupan.com/cook/cookimg/012900.jpg
Img_037_0008.jpg,http://postfiles14.naver.net/20130704_141/chaihyoun_1372921135087OObam_JPEG/013.jpg?type=w1
Img_037_0009.jpg,http://postfiles13.naver.net/20130704_124/chaihyoun_1372922943039zJjvC_JPEG/014.jpg?type=w1
Img_037_0010.JPG,http://postfiles11.naver.net/20150604_266/ridiastory_1433362584608uGSnt_JPEG/022.JPG?type=w1
Img_037_0011.JPG,http://postfiles2.naver.net/20150604_17/ridiastory_1433360510550lzTql_JPEG/023.JPG?type=w1
Img_037_0012.jpg,http://recipe.ezmember.co.kr/cache/recipe/2015/04/17/02417aa3053dd0dcc3e37790320896cc1.jpg
Img_037_0013.jpg,http://cfile30.uf.tistory.com/image/0245CF4851D4315C12AFC6
Img_037_0015.jpg,http://cfile236.uf.daum.net/image/0315994A518666301390B7
Img_037_0016.jpg,http://cfile231.uf.daum.net/image/0336234951866644078A9E
Img_037_0017.jpeg,http://park.org/Cdrom/Pavilions/Kimchi/035.jpeg
Img_037_0018.jpg,http://img.ezmember.co.kr/cache/board/2015/04/04/0830399616490fa19c94b47736667a85.jpg
Img_037_0019.jpg,http://recipe.ezmember.co.kr/cache/recipe/2015/06/10/0c8460bc09665b09c782cb64a9659edf1_m.jpg
Img_037_0020.jpg,http://recipe.ezmember.co.kr/cache/recipe/2017/04/06/0d644c1539f2865a337ee8b6270167a11.jpg
Img_037_0021.jpg,http://img.ezday.co.kr/cache/board/2010/11/25/0d6af088f83ba622d77f904ca3c0457f.jpg
Img_037_0022.jpg,http://recipe.ezmember.co.kr/cache/recipe/2015/06/08/0eb0a5ddd34f4bac50f7186e085d51d6_m.jpg
Img_037_0023.jpg,http://recipe.ezmember.co.kr/cache/recipe/2016/06/11/0fa68bca23900869d0d37c04780eb2a91_m.jpg
Img_037_0025.JPG,http://postfiles4.naver.net/20150417_275/iam2320_1429278177972zfSHH_JPEG/1.JPG?type=w3
Img_037_0025.JPG,http://postfiles9.naver.net/20140508_8/skinzoayo_1399533605879f4xkL_JPEG/1.jpg?type=w1
Img_037_0026.jpg,http://image.auction.co.kr/itemimage/10/dc/53/10dc538f25.jpg
Img_037_0027.jpg,http://cfile203.uf.daum.net/image/1170FF3F502305072266D9
Img_037_0028.jpg,http://cfile232.uf.daum.net/image/11755F314CD20D492C9117
Img_037_0029.JPG,http://img.ezday.co.kr/cache/board/2009/09/06/11eec88242f1bab3ba47f462690885f8.JPG
Img_037_0030.jpg,http://cfile214.uf.daum.net/image/1208B63F5023050902B468
Img_037_0031.jpg,http://cfile202.uf.daum.net/image/1217F0454F98846E1ECB80
Img_037_0032.jpg,http://cfile30.uf.tistory.com/image/1220DD394DAAED412378B7
Img_037_0033.jpg,http://cfile222.uf.daum.net/image/1221230D4BE369E814DB52
Img_037_0034.jpg,https://scontent.cdninstagram.com/t51.2885-15/s640x640/sh0.08/e35/12748370_488269374709216_1106265817_n.jpg?ig_cache_key=MTE5NzY1MTQ3MjQxODM3MDA2Nw%3D%3D.2
Img_037_0036.jpg,http://cfile203.uf.daum.net/image/140AA2454F98847323AF58
Img_037_0038.jpg,http://recipe.ezmember.co.kr/cache/recipe/2015/11/12/1440a448e13af33622ac11949f3fe3c61_m.jpg
Img_037_0039.jpg,http://img.ezmember.co.kr/cache/board/2012/05/24/14549437694d1773f20715f67af35f42.jpg
Img_037_0040.jpg,http://cfile2.uf.tistory.com/image/1454A30E49D821F3617CB4
Img_037_0041.jpg,http://wkiss.wikim.re.kr/data/board/kind/150223110409_2886734975_Qx2XN8AO.jpg
Img_037_0042.jpg,http://cfile217.uf.daum.net/image/1521230D4BE369E817DCEB
Img_037_0043.jpg,http://cfile22.uf.tistory.com/image/1554A30E49D821F25F3952
Img_037_0044.jpg,http://postfiles13.naver.net/20151102_156/kjo3132_1446433749990fsrRo_JPEG/16.jpg?type=w1
Img_037_0045.jpg,http://cfile23.uf.tistory.com/image/161D940C4BD1D82803B1CA
Img_037_0046.jpg,http://cfile207.uf.daum.net/image/1621230D4BE369E8189400
Img_037_0048.jpg,http://cfile4.uf.tistory.com/image/17142D244A4CCA3868A608
Img_037_0049.jpg,http://postfiles4.naver.net/20150417_275/iam2320_1429278177972zfSHH_JPEG/1.JPG?type=w3
Img_037_0049.jpg,http://postfiles9.naver.net/20140508_8/skinzoayo_1399533605879f4xkL_JPEG/1.jpg?type=w1
Img_037_0050.jpg,http://cfile10.uf.tistory.com/image/1771E2404FBDD53920FEF4
Img_037_0051.jpg,http://img.ezmember.co.kr/cache/board/2015/04/29/17de91ca2c39da5999ee6e7b423f4b22.jpg
Img_037_0052.jpg,http://cfile4.uf.tistory.com/image/18111E404FBDD53A02E240
Img_037_0054.jpg,http://recipe.ezmember.co.kr/cache/recipe/2015/06/08/199fd683c615bed8b19e305e149ac33c_m.jpg
Img_037_0056.jpg,http://postfiles5.naver.net/20160602_84/yoonjs3_1464869102895aXrDL_JPEG/2.jpg?type=w2
Img_037_0057.jpg,http://lh3.googleusercontent.com/-YeNwGKkpwQU/VWgHuvEmpTI/AAAAAAAAKFY/lFSZxE279eQ/s1600/2015-05-29-15-27-45_deco.jpg
Img_037_0058.jpg,http://cphoto.asiae.co.kr/listimglink/6/2016011415362756811_1.jpg
Img_037_0060.jpg,http://cfile233.uf.daum.net/image/2021230D4BE369E71319EA
Img_037_0061.jpg,http://cfile232.uf.daum.net/image/2048531E49D6F16A67B0B1
Img_037_0062.jpg,http://cfile3.uf.tistory.com/image/2054A30E49D821F05CDD23
Img_037_0064.jpg,http://cfile204.uf.daum.net/image/205CC93F5023050A39ED92
Img_037_0065.jpg,http://cfile215.uf.daum.net/image/2067730D4BDBE180533603
Img_037_0066.jpg,http://cfile233.uf.daum.net/image/206AD13F5023050827F5BE
Img_037_0068.jpg,http://recipe.ezmember.co.kr/cache/recipe/2015/10/30/21800e4fc37f06a4173cc6e4105507a11.jpg
Img_037_0069.jpg,http://cfile208.uf.daum.net/image/2211E549534D0FD30B3298
Img_037_0070.jpg,http://cfile22.uf.tistory.com/image/24771B4C53CD008F32FC25
Img_037_0071.jpg,http://cfile1.uf.tistory.com/image/23163F3B51EF2D840E1D93
Img_037_0072.jpg,http://cfile226.uf.daum.net/image/231E4D5055B753991A32D6
Img_037_0074.jpg,http://www.bc-coop.or.kr/board/data/cheditor4/1306/23QMuLaTY.jpg
Img_037_0075.jpg,http://cfile210.uf.daum.net/image/2433AC3B5379DCAB14ABE3
Img_037_0076.jpg,http://cfile223.uf.daum.net/image/24587E3B5379DCA92DB449
Img_037_0077.jpg,http://cfile226.uf.daum.net/image/2524FC49518666402E8C73
Img_037_0078.jpg,http://cfile234.uf.daum.net/image/25651A3B5379DCA71F240F
Img_037_0079.jpg,http://cfile203.uf.daum.net/image/26342E49518666420C6849
Img_037_0080.jpg,http://cfile4.uf.tistory.com/image/2653B23B51EF2D831B7218
Img_037_0081.jpg,http://cfile21.uf.tistory.com/image/270C8C3C522E357D173C52
Img_037_0082.jpg,http://cfile25.uf.tistory.com/image/2711A03C55653D1B1FAC4B
Img_037_0083.jpg,http://cfile229.uf.daum.net/image/274CE64F534D113D0FE599
Img_037_0085.png,http://ygmgmall.com/web/product/big/201504/27_shop1_123737.png
Img_037_0086.jpg,http://recipe.ezmember.co.kr/cache/recipe/2015/05/14/28c0e1b690ee07ea2f14c197ce78dc391.jpg
Img_037_0087.jpg,http://img.ezday.co.kr/cache/board/2010/11/25/2c844637228be81d63063d54dcab4907.jpg
Img_037_0088.jpg,http://recipe.ezmember.co.kr/cache/recipe/2017/05/12/2d94d2cbcb5625266a3fdca1c1a6d0491.jpg
Img_037_0089.jpg,http://recipe.ezmember.co.kr/cache/recipe/2015/06/08/2e540faa6352d5ca1f8c369bc1d7cbf8_m.jpg
Img_037_0090.jpg,http://recipe.ezmember.co.kr/cache/recipe/2015/05/06/378d2a9b454e8a761e9437de28581bc91_m.jpg
Img_037_0092.jpg,http://recipe.ezmember.co.kr/cache/recipe/2016/03/31/3e8b926d8c4fcc644df986389b0f475e1_m.jpg
Img_037_0093.jpg,http://recipe.ezmember.co.kr/cache/recipe/2015/06/08/44260baade7c3fdbe9fa6bb77515eea9_m.jpg
Img_037_0094.JPG,http://cfs11.blog.daum.net/image/10/blog/2008/04/23/12/57/480eb3a8cab51&filename=DSC_0002.JPG
Img_037_0096.JPG,http://www.homecuisine.co.kr/files/attach/images/140/819/018/852b2def145c076153f80bb50a451170_1.JPG
Img_037_0097.jpg,http://recipe.ezmember.co.kr/cache/recipe/2015/06/22/8fee984e3f761b0072e0f707a638b83a1.jpg
Img_037_0099.jpg,http://recipe.ezmember.co.kr/cache/recipe/2015/05/04/97a683a109a32591471369fe3dbc75121_m.jpg
Img_037_0100.JPG,http://www.homecuisine.co.kr/files/attach/images/140/819/018/99b983892094b5c6d2fc3736e15da7d1.JPG
Img_037_0101.JPG,http://www.homecuisine.co.kr/files/attach/images/140/819/018/99b983892094b5c6d2fc3736e15da7d1_3.JPG
Img_037_0103.jpg,http://img.ezday.co.kr/cache/board/2010/03/24/9fc1afe50fa74e3f8eddd971726c1ed9.jpg
Img_037_0104.jpg,http://postfiles10.naver.net/20150625_153/catha8411_1435159238991mP96y_JPEG/BDSC07152.jpg?type=w1
Img_037_0105.jpg,https://pbs.twimg.com/media/DAalMw_VoAAose4.jpg
Img_037_0106.JPG,http://postfiles4.naver.net/20160517_115/gno0910_14634474579505vfxn_JPEG/DSC01855.JPG?type=w966
Img_037_0107.JPG,http://postfiles5.naver.net/20160530_116/chdhfdl0525_1464613020883sR6du_JPEG/DSC02566.JPG?type=w966
Img_037_0108.JPG,http://postfiles7.naver.net/20160530_150/chdhfdl0525_1464613021802CS7JU_JPEG/DSC02577.JPG?type=w966
Img_037_0109.JPG,http://4.bp.blogspot.com/-zZnr35WjD_Y/VSDwh116pgI/AAAAAAAACPk/ddmG7ZNQc7U/s1600/DSC04005.JPG
Img_037_0111.jpg,http://postfiles5.naver.net/20100501_196/gutsugutsu_1272670596621_5y6q75_jpg/DSC_00000000006550.jpg?type=w2
Img_037_0112.JPG,http://postfiles3.naver.net/20130603_146/jsk3514_1370225296532EpbXb_JPEG/DSC_0411.JPG?type=w2
Img_037_0113.jpg,http://2.bp.blogspot.com/-2zkA6c95sKw/TlswJNCuPGI/AAAAAAAABfA/efqc96T89hE/w1200-h630-p-k-no-nu/DSC_1696+-+edited.jpg
Img_037_0114.jpg,http://postfiles6.naver.net/20140510_117/coacu327_1399648961575snEa2_JPEG/DSC_6545.jpg?type=w1
Img_037_0115.jpg,http://blogfiles.naver.net/20140708_47/torbangmalim_1404811188768shzun_JPEG/DSC_8737.jpg
Img_037_0116.jpg,http://postfiles13.naver.net/20140708_76/torbangmalim_1404811183870MYdO1_JPEG/DSC_8858.jpg?type=w1
Img_037_0117.jpg,http://postfiles5.naver.net/20160602_228/mimi030630_1464846513839wgfeu_JPEG/IMG_05585.jpg?type=w2
Img_037_0118.jpg,http://yeojoo.hansalim.or.kr/files/2013/06/IMG_1890.jpg
Img_037_0119.jpg,http://kor.theasian.asia/wp-content/uploads/IMG_2323.jpg
Img_037_0120.JPG,http://postfiles9.naver.net/20140820_248/dobneunbobae_1408463316909nH27z_JPEG/IMG_2445.JPG?type=w1
Img_037_0121.JPG,http://postfiles10.naver.net/20140820_41/dobneunbobae_1408463317667sUitn_JPEG/IMG_2463.JPG?type=w1
Img_037_0123.JPG,http://postfiles14.naver.net/20130412_157/heeju001_13657467254473pd4v_JPEG/IMG_9168.JPG?type=w1
Img_037_0124.JPG,http://postfiles3.naver.net/20130412_50/heeju001_1365746725544NLo5E_JPEG/IMG_9170.JPG?type=w1
Img_037_0125.jpg,https://www.everybunnyeats.com/wp-content/uploads/2016/09/OiSobagi.jpg
Img_037_0126.JPG,http://postfiles16.naver.net/MjAxNjEwMjNfMjIz/MDAxNDc3MjMzOTY1MTEy.oM5QKdWkRhQ4Xzdc8GYSFEwYBAKl9N0fo-yocuGpe3kg.BXb8slPTg0hPCNN6d7Hig9WnlJiGgiXJiQLmPpuGP_Ag.JPEG.tundusyou/P1440713.JPG?type=w966
Img_037_0127.JPG,http://postfiles8.naver.net/20140315_23/jazzroi_1394888687069en3eF_JPEG/P3159880.JPG?type=w1
Img_037_0128.JPG,http://postfiles8.naver.net/20160403_247/nodagilotto_14596600109520rdOm_JPEG/P4031510.JPG?type=w966
Img_037_0129.jpg,http://blogfiles.naver.net/20150721_61/wjdtj54_1437459014041XzoLc_JPEG/Pictures55.jpg
Img_037_0130.JPG,http://blogfiles.naver.net/20160612_154/akina1120_1465737115789CtHbY_JPEG/SAM_4548.JPG
Img_037_0131.jpg,http://pds21.egloos.com/pds/201310/07/13/a0100413_525219f34ac63.jpg
Img_037_0132.jpg,http://img.ezmember.co.kr/cache/board/2015/04/04/a393aee2a384bca727bc0334c0ca89fc.jpg
Img_037_0133.jpg,http://recipe.ezmember.co.kr/cache/recipe/2015/06/17/a58fcc2b84d72304aa3f97a1e395164a_m.jpg
Img_037_0135.jpg,http://recipe.ezmember.co.kr/cache/recipe/2015/05/14/b9847a3eb091ecb9b264cec89b1c18601.jpg
Img_037_0136.jpg,http://recipe.ezmember.co.kr/cache/recipe/2015/04/17/bb00ef48a4495bdd67067df568d900011.jpg
Img_037_0137.jpg,http://recipe.ezmember.co.kr/cache/recipe/2015/05/08/bdbf7c37893b2aacdda011637d4df8d91.jpg
Img_037_0138.jpg,http://cfile222.uf.daum.net/image/120C160D4AB10A8E924ECC
Img_037_0139.JPG,http://postfiles15.naver.net/20101228_270/king940_1293545912418PC1z7_JPEG/DSC_6991.JPG?type=w2
Img_037_0140.jpg,https://bbq016.files.wordpress.com/2015/03/ec98a4ec9db4ec868cebb095ec9db4_ecb9a0eca084ed8c90_eb8baceab180ecb09c_4.jpg
Img_037_0141.jpg,https://i.ytimg.com/vi/pFuf3HA6aXs/maxresdefault.jpg
Img_037_0142.jpg,http://4.bp.blogspot.com/-plwdr_gconE/TjkcwvqLzyI/AAAAAAAABGc/vPFP6E94mKQ/s400/salatalik+gimchi.jpg
Img_037_0143.jpg,http://img.ezmember.co.kr/cache/board/2012/05/02/c369a751945ab039d001e43d330b67bf.jpg
Img_037_0144.jpg,http://image.auction.co.kr/itemimage/c8/39/10/c83910815.jpg
Img_037_0146.jpg,http://recipe.ezmember.co.kr/cache/recipe/2015/07/06/cbb2ba0013283ec14cd2991bea0c137d_m.jpg
Img_037_0147.jpg,http://image.auction.co.kr/itemimage/cc/52/76/cc52767c3.jpg
Img_037_0148.jpg,http://pds11.egloos.com/pds/200904/20/74/d0036274_49ec18b1c92fc.jpg
Img_037_0151.jpg,http://recipe.ezmember.co.kr/cache/recipe/2015/05/27/d836cfc36035e36daad5ee11ba7fea2d1_m.jpg
Img_037_0152.jpg,http://recipe.ezmember.co.kr/cache/recipe/2017/05/12/da27b4988dad644c0304dda660b8ed1f1.jpg
Img_037_0153.jpg,http://recipe.ezmember.co.kr/cache/recipe/2015/11/12/db180523722204dded428702ad029ed51.jpg
Img_037_0154.jpg,http://recipe.ezmember.co.kr/cache/recipe/2015/06/13/e3bde5d42d4efb2f3c0aa269691178ea1.jpg
Img_037_0155.jpg,http://img.ezday.co.kr/cache/board/2010/11/25/e986a698709225bab44cb5eed9f86a39.jpg
Img_037_0156.jpg,http://recipe.ezmember.co.kr/cache/recipe/2015/06/19/ea394d9636aa4c2692c2b1e3eae9884f1_m.jpg
Img_037_0157.jpg,http://img.ezmember.co.kr/cache/board/2012/05/02/ec2a028b790338ac83ae6fc5d158be5a.jpg
Img_037_0158.jpg,http://img.ezday.co.kr/cache/board/2010/11/25/edeb57d03f17e4212454005152009928.jpg
Img_037_0160.jpg,http://img.ezday.co.kr/cache/board/2010/11/25/f22db69249160d788f87287325367406.jpg
Img_037_0161.jpg,http://recipe.ezmember.co.kr/cache/recipe/2015/11/12/f8b410b1222b9a9ed9be22414ece6f881.jpg
Img_037_0162.jpg,http://img.ezmember.co.kr/cache/board/2015/04/13/f9293d3f75eebd976a4492b1f814fefe.jpg
Img_037_0163.jpg,http://img.dongwonmall.com/dwmall/static_root/event_recipe/old_recipe/f_379142748.jpg
Img_037_0164.jpg,http://img.ezmember.co.kr/cache/board/2012/05/02/fb3115a6f4d345aa054dd964817276fe.jpg
Img_037_0166.jpg,https://farm4.staticflickr.com/3394/3508479011_4d2d2d240e.jpg
Img_037_0167.jpg,https://farm3.staticflickr.com/2913/14537179466_95a23918ab.jpg
Img_037_0168.jpg,https://farm4.staticflickr.com/3371/3509286086_f4e12d6474.jpg
Img_037_0169.jpg,https://farm6.staticflickr.com/5111/5830132977_eb0532353b.jpg
Img_037_0170.jpg,https://farm3.staticflickr.com/2438/3794190086_8bdf783b99.jpg
Img_037_0171.jpg,https://farm8.staticflickr.com/7261/6966056164_99f0e6e304.jpg
Img_037_0172.jpg,https://farm4.staticflickr.com/3094/3090911525_a5b8b80f9c.jpg
Img_037_0174.jpg,https://farm3.staticflickr.com/2546/5841702390_4a8bd94bd8.jpg
Img_037_0175.jpg,https://farm4.staticflickr.com/3106/2854158372_eb42a1c26d.jpg
Img_037_0176.jpg,https://farm9.staticflickr.com/8071/8274873902_11c7c501dc.jpg
Img_037_0177.jpg,https://farm3.staticflickr.com/2639/4014559026_0b10cf93e8.jpg
Img_037_0178.jpg,https://farm4.staticflickr.com/3753/12303882625_5f4fa6b1bd.jpg
Img_037_0179.jpg,https://farm9.staticflickr.com/8031/8066278846_5a98dcc5a0.jpg
Img_037_0180.jpg,https://farm3.staticflickr.com/2546/3739320973_a636406947.jpg
Img_037_0181.jpg,https://farm5.staticflickr.com/4032/4215328339_1825ee567a.jpg
Img_037_0182.jpg,https://farm5.staticflickr.com/4093/4786569194_397fbc3664.jpg
Img_037_0183.jpg,https://farm7.staticflickr.com/6059/6281657583_57439a3022.jpg
Img_037_0184.jpg,https://farm4.staticflickr.com/3383/3219759132_383441b834.jpg
Img_037_0185.jpg,https://farm4.staticflickr.com/3065/2598906737_cbb6acb81b.jpg
Img_037_0186.jpg,https://farm5.staticflickr.com/4109/5446322417_04c149392a.jpg
Img_037_0187.jpg,https://farm4.staticflickr.com/3615/4085052494_5a1495334a.jpg
Img_037_0188.jpg,https://farm6.staticflickr.com/5496/12317425033_b6088276f1.jpg
Img_037_0189.jpg,https://farm5.staticflickr.com/4015/4263028267_ae55d3f904.jpg
Img_037_0190.jpg,https://farm5.staticflickr.com/4126/5120809037_108bb8effe.jpg
Img_037_0191.jpg,https://farm2.staticflickr.com/1456/24781009355_07440dd43a.jpg
Img_037_0192.jpg,https://farm6.staticflickr.com/5184/5841702740_db7edfbe85.jpg
Img_037_0193.jpg,https://farm6.staticflickr.com/5259/5547886034_f735933a40.jpg
Img_037_0194.jpg,https://farm5.staticflickr.com/4147/4834064573_dd254f9fab.jpg
Img_037_0201.jpg,http://post.phinf.naver.net/MjAxNzA0MjNfNjMg/MDAxNDkyOTU3NDgyNzkx.2xmQ_xvaoQS2ptIX40vfSaTJ6w6aO7nhGtRINBUa8eIg.U13txQaAV5hRaw86AMHlSJMq7eT-znSbtA0QgQY4LQYg.JPEG/%EC%98%A4%EC%9D%B4%EA%B9%80%EC%B9%98DSC00009-003.jpg?type=w1200
Img_037_0202.jpg,http://cfile211.uf.daum.net/image/254FE24651C9A6AF04BD80
Img_037_0203.jpg,http://mblogthumb1.phinf.naver.net/MjAxNzA1MDlfMTI1/MDAxNDk0MjU1Nzg3MzA1.thXw_xUANU6gpueSGU_KD0L2JSERCGqwOzkWYbl9u_Eg.dnOPafIYF_WiVYIOd_oDeEBB6ZG7jT_sXupcTLe2abMg.JPEG.848304/13.JPG?type=w800
Img_037_0204.jpg,http://www.ecoop.or.kr/union/FileUpload/General/864_1.jpg
Img_037_0206.jpg,http://cfile25.uf.tistory.com/image/2160CB3D590F32430EB5E7
Img_037_0207.jpg,http://postfiles13.naver.net/20150617_220/mesooo_1434528117386VEeUu_JPEG/%BF%C0%C0%CC%BC%D2%B9%DA%C0%CC25.jpg?type=w1
Img_037_0208.jpg,http://cfile23.uf.tistory.com/image/253D4E4E590D3FCD2FBE77
Img_037_0209.jpg,http://img.ezmember.co.kr/cache/board/2015/04/04/a393aee2a384bca727bc0334c0ca89fc.jpg
Img_037_0210.jpg,https://scontent.cdninstagram.com/t51.2885-15/s320x320/e35/18161477_448682035481693_5136112932702126080_n.jpg
Img_037_0211.jpg,http://gdimg.gmarket.co.kr/867145651/still/300
Img_037_0212.jpg,https://pbs.twimg.com/media/DAalMw_VoAAose4.jpg
Img_037_0218.jpg,http://postfiles4.naver.net/MjAxNzA1MDZfMjgx/MDAxNDk0MDc2OTE4NjUz.KUt_OAdQN_97qCAD-x6hsADNi_BLZrdBBKTiPXcqINIg.my2tVIQlxJts01yvaKaEmns1CKlKCNTOyLHSyJdMSkAg.JPEG.qydqydqydqyd/DSC_6783.JPG?type=w966
Img_037_0222.jpg,http://mblogthumb4.phinf.naver.net/MjAxNzAzMzBfMTE3/MDAxNDkwODgxNjg0MTY2.GcD9L7dQ4jQko90TskN1e-PY9gs_YqGhYRyf_j58ckIg.wun6e76V1f3hKCVigfk61zaXMW43zbzPHqOKnV5VbPAg.JPEG.iam2320/1.JPG?type=w2
Img_037_0223.jpg,http://mblogthumb1.phinf.naver.net/MjAxNzA0MTJfMTA0/MDAxNDkxOTYxNjQ4OTUw.v7MSGQyPembDQZ5wckLpvhvNGSsSCPLlB-K_S4WweJ0g.6zxjSjFh0Sla5OIWj5VXvL20pPgYY5kY-llc6TR2fgsg.JPEG.valueyey/%EC%98%A4%EC%9D%B4%EC%86%8C%EB%B0%95%EC%9D%B4_%EB%8B%B4%EB%8A%94%EB%B0%A9%EB%B2%95.JPG?type=w800
Img_037_0228.jpg,http://cfile4.uf.tistory.com/image/135948114C0BAA9D39B7A3
Img_037_0229.jpg,http://cfile27.uf.tistory.com/image/2566104559183B4E244841
Img_037_0231.jpg,http://www.woollimcoop.org/files/2017/07/19/b96562eec771d6acc73be5c9bc0f5652160546.jpg
Img_037_0233.jpg,http://cfile28.uf.tistory.com/image/26761E4253E42FDA1BF36B
Img_037_0234.jpg,http://mblogthumb2.phinf.naver.net/20160509_245/real5030_1462764797722VYfqC_JPEG/05344.jpg?type=w800
Img_037_0235.jpg,http://www.sekwangfood.com/cgi/upload/product/20161024103925_s.jpg
Img_037_0236.jpg,http://mblogthumb3.phinf.naver.net/MjAxNzA0MjBfMTQy/MDAxNDkyNjQzODAyMzM3.fvJqS1GN012E_EUlC2wi7660JewHb7h5XyLlsyXeWX4g.9PGIS1O6mcVlIl5dxk91dFOTrxeaxTa2EgCR-LfUNEog.JPEG.jsk3514/DSC_1056.JPG?type=w2
Img_037_0238.jpg,http://postfiles9.naver.net/MjAxNzAzMTZfMzMg/MDAxNDg5NjQ2NDY4MTcz.TwFyUTK2p7irsQa4C00fQV2jda6DHex96J70376Np74g.yhjqXL1Lrb6DuaGu_wYgO6tJQXx3XLg1gAuexFZv1Vsg.JPEG.ran0014/IMG_3321.JPG?type=w966
Img_037_0240.jpg,http://post.phinf.naver.net/20160903_190/1472869502024fIgGy_JPEG/IMG_2109.JPG?type=w1200
Img_037_0241.jpg,http://postfiles3.naver.net/MjAxNjEwMjNfMjAy/MDAxNDc3MjM0MDMxMDMx.0rwsau5K9umQPnw8LfUK-EEYx_b2QUqbvQ25KPW4RzMg.LkXHZWVKYLGw5oIeu5b_2x4VrYE1A1C1MaeMmKD5-Kcg.JPEG.tundusyou/P1440710.JPG?type=w966
Img_037_0242.jpg,http://mblogthumb3.phinf.naver.net/20160628_154/pookybebe_1467109207875Uhngg_JPEG/DSC05654.JPG?type=w800
Img_037_0243.jpg,http://cfile5.uf.tistory.com/image/235D174B557F90E62CE0CF
Img_037_0244.jpg,https://homecuisine.co.kr/files/attach/images/140/976/051/47c47d18ae487e06556b81b5eebcebee.JPG
Img_037_0245.jpg,http://cfile1.uf.tistory.com/image/266EBB40556AD06D0F08A1
Img_037_0246.jpg,http://cfile222.uf.daum.net/image/120C160D4AB10A8E924ECC
Img_037_0248.jpg,http://postfiles7.naver.net/MjAxNzA0MjJfMTg2/MDAxNDkyODQxNjA5NzQx.dzjkTsgxlgYmcTiqGrpzJWrsXFhNxqeVtRrMbRcWIG0g.xEA-uxFeVNwG1mnwvltDePcO-vJg9nzQwY7zRjMpPkEg.JPEG.first0720/5.JPG?type=w966
Img_037_0249.jpg,http://post.phinf.naver.net/MjAxNzA2MTVfMjEx/MDAxNDk3NTE0MzI3ODAx.lKlG6aInTj23JGkqkmpMhcL_TSU3Abkbx66Dlsvaz4Ug.-5IiPjKkoDa7unasYQyD63zA-Qa9KQYFoyJrL-3FX58g.PNG/%EC%98%A4%EC%9D%B4%EC%86%8C%EB%B0%95%EC%9D%B4_%ED%8F%AC%EC%8A%A4%ED%8B%B0.png?type=w1200
Img_037_0250.jpg,http://cfile25.uf.tistory.com/image/2711A03C55653D1B1FAC4B
Img_037_0251.jpg,http://mblogthumb3.phinf.naver.net/MjAxNzA1MDVfNjAg/MDAxNDkzOTkzMjY5NDM2.x6N6GlMfbtoKHA9u-nSBPHBWzKVSBD6cE-i7JuhATfAg.tgEMXQWi4tuijxWgR_piF4ExK7-Ar6Go4EwUEIz6qKUg.PNG.unmix/30.png?type=w800
Img_037_0253.jpg,http://recipe.ezmember.co.kr/cache/recipe/2015/06/17/a58fcc2b84d72304aa3f97a1e395164a_m.jpg
Img_037_0254.jpg,http://recipe.ezmember.co.kr/cache/recipe/2015/06/05/0e2e3c5519a6cb52fed5297ad4121c05_m.jpg
Img_037_0255.jpg,http://postfiles15.naver.net/MjAxNzAzMjlfMTEz/MDAxNDkwNzQ3NTcxODU1.qJqH_8PBP8UVfby7WObkw4W4y4_f3Z8iCMTZw6f-nv4g.hR9RQaUCst0d0GGXrT-iDlJYPUxlgie0KyKKu6Z8BYIg.JPEG.glorytogod7/%EC%98%A4%EC%9D%B4%EC%86%8C%EB%B0%95%EC%9D%B4_%2825%29.JPG?type=w1
Img_037_0256.jpg,http://recipe.ezmember.co.kr/cache/recipe/2015/05/08/bdbf7c37893b2aacdda011637d4df8d91.jpg
Img_037_0257.jpg,http://recipe.ezmember.co.kr/cache/recipe/2015/06/08/67160a9d47478553b9f6c7f8068391fc.jpg
Img_037_0258.jpg,http://postfiles4.naver.net/20150417_275/iam2320_1429278177972zfSHH_JPEG/1.JPG?type=w3
Img_037_0258.jpg,http://postfiles9.naver.net/20140508_8/skinzoayo_1399533605879f4xkL_JPEG/1.jpg?type=w1
Img_037_0259.jpg,http://pds26.egloos.com/pds/201310/07/13/a0100413_525219ef0f3ab.jpg
Img_037_0260.jpg,http://recipe.ezmember.co.kr/cache/recipe/2015/10/30/7b4fbaeefc01282c31948fdd524d416e1.jpg
Img_037_0262.jpg,http://cfile10.uf.tistory.com/original/110BA4394EA5133737287C
Img_037_0263.jpg,http://cfs16.tistory.com/image/22/tistory/2010/05/07/10/23/4be36b8140c0f
Img_037_0265.jpg,http://img.ezmember.co.kr/cache/board/2012/05/02/230fbd55cef2e81c6f221affea2dfa9b.jpg
Img_037_0267.jpg,http://blogthumb2.naver.net/20150619_91/cymaker77_1434700946106bfU07_JPEG/%BF%C0%C0%CC%BC%D2%B9%DA%C0%CC_%281%29.jpg?type=w2
Img_037_0268.jpg,http://recipe.ezmember.co.kr/cache/recipe/2017/04/06/0d644c1539f2865a337ee8b6270167a11.jpg
Img_037_0269.jpg,http://cfile26.uf.tistory.com/image/26092A505577C82E2A9656
Img_037_0270.jpg,http://postfiles5.naver.net/data25/2007/6/24/212/6-banana365.jpg?type=w1
Img_037_0272.jpg,http://cfile229.uf.daum.net/image/274CE64F534D113D0FE599
Img_037_0273.jpg,http://mblogthumb4.phinf.naver.net/MjAxNzAyMTVfMTYy/MDAxNDg3MTIyNzAwNzk5.c2xvFGXeVWveawDjbjrLPMv6wTEDhB1lJm03NwxMfpog.Odo0nbLfhWP4FN_BRzSAbTp0EeLQfCAOf9cJuNf5448g.JPEG.momo37350/%EC%98%A4%EC%9D%B4%EC%86%8C%EB%B0%95%EC%9D%B4%EC%99%80_%EA%B9%BB%EC%9E%8E%EA%B9%80%EC%B9%98_%EB%A7%8C%EB%93%9C%EB%8A%94%EB%B2%9510.JPG?type=w800
Img_037_0274.jpg,http://mblogthumb1.phinf.naver.net/MjAxNzA0MDRfMjEw/MDAxNDkxMzE2NzEzOTUw.pvsjMhev6TqIxbcMr8Yh5P4Pda4AEHISuTed6z7oxaQg.bfDGmQFWR1ZE2HtqcCZwo_I99hZEERnvYmMUA2WVB5cg.JPEG.h3hmym/P1240419.JPG?type=w800
Img_037_0275.jpg,http://recipe.ezmember.co.kr/cache/recipe/2016/06/18/9efc001d7a5565f6930ebf7c7b0420391.jpg
Img_037_0277.jpg,http://roundkitchen7.co.kr/web/upload/NNEditor/20150803/001.%EA%B9%80%EC%B9%98%EB%A5%98-%EC%98%A4%EC%9D%B4%EC%86%8C%EB%B0%95%EC%9D%B43_shop1_220236.jpg
Img_037_0279.jpg,http://postfiles13.naver.net/20110517_76/aaej0521_1305594528809mBUvj_JPEG/rew1_3525.jpg?type=w2
Img_037_0280.jpg,http://img1.ezday.co.kr/cache/board/2011/05/09/648c432ed8a7205e637126dc6307b6ce.jpg
Img_037_0282.jpg,http://mblogthumb4.phinf.naver.net/20160418_91/bomool5074_146090995823195PO0_JPEG/20150519_231354.jpg?type=w800
Img_037_0283.jpg,http://mblogthumb1.phinf.naver.net/20140421_292/who0308_1398026991530VgJvL_JPEG/2014-03-19_003_024.JPG?type=w2
Img_037_0286.jpg,http://cfile3.uf.tistory.com/image/24730F4158AE268E24C67B
Img_037_0288.jpg,http://img.ezday.co.kr/cache/board/2010/11/25/f22db69249160d788f87287325367406.jpg
Img_037_0290.jpg,https://i.ytimg.com/vi/5rfGeVeeghc/maxresdefault.jpg
Img_037_0292.jpg,http://park.url.ph/xe/files/attach/images/133/363/001/98cb8e310c826a6ece455175b3214047.jpg
Img_037_0294.jpg,http://cfile7.uf.tistory.com/image/266E3C345965749812877F
Img_037_0296.jpg,http://mblogthumb2.phinf.naver.net/MjAxNzA0MjVfMTAx/MDAxNDkzMTI1NDg1NzE5.NuH76PoZr9USmtUVR-dZDtRpK27AU1bjVQ0wvAguSe8g.lNSoNggdBCL2KX5p2PKTf4kfTp2tmN5X6lVthsu4uvkg.JPEG.jangmars/IMG_4045_1.jpg?type=w2
Img_037_0297.jpg,http://postfiles6.naver.net/MjAxNzA0MjNfMjg2/MDAxNDkyOTU3MzYxNjU1.arSoCYd72-3XYuBIUAjKWf4HeAQEYtG482zjLdFxGNUg.rojWSpqJVCOS3NOuPdIQ8Uahw8pfp1rKSYEBFG5vxYog.JPEG.pyoun0181/%EC%98%A4%EC%9D%B4%EA%B9%80%EC%B9%98DSC_2856-010.jpg?type=w966
Img_037_0298.jpg,http://mblogthumb4.phinf.naver.net/MjAxNzA0MDRfMjQ1/MDAxNDkxMzE2NzEzNzcw.MSj2dm3q8hrHDc_yr34R7yuXzl8h-nYqyrdP3fDWjVYg.wIbnbOPX69EYcDidih8Aq-UCs5IDwTg6LvqTETNpcV0g.JPEG.h3hmym/P1240414.JPG?type=w800
Img_037_0299.jpg,http://cfile27.uf.tistory.com/image/22745C4B535A14C80AC09A
Img_037_0300.jpg,http://cfile3.uf.tistory.com/image/250C5C4F57885B84078B9C
Img_037_0302.jpg,http://cfile6.uf.tistory.com/image/21640D33573A9D4C0F3C89
Img_037_0303.jpg,https://i2.wp.com/jisik.4modoo.com/wp-content/uploads/2015/06/%EC%84%9C%EB%B6%80%EB%86%8D%EC%82%B0-%EC%9D%B4%EB%8B%B4%EC%B1%84-%EA%B9%80%EC%B9%98-%EC%98%A4%EC%9D%B4-%EC%86%8C%EB%B0%95%EC%9D%B4-1024x576.jpg
Img_037_0304.jpg,http://www.hyangmifood.com/data/tntshop1/img_tiny/1/41_gs_img_so.jpg
Img_037_0305.jpg,https://scontent-lga3-1.cdninstagram.com/t51.2885-15/s640x640/sh0.08/e35/c0.135.1080.1080/19436654_1923702054578413_7539091746915876864_n.jpg
Img_037_0307.jpg,http://postfiles5.naver.net/20150602_52/nightsho_1433177350909bcvv5_JPEG/61.jpg?type=w1
Img_037_0308.jpg,https://i.ytimg.com/vi/wWLKGWNAPuE/maxresdefault.jpg
Img_037_0310.jpg,http://pds11.egloos.com/pds/200904/20/74/d0036274_49ec18b1c92fc.jpg
Img_037_0312.jpg,http://mblogthumb1.phinf.naver.net/20160427_88/hanaro7755_1461760828492Hu1gn_JPEG/%BF%C0%C0%CC%BC%D2%B9%DA%C0%CC_%C8%B2%B1%DD%B7%B9%BD%C3%C7%C7.jpg?type=w800
Img_037_0314.jpg,http://postfiles6.naver.net/MjAxNzA0MTdfMTQz/MDAxNDkyMzk5MzgxMjE4.2ffXwnxtDbmJVtaIPSKgaL2g6rgvCJ690-pieI0Onucg.hurPsJTTPWcYiet0YWv3Ve2dc7uJe1VUa1Tm0P-ZzdAg.PNG.mevictory/DSC01766.png?type=w966
Img_037_0315.jpg,http://cfile29.uf.tistory.com/image/167487474F7F8F331B6464
Img_037_0316.jpg,http://cfile8.uf.tistory.com/image/270C8448593AD5812ECE4E
Img_037_0317.jpg,http://cfile4.uf.tistory.com/image/2312054F578786DA29A7F9
Img_037_0318.jpg,http://www.kb80kimchi.com/upload/demo/shopimage/01300000000000000014M.jpg
Img_037_0319.jpg,http://img.ezmember.co.kr/cache/board/2013/11/01/1c173159a575b40ae6f9a291db236acc.jpg
Img_037_0321.jpg,http://mblogthumb1.phinf.naver.net/20140621_240/asy138873_14033028735819VW9J_JPEG/1403301288651.jpg?type=w2
Img_037_0323.jpg,http://blogthumb2.naver.net/20160422_151/rbflrbflrbfl_146128664052344jDo_JPEG/KakaoTalk_20160422_094841173.jpg?type=w2
Img_037_0324.jpg,http://cfile6.uf.tistory.com/image/250A024B593403A0012FE3
Img_037_0325.jpg,http://news20.busan.com/content/image/2017/06/15/20170615000196_0.jpg
Img_037_0326.jpg,http://cfile223.uf.daum.net/image/185AF1474E4B0BA91EE00A
Img_037_0327.jpg,http://postfiles10.naver.net/20100914_217/leekeumok_12844492682892SBqu_JPEG/12.jpg?type=w1
Img_037_0334.jpg,http://mblogthumb4.phinf.naver.net/20130605_15/vnflwldk27_1370422092444m0tAn_JPEG/IMG_7383.JPG?type=w2
Img_037_0337.jpg,http://blogthumb2.naver.net/20120526_61/godqhr0048_1338032830192E35Q9_JPEG/%BF%E4%B8%AE_2693.jpg?type=w2
Img_037_0338.jpg,http://blogthumb2.naver.net/20160406_129/pinkcand01_1459933293105WeK3d_JPEG/DSC_9334.JPG?type=w2
Img_037_0339.jpg,https://i.ytimg.com/vi/6RrWeJ4SB9Q/hqdefault.jpg
Img_037_0340.jpg,http://www.mosanfs.co.kr/web/product/big/201608/38_shop1_520971.jpg
Img_037_0342.jpg,http://woollimcoop.org/files/2017/07/20/5d4c31829a09c5a294255cec46ab4def091806.jpg
Img_037_0343.jpg,http://cfile4.uf.tistory.com/image/03126135515F0BDE047706
Img_037_0346.jpg,http://mblogthumb4.phinf.naver.net/20160528_163/tiritira_1464364485533mmj4E_JPEG/%BF%C0%C0%CC%BC%D2%B9%DA%C0%CC_%2873%29.JPG?type=w2
Img_037_0347.jpg,http://mblogthumb4.phinf.naver.net/20150706_299/wlsdk18674_1436157163441Khgdf_JPEG/IMG_9758_%BA%B9%BB%E7.jpg?type=w2
Img_037_0348.jpg,https://s-media-cache-ak0.pinimg.com/originals/64/54/09/645409f7d9517340599772408e893fa9.jpg
Img_037_0349.jpg,http://img.ezday.co.kr/cache/board/2010/11/25/edeb57d03f17e4212454005152009928.jpg
Img_037_0350.jpg,http://pds21.egloos.com/pds/201107/22/98/a0108198_4e2842b5ba0bb.jpg
Img_037_0353.jpg,http://mblogthumb2.phinf.naver.net/20160603_297/mydotza_1464913365936WhxKd_JPEG/KakaoTalk_20160531_173308027.jpg?type=w2
Img_037_0355.jpg,http://pds26.egloos.com/pds/201306/26/67/a0093967_51ca6bc8a130a.jpg
Img_037_0357.jpg,http://cfile29.uf.tistory.com/image/152EA2044CBEEA7D12AEBA
Img_037_0358.jpg,http://postfiles13.naver.net/20100813_188/chaihyoun_12816894594229Dau5_JPEG/%C6%C4%BD%BA%C5%B8_041.jpg?type=w1
Img_037_0359.jpg,http://mblogthumb4.phinf.naver.net/20160331_291/dhdmsdo79_1459392664421tseaT_JPEG/IMG_3802.JPG?type=w2
Img_037_0363.jpg,http://cfile29.uf.tistory.com/image/2006EA134CB2A4C7212C14
Img_037_0364.jpg,http://gdimg.gmarket.co.kr/883484614/still/300
Img_037_0365.jpg,http://cfile6.uf.tistory.com/image/12643F104BF34241906C7D
Img_037_0366.jpg,http://postfiles4.naver.net/MjAxNzA0MjhfMjE3/MDAxNDkzMzczNjE0MDgy.Tn2RUt6r66riEE1-Q6HYqmImiQsMs7RW_NJ6axjLcLEg.k-Si6IM9YLu9hw7jn9wQNZyUS8ej720CbSip8Kj7Hpkg.JPEG.lemonjin7088/%EB%A3%A8%EC%8B%9C%EC%95%84%EA%B9%80%EC%B9%9825.JPG?type=w966
Img_037_0369.jpg,http://postfiles7.naver.net/20110503_214/abigail72_1304423473704O4zez_JPEG/%C5%A9%B1%E2%BA%AF%C8%AF_P1240506.JPG?type=w1
Img_037_0370.jpg,http://cfile4.uf.tistory.com/image/137259274A454A11362D78
Img_037_0372.jpg,https://lh3.googleusercontent.com/-D7EB0PgtawU/WPRS6bFV5uI/AAAAAAAAAEs/qHeDd6DJvAE/s1600/1492354272197.jpg
Img_037_0374.jpg,http://mblogthumb2.phinf.naver.net/20160517_9/ccobz_1463446002429667jS_JPEG/P1260542.JPG?type=w800
Img_037_0376.jpg,http://cfile28.uf.tistory.com/image/235C243B5315361B2E705B
Img_037_0377.jpg,http://cfile24.uf.tistory.com/image/2341993853CF2CA504360F
Img_037_0378.jpg,http://www.tbk-shop.com/data/goodsold/detail/6.jpg
Img_037_0385.jpg,http://2.bp.blogspot.com/-jXuRm147DNQ/U3UCuEes7UI/AAAAAAAAKkU/koU6ijmxAn8/s1600/cum.png
Img_037_0390.jpg,http://cfile26.uf.tistory.com/image/2636ED3757034CB307AD12
Img_037_0391.jpg,http://postfiles7.naver.net/20160526_22/lemonjin7088_1464260650112BcXzk_JPEG/%B7%E7%BD%C3%BE%C6%B1%E8%C4%A1_%BF%C0%C0%CC%BC%D2%B9%DA%C0%CC7.JPG?type=w966
Img_037_0394.jpg,http://image.auction.co.kr/itemimage/c8/39/10/c83910815.jpg
Img_037_0395.jpg,http://gdimg.gmarket.co.kr/906249459/still/600?ver=0
Img_037_0398.jpg,http://cfile235.uf.daum.net/R400x0/157120374FC58E85134615
Img_037_0400.jpg,https://i.ytimg.com/vi/ApQUENQbgiY/maxresdefault.jpg
Img_037_0412.jpg,http://postfiles13.naver.net/20150617_220/mesooo_1434528117386VEeUu_JPEG/%BF%C0%C0%CC%BC%D2%B9%DA%C0%CC25.jpg?type=w1
Img_037_0443.jpg,http://img.ezmember.co.kr/cache/board/2015/06/10/38d1d4452bbe2faf8265eb4a4199265e.jpg
Img_037_0463.jpg,http://img.ezmember.co.kr/cache/board/2014/06/09/b96137e408b92bf6e329517b02aabf13.jpg
Img_037_0464.jpg,http://img.ezmember.co.kr/cache/board/2014/06/09/51d99977935179fdad52f914a3b8af10.jpg
Img_037_0466.jpg,http://mblogthumb2.phinf.naver.net/MjAxNzA1MjdfOTcg/MDAxNDk1ODQyODMwMjQ4.XWpjUhxTLDeX8fzbgwCGe-yW-GLLu0lFzbHeyFY96bwg.v4NQHC8gRd-M6BCavhWF5BN9rkUocsy6jxgDAn07_h4g.JPEG.barasun/IMG_8850.JPG?type=w800
Img_037_0470.jpg,http://roundkitchen7.co.kr/web/upload/NNEditor/20150803/001.%EA%B9%80%EC%B9%98%EB%A5%98-%EC%98%A4%EC%9D%B4%EC%86%8C%EB%B0%95%EC%9D%B43_shop1_220236.jpg
Img_037_0496.jpg,http://blogthumb2.naver.net/20120915_208/king940_13476868127810tATl_JPEG/%BF%C0%C0%CC%BC%D2%B9%DA%C0%CC.jpg?type=w2
Img_037_0503.jpg,http://postfiles3.naver.net/20150604_178/ridiastory_1433362585127EYNPC_JPEG/003.JPG?type=w1
Img_037_0547.jpg,http://postfiles7.naver.net/MjAxNzA0MjZfOTkg/MDAxNDkzMTk2MTU0Mzk1.2cTN7h2caP1_HdSs1pYam7NA3JdOToBGN-EuSLwJkSQg.5EA-WIkoDTB_wpdbunGmcvQYdOxl5kKgO7OiB7zMd5kg.JPEG.saeragem/%EC%98%A4%EC%9D%B4%EC%86%8C%EB%B0%95%EC%9D%B410.jpg?type=w966
Img_037_0560.jpg,http://recipe.ezmember.co.kr/cache/recipe/2015/06/08/67160a9d47478553b9f6c7f8068391fc.jpg
Img_037_0568.jpg,http://cfile226.uf.daum.net/image/231E4D5055B753991A32D6
Img_037_0602.jpg,http://mblogthumb3.phinf.naver.net/MjAxNzA2MDdfMjgg/MDAxNDk2ODA2OTE0NTQ5.Vna1gZcWIZywXbC1vg3LD__F0TEutZdurYgwr3C61KUg.KWoP0_n25yx0eKDpEGRxZ-dwYcScjceTRnm-WVRGiuUg.JPEG.ykkim9500/image_8231275661496806897178.jpg?type=w800
Img_037_0606.jpg,http://img.ezmember.co.kr/cache/board/2013/11/01/1c173159a575b40ae6f9a291db236acc.jpg
Img_037_0617.jpg,http://mblogthumb1.phinf.naver.net/20140621_240/asy138873_14033028735819VW9J_JPEG/1403301288651.jpg?type=w2
Img_037_0640.jpg,http://img.ezday.co.kr/cache/board/2010/11/25/d3ff8f9a6e8646c0b14ce0e9ad93b452.jpg
Img_037_0644.jpg,http://postfiles4.naver.net/20150417_275/iam2320_1429278177972zfSHH_JPEG/1.JPG?type=w3
Img_037_0644.jpg,http://postfiles9.naver.net/20140508_8/skinzoayo_1399533605879f4xkL_JPEG/1.jpg?type=w1
Img_037_0679.jpg,http://recipe.ezmember.co.kr/cache/recipe/2015/06/22/8fee984e3f761b0072e0f707a638b83a1.jpg
Img_037_0682.jpg,http://cfile232.uf.daum.net/image/11755F314CD20D492C9117
Img_037_0701.jpg,http://postfiles15.naver.net/20150526_222/estheryoo5_1432609809947Xf9kb_JPEG/052615_0309_12.jpg?type=w2
Img_037_0704.jpg,http://www.0433777.net/wp-content/uploads/2016/10/35d30f9d5e18c9a1e3373142ae75b6471.jpg
Img_037_0738.jpg,http://postfiles15.naver.net/20101228_270/king940_1293545912418PC1z7_JPEG/DSC_6991.JPG?type=w2
Img_037_0746.jpg,http://postfiles4.naver.net/20130412_243/heeju001_1365748401967Xh99L_JPEG/IMG_9148.JPG?type=w1
Img_037_0764.jpg,http://blogthumb2.naver.net/20160406_129/pinkcand01_1459933293105WeK3d_JPEG/DSC_9334.JPG?type=w2
Img_037_0768.jpg,http://postfiles5.naver.net/20110419_180/kore2_1303209579493hSIN1_JPEG/IMG_2689_%BA%B9%BB%E7.jpg?type=w1
Img_037_0775.jpg,http://blogthumb2.naver.net/20160420_193/chaconne0407_1461162319504zsw7I_JPEG/%BF%C0%C0%CC%BC%D2%B9%DA%C0%CC_%C8%B2%B1%DD%B7%B9%BD%C3%C7%C7.JPG?type=w2
Img_037_0813.jpg,http://postfiles1.naver.net/20100813_272/chaihyoun_1281687415477aLJtH_JPEG/%BF%C0%C0%CC%BC%D2%B9%DA%C0%CC_11.JPG?type=w1
Img_037_0841.jpg,http://blogthumb2.naver.net/20120526_61/godqhr0048_1338032830192E35Q9_JPEG/%BF%E4%B8%AE_2693.jpg?type=w2
Img_037_0867.jpg,http://postfiles5.naver.net/20160602_228/mimi030630_1464846513839wgfeu_JPEG/IMG_05585.jpg?type=w2
Img_037_0873.jpg,http://postfiles9.naver.net/MjAxNzA5MDhfMjAz/MDAxNTA0ODc4OTE5Njc4.db77ZrA4WyVcUBrbyanvKyqJ1p7Ua6pnEa1iyprui24g.J5pVWnT43kngBCzy6pLt3HLiF2ppx6XdDSOl-Lr8vhcg.JPEG.lovelyheej/20170907_203654.jpg?type=w966
Img_037_0893.jpg,http://mblogthumb1.phinf.naver.net/MjAxNzA0MTJfMTA0/MDAxNDkxOTYxNjQ4OTUw.v7MSGQyPembDQZ5wckLpvhvNGSsSCPLlB-K_S4WweJ0g.6zxjSjFh0Sla5OIWj5VXvL20pPgYY5kY-llc6TR2fgsg.JPEG.valueyey/%EC%98%A4%EC%9D%B4%EC%86%8C%EB%B0%95%EC%9D%B4_%EB%8B%B4%EB%8A%94%EB%B0%A9%EB%B2%95.JPG?type=w800
Img_037_0913.jpg,http://postfiles9.naver.net/20160509_248/hobaragi201_1462780543815Wg6rp_JPEG/005.JPG?type=w2
Img_037_0928.jpg,http://recipe.ezmember.co.kr/cache/recipe/2016/06/18/9efc001d7a5565f6930ebf7c7b0420391.jpg
Img_037_0953.jpg,http://kimshii.com/wp-content/uploads/2013/08/recette-cor-C3-A9enne-oi-sobagi9-672x372.jpg
Img_037_0954.jpg,http://postfiles13.naver.net/20110517_76/aaej0521_1305594528809mBUvj_JPEG/rew1_3525.jpg?type=w2
Img_037_0955.jpg,http://postfiles3.naver.net/20110517_274/aaej0521_1305594410896O7OP3_JPEG/rew1_3527.jpg?type=w2
Img_037_0957.jpg,http://www.todayfoodmarket.co.kr/data/item/1476166680/thumb-11b_488x414.jpg
Img_037_0958.JPG,http://postfiles3.naver.net/20150604_178/ridiastory_1433362585127EYNPC_JPEG/003.JPG?type=w1
Img_037_0959.JPG,http://postfiles11.naver.net/20130702_90/chaihyoun_1372751327920fKBnu_JPEG/005.JPG?type=w1
Img_037_0960.JPG,http://postfiles7.naver.net/20150604_38/ridiastory_1433362585775wgncs_JPEG/006.JPG?type=w1
Img_037_0961.JPG,http://postfiles16.naver.net/20150604_95/ridiastory_1433362586321lRa1I_JPEG/008.JPG?type=w1
Img_037_0962.JPG,http://postfiles4.naver.net/20150604_259/ridiastory_1433362586564qjfwB_JPEG/009.JPG?type=w1
Img_037_0963.JPG,http://postfiles3.naver.net/20130702_242/chaihyoun_1372751329220GuQKb_JPEG/011.JPG?type=w1
Img_037_0964.jpg,http://postfiles11.naver.net/20130704_74/chaihyoun_1372922993012DpzvG_JPEG/012.jpg?type=w1
Img_037_0965.jpg,http://www.menupan.com/cook/cookimg/012900.jpg
Img_037_0966.jpg,http://postfiles14.naver.net/20130704_141/chaihyoun_1372921135087OObam_JPEG/013.jpg?type=w1
Img_037_0967.jpg,http://postfiles13.naver.net/20130704_124/chaihyoun_1372922943039zJjvC_JPEG/014.jpg?type=w1
Img_037_0968.JPG,http://postfiles11.naver.net/20150604_266/ridiastory_1433362584608uGSnt_JPEG/022.JPG?type=w1
Img_037_0969.JPG,http://postfiles2.naver.net/20150604_17/ridiastory_1433360510550lzTql_JPEG/023.JPG?type=w1
Img_037_0970.jpg,http://recipe.ezmember.co.kr/cache/recipe/2015/04/17/02417aa3053dd0dcc3e37790320896cc1.jpg
Img_037_0971.jpg,http://cfile30.uf.tistory.com/image/0245CF4851D4315C12AFC6
Img_037_0973.jpg,http://cfile236.uf.daum.net/image/0315994A518666301390B7
Img_037_0974.jpg,http://cfile231.uf.daum.net/image/0336234951866644078A9E
Img_037_0975.jpeg,http://park.org/Cdrom/Pavilions/Kimchi/035.jpeg
Img_037_0976.jpg,http://img.ezmember.co.kr/cache/board/2015/04/04/0830399616490fa19c94b47736667a85.jpg
Img_037_0977.jpg,http://recipe.ezmember.co.kr/cache/recipe/2015/06/10/0c8460bc09665b09c782cb64a9659edf1_m.jpg
Img_037_0978.jpg,http://recipe.ezmember.co.kr/cache/recipe/2017/04/06/0d644c1539f2865a337ee8b6270167a11.jpg
Img_037_0979.jpg,http://img.ezday.co.kr/cache/board/2010/11/25/0d6af088f83ba622d77f904ca3c0457f.jpg
Img_037_0980.jpg,http://recipe.ezmember.co.kr/cache/recipe/2016/06/11/0fa68bca23900869d0d37c04780eb2a91_m.jpg
Img_037_0982.JPG,http://postfiles4.naver.net/20150417_275/iam2320_1429278177972zfSHH_JPEG/1.JPG?type=w3
Img_037_0982.JPG,http://postfiles9.naver.net/20140508_8/skinzoayo_1399533605879f4xkL_JPEG/1.jpg?type=w1
Img_037_0983.jpg,http://image.auction.co.kr/itemimage/10/dc/53/10dc538f25.jpg
Img_037_0984.jpg,http://cfile203.uf.daum.net/image/1170FF3F502305072266D9
Img_037_0985.jpg,http://cfile232.uf.daum.net/image/11755F314CD20D492C9117
Img_037_0986.JPG,http://img.ezday.co.kr/cache/board/2009/09/06/11eec88242f1bab3ba47f462690885f8.JPG
Img_037_0987.jpg,http://cfile214.uf.daum.net/image/1208B63F5023050902B468
Img_037_0988.jpg,http://cfile202.uf.daum.net/image/1217F0454F98846E1ECB80
Img_037_0989.jpg,http://cfile30.uf.tistory.com/image/1220DD394DAAED412378B7
Img_037_0990.jpg,http://cfile222.uf.daum.net/image/1221230D4BE369E814DB52
Img_037_0991.jpg,https://scontent.cdninstagram.com/t51.2885-15/s640x640/sh0.08/e35/12748370_488269374709216_1106265817_n.jpg?ig_cache_key=MTE5NzY1MTQ3MjQxODM3MDA2Nw%3D%3D.2
Img_037_0993.jpg,http://cfile203.uf.daum.net/image/140AA2454F98847323AF58
Img_037_0995.jpg,http://recipe.ezmember.co.kr/cache/recipe/2015/11/12/1440a448e13af33622ac11949f3fe3c61_m.jpg
Img_037_0996.jpg,http://img.ezmember.co.kr/cache/board/2012/05/24/14549437694d1773f20715f67af35f42.jpg
Img_037_0997.jpg,http://cfile2.uf.tistory.com/image/1454A30E49D821F3617CB4
Img_037_0998.jpg,http://wkiss.wikim.re.kr/data/board/kind/150223110409_2886734975_Qx2XN8AO.jpg
Img_037_0999.jpg,http://cfile217.uf.daum.net/image/1521230D4BE369E817DCEB
